ISO-10303-21;
HEADER;
/* Generated by software containing ST-Developer
 * from STEP Tools, Inc. (www.steptools.com) 
 */

FILE_DESCRIPTION(
/* description */ (''),
/* implementation_level */ '2;1');

FILE_NAME(
/* name */ 'GoPro_Bottom.step',
/* time_stamp */ '2026-03-10T22:01:42-04:00',
/* author */ (''),
/* organization */ (''),
/* preprocessor_version */ 'ST-DEVELOPER v20.1',
/* originating_system */ 'Autodesk Translation Framework v14.21.0.0',
/* authorisation */ '');

FILE_SCHEMA (('AUTOMOTIVE_DESIGN { 1 0 10303 214 3 1 1 }'));
ENDSEC;

DATA;
#10=MECHANICAL_DESIGN_GEOMETRIC_PRESENTATION_REPRESENTATION('',(#13),#2708);
#11=SHAPE_REPRESENTATION_RELATIONSHIP('SRR','None',#2715,#12);
#12=ADVANCED_BREP_SHAPE_REPRESENTATION('',(#14),#2707);
#13=STYLED_ITEM('',(#2724),#14);
#14=MANIFOLD_SOLID_BREP('Body1',#1564);
#15=FACE_BOUND('',#520,.T.);
#16=FACE_BOUND('',#522,.T.);
#17=FACE_BOUND('',#526,.T.);
#18=FACE_BOUND('',#530,.T.);
#19=FACE_BOUND('',#540,.T.);
#20=FACE_BOUND('',#541,.T.);
#21=FACE_BOUND('',#543,.T.);
#22=FACE_BOUND('',#546,.T.);
#23=FACE_BOUND('',#549,.T.);
#24=FACE_BOUND('',#552,.T.);
#25=FACE_BOUND('',#571,.T.);
#26=FACE_BOUND('',#572,.T.);
#27=PLANE('',#1640);
#28=PLANE('',#1641);
#29=PLANE('',#1644);
#30=PLANE('',#1651);
#31=PLANE('',#1654);
#32=PLANE('',#1659);
#33=PLANE('',#1660);
#34=PLANE('',#1664);
#35=PLANE('',#1665);
#36=PLANE('',#1669);
#37=PLANE('',#1670);
#38=PLANE('',#1671);
#39=PLANE('',#1672);
#40=PLANE('',#1673);
#41=PLANE('',#1674);
#42=PLANE('',#1675);
#43=PLANE('',#1678);
#44=PLANE('',#1681);
#45=PLANE('',#1685);
#46=PLANE('',#1689);
#47=PLANE('',#1692);
#48=PLANE('',#1693);
#49=PLANE('',#1694);
#50=PLANE('',#1695);
#51=PLANE('',#1696);
#52=PLANE('',#1697);
#53=PLANE('',#1698);
#54=PLANE('',#1699);
#55=PLANE('',#1700);
#56=PLANE('',#1701);
#57=PLANE('',#1702);
#58=PLANE('',#1703);
#59=PLANE('',#1704);
#60=PLANE('',#1705);
#61=PLANE('',#1706);
#62=PLANE('',#1707);
#63=PLANE('',#1708);
#64=PLANE('',#1709);
#65=PLANE('',#1710);
#66=PLANE('',#1711);
#67=PLANE('',#1712);
#68=PLANE('',#1713);
#69=PLANE('',#1714);
#70=PLANE('',#1715);
#71=PLANE('',#1716);
#72=PLANE('',#1717);
#73=PLANE('',#1718);
#74=PLANE('',#1719);
#75=PLANE('',#1720);
#76=(
BOUNDED_SURFACE()
B_SPLINE_SURFACE(2,2,((#2308,#2309,#2310),(#2311,#2312,#2313),(#2314,#2315,
#2316)),.UNSPECIFIED.,.F.,.F.,.F.)
B_SPLINE_SURFACE_WITH_KNOTS((3,3),(3,3),(0.,1.5707963267949),(0.,1.5707963267949),
 .UNSPECIFIED.)
GEOMETRIC_REPRESENTATION_ITEM()
RATIONAL_B_SPLINE_SURFACE(((1.,0.707106781186548,1.),(0.707106781186545,
0.499999999999998,0.707106781186545),(1.,0.707106781186548,1.)))
REPRESENTATION_ITEM('')
SURFACE()
);
#77=(
BOUNDED_SURFACE()
B_SPLINE_SURFACE(2,2,((#2322,#2323,#2324),(#2325,#2326,#2327),(#2328,#2329,
#2330)),.UNSPECIFIED.,.F.,.F.,.F.)
B_SPLINE_SURFACE_WITH_KNOTS((3,3),(3,3),(0.,1.5707963267949),(-1.5707963267949,
0.),.UNSPECIFIED.)
GEOMETRIC_REPRESENTATION_ITEM()
RATIONAL_B_SPLINE_SURFACE(((1.,0.707106781186548,1.),(0.707106781186542,
0.499999999999996,0.707106781186542),(1.,0.707106781186548,1.)))
REPRESENTATION_ITEM('')
SURFACE()
);
#78=(
BOUNDED_SURFACE()
B_SPLINE_SURFACE(2,2,((#2339,#2340,#2341),(#2342,#2343,#2344),(#2345,#2346,
#2347)),.UNSPECIFIED.,.F.,.F.,.F.)
B_SPLINE_SURFACE_WITH_KNOTS((3,3),(3,3),(0.,1.5707963267949),(-3.14159265358979,
-1.5707963267949),.UNSPECIFIED.)
GEOMETRIC_REPRESENTATION_ITEM()
RATIONAL_B_SPLINE_SURFACE(((1.,0.707106781186548,1.),(0.707106781186545,
0.499999999999998,0.707106781186545),(1.,0.707106781186548,1.)))
REPRESENTATION_ITEM('')
SURFACE()
);
#79=(
BOUNDED_SURFACE()
B_SPLINE_SURFACE(2,2,((#2353,#2354,#2355),(#2356,#2357,#2358),(#2359,#2360,
#2361)),.UNSPECIFIED.,.F.,.F.,.F.)
B_SPLINE_SURFACE_WITH_KNOTS((3,3),(3,3),(-1.5707963267949,0.),(0.,1.5707963267949),
 .UNSPECIFIED.)
GEOMETRIC_REPRESENTATION_ITEM()
RATIONAL_B_SPLINE_SURFACE(((1.,0.707106781186548,1.),(0.707106781186545,
0.499999999999998,0.707106781186545),(1.,0.707106781186548,1.)))
REPRESENTATION_ITEM('')
SURFACE()
);
#80=LINE('',#2192,#235);
#81=LINE('',#2213,#236);
#82=LINE('',#2217,#237);
#83=LINE('',#2220,#238);
#84=LINE('',#2223,#239);
#85=LINE('',#2252,#240);
#86=LINE('',#2256,#241);
#87=LINE('',#2259,#242);
#88=LINE('',#2262,#243);
#89=LINE('',#2266,#244);
#90=LINE('',#2267,#245);
#91=LINE('',#2296,#246);
#92=LINE('',#2300,#247);
#93=LINE('',#2303,#248);
#94=LINE('',#2306,#249);
#95=LINE('',#2337,#250);
#96=LINE('',#2338,#251);
#97=LINE('',#2371,#252);
#98=LINE('',#2372,#253);
#99=LINE('',#2374,#254);
#100=LINE('',#2375,#255);
#101=LINE('',#2380,#256);
#102=LINE('',#2381,#257);
#103=LINE('',#2386,#258);
#104=LINE('',#2387,#259);
#105=LINE('',#2392,#260);
#106=LINE('',#2393,#261);
#107=LINE('',#2405,#262);
#108=LINE('',#2406,#263);
#109=LINE('',#2409,#264);
#110=LINE('',#2411,#265);
#111=LINE('',#2413,#266);
#112=LINE('',#2415,#267);
#113=LINE('',#2416,#268);
#114=LINE('',#2419,#269);
#115=LINE('',#2423,#270);
#116=LINE('',#2425,#271);
#117=LINE('',#2427,#272);
#118=LINE('',#2429,#273);
#119=LINE('',#2431,#274);
#120=LINE('',#2433,#275);
#121=LINE('',#2434,#276);
#122=LINE('',#2439,#277);
#123=LINE('',#2445,#278);
#124=LINE('',#2451,#279);
#125=LINE('',#2454,#280);
#126=LINE('',#2459,#281);
#127=LINE('',#2462,#282);
#128=LINE('',#2466,#283);
#129=LINE('',#2469,#284);
#130=LINE('',#2470,#285);
#131=LINE('',#2473,#286);
#132=LINE('',#2478,#287);
#133=LINE('',#2481,#288);
#134=LINE('',#2482,#289);
#135=LINE('',#2486,#290);
#136=LINE('',#2488,#291);
#137=LINE('',#2490,#292);
#138=LINE('',#2492,#293);
#139=LINE('',#2495,#294);
#140=LINE('',#2497,#295);
#141=LINE('',#2498,#296);
#142=LINE('',#2501,#297);
#143=LINE('',#2503,#298);
#144=LINE('',#2504,#299);
#145=LINE('',#2506,#300);
#146=LINE('',#2509,#301);
#147=LINE('',#2511,#302);
#148=LINE('',#2513,#303);
#149=LINE('',#2515,#304);
#150=LINE('',#2517,#305);
#151=LINE('',#2519,#306);
#152=LINE('',#2520,#307);
#153=LINE('',#2523,#308);
#154=LINE('',#2525,#309);
#155=LINE('',#2527,#310);
#156=LINE('',#2529,#311);
#157=LINE('',#2531,#312);
#158=LINE('',#2533,#313);
#159=LINE('',#2535,#314);
#160=LINE('',#2537,#315);
#161=LINE('',#2539,#316);
#162=LINE('',#2540,#317);
#163=LINE('',#2541,#318);
#164=LINE('',#2550,#319);
#165=LINE('',#2556,#320);
#166=LINE('',#2563,#321);
#167=LINE('',#2569,#322);
#168=LINE('',#2573,#323);
#169=LINE('',#2575,#324);
#170=LINE('',#2577,#325);
#171=LINE('',#2578,#326);
#172=LINE('',#2581,#327);
#173=LINE('',#2583,#328);
#174=LINE('',#2585,#329);
#175=LINE('',#2587,#330);
#176=LINE('',#2589,#331);
#177=LINE('',#2591,#332);
#178=LINE('',#2593,#333);
#179=LINE('',#2595,#334);
#180=LINE('',#2597,#335);
#181=LINE('',#2599,#336);
#182=LINE('',#2601,#337);
#183=LINE('',#2603,#338);
#184=LINE('',#2605,#339);
#185=LINE('',#2607,#340);
#186=LINE('',#2608,#341);
#187=LINE('',#2611,#342);
#188=LINE('',#2613,#343);
#189=LINE('',#2614,#344);
#190=LINE('',#2617,#345);
#191=LINE('',#2618,#346);
#192=LINE('',#2621,#347);
#193=LINE('',#2622,#348);
#194=LINE('',#2624,#349);
#195=LINE('',#2627,#350);
#196=LINE('',#2629,#351);
#197=LINE('',#2630,#352);
#198=LINE('',#2633,#353);
#199=LINE('',#2635,#354);
#200=LINE('',#2636,#355);
#201=LINE('',#2639,#356);
#202=LINE('',#2641,#357);
#203=LINE('',#2642,#358);
#204=LINE('',#2644,#359);
#205=LINE('',#2646,#360);
#206=LINE('',#2650,#361);
#207=LINE('',#2651,#362);
#208=LINE('',#2652,#363);
#209=LINE('',#2654,#364);
#210=LINE('',#2656,#365);
#211=LINE('',#2657,#366);
#212=LINE('',#2659,#367);
#213=LINE('',#2661,#368);
#214=LINE('',#2664,#369);
#215=LINE('',#2665,#370);
#216=LINE('',#2666,#371);
#217=LINE('',#2669,#372);
#218=LINE('',#2671,#373);
#219=LINE('',#2673,#374);
#220=LINE('',#2675,#375);
#221=LINE('',#2676,#376);
#222=LINE('',#2680,#377);
#223=LINE('',#2681,#378);
#224=LINE('',#2682,#379);
#225=LINE('',#2685,#380);
#226=LINE('',#2686,#381);
#227=LINE('',#2689,#382);
#228=LINE('',#2690,#383);
#229=LINE('',#2692,#384);
#230=LINE('',#2694,#385);
#231=LINE('',#2696,#386);
#232=LINE('',#2697,#387);
#233=LINE('',#2699,#388);
#234=LINE('',#2700,#389);
#235=VECTOR('',#1737,10.);
#236=VECTOR('',#1738,10.);
#237=VECTOR('',#1741,10.);
#238=VECTOR('',#1744,10.);
#239=VECTOR('',#1747,2.2);
#240=VECTOR('',#1764,10.);
#241=VECTOR('',#1767,10.);
#242=VECTOR('',#1770,10.);
#243=VECTOR('',#1773,2.2);
#244=VECTOR('',#1776,10.);
#245=VECTOR('',#1777,10.);
#246=VECTOR('',#1794,10.);
#247=VECTOR('',#1797,10.);
#248=VECTOR('',#1800,10.);
#249=VECTOR('',#1803,2.2);
#250=VECTOR('',#1820,10.);
#251=VECTOR('',#1821,10.);
#252=VECTOR('',#1838,10.);
#253=VECTOR('',#1839,10.);
#254=VECTOR('',#1842,10.);
#255=VECTOR('',#1843,10.);
#256=VECTOR('',#1848,10.);
#257=VECTOR('',#1849,10.);
#258=VECTOR('',#1854,10.);
#259=VECTOR('',#1855,10.);
#260=VECTOR('',#1860,10.);
#261=VECTOR('',#1861,10.);
#262=VECTOR('',#1876,10.);
#263=VECTOR('',#1877,10.);
#264=VECTOR('',#1880,10.);
#265=VECTOR('',#1881,10.);
#266=VECTOR('',#1882,10.);
#267=VECTOR('',#1883,10.);
#268=VECTOR('',#1884,10.);
#269=VECTOR('',#1887,2.2);
#270=VECTOR('',#1892,10.);
#271=VECTOR('',#1893,10.);
#272=VECTOR('',#1894,10.);
#273=VECTOR('',#1895,10.);
#274=VECTOR('',#1896,10.);
#275=VECTOR('',#1897,10.);
#276=VECTOR('',#1898,10.);
#277=VECTOR('',#1903,2.65);
#278=VECTOR('',#1910,2.65);
#279=VECTOR('',#1917,10.);
#280=VECTOR('',#1920,10.);
#281=VECTOR('',#1925,10.);
#282=VECTOR('',#1928,10.);
#283=VECTOR('',#1933,10.);
#284=VECTOR('',#1936,10.);
#285=VECTOR('',#1937,8.);
#286=VECTOR('',#1940,10.);
#287=VECTOR('',#1947,10.);
#288=VECTOR('',#1950,10.);
#289=VECTOR('',#1951,8.);
#290=VECTOR('',#1958,10.);
#291=VECTOR('',#1961,10.);
#292=VECTOR('',#1964,10.);
#293=VECTOR('',#1967,10.);
#294=VECTOR('',#1970,10.);
#295=VECTOR('',#1971,10.);
#296=VECTOR('',#1972,10.);
#297=VECTOR('',#1975,10.);
#298=VECTOR('',#1976,10.);
#299=VECTOR('',#1977,10.);
#300=VECTOR('',#1980,10.);
#301=VECTOR('',#1983,10.);
#302=VECTOR('',#1984,10.);
#303=VECTOR('',#1985,10.);
#304=VECTOR('',#1986,10.);
#305=VECTOR('',#1987,10.);
#306=VECTOR('',#1988,10.);
#307=VECTOR('',#1989,10.);
#308=VECTOR('',#1992,10.);
#309=VECTOR('',#1993,10.);
#310=VECTOR('',#1994,10.);
#311=VECTOR('',#1995,10.);
#312=VECTOR('',#1996,10.);
#313=VECTOR('',#1997,10.);
#314=VECTOR('',#1998,10.);
#315=VECTOR('',#1999,10.);
#316=VECTOR('',#2000,10.);
#317=VECTOR('',#2001,10.);
#318=VECTOR('',#2002,10.);
#319=VECTOR('',#2013,1.2);
#320=VECTOR('',#2020,1.2);
#321=VECTOR('',#2029,1.2);
#322=VECTOR('',#2038,1.2);
#323=VECTOR('',#2041,10.);
#324=VECTOR('',#2042,10.);
#325=VECTOR('',#2043,10.);
#326=VECTOR('',#2044,10.);
#327=VECTOR('',#2047,10.);
#328=VECTOR('',#2048,10.);
#329=VECTOR('',#2049,10.);
#330=VECTOR('',#2050,10.);
#331=VECTOR('',#2051,10.);
#332=VECTOR('',#2052,10.);
#333=VECTOR('',#2053,10.);
#334=VECTOR('',#2054,10.);
#335=VECTOR('',#2055,10.);
#336=VECTOR('',#2056,10.);
#337=VECTOR('',#2057,10.);
#338=VECTOR('',#2058,10.);
#339=VECTOR('',#2059,10.);
#340=VECTOR('',#2060,10.);
#341=VECTOR('',#2061,10.);
#342=VECTOR('',#2064,10.);
#343=VECTOR('',#2065,10.);
#344=VECTOR('',#2066,10.);
#345=VECTOR('',#2069,10.);
#346=VECTOR('',#2070,10.);
#347=VECTOR('',#2073,10.);
#348=VECTOR('',#2074,10.);
#349=VECTOR('',#2077,10.);
#350=VECTOR('',#2080,10.);
#351=VECTOR('',#2081,10.);
#352=VECTOR('',#2082,10.);
#353=VECTOR('',#2085,10.);
#354=VECTOR('',#2086,10.);
#355=VECTOR('',#2087,10.);
#356=VECTOR('',#2090,10.);
#357=VECTOR('',#2091,10.);
#358=VECTOR('',#2092,10.);
#359=VECTOR('',#2095,10.);
#360=VECTOR('',#2098,10.);
#361=VECTOR('',#2101,10.);
#362=VECTOR('',#2102,10.);
#363=VECTOR('',#2103,10.);
#364=VECTOR('',#2106,10.);
#365=VECTOR('',#2109,10.);
#366=VECTOR('',#2110,10.);
#367=VECTOR('',#2113,10.);
#368=VECTOR('',#2116,10.);
#369=VECTOR('',#2119,10.);
#370=VECTOR('',#2120,10.);
#371=VECTOR('',#2121,10.);
#372=VECTOR('',#2124,10.);
#373=VECTOR('',#2125,10.);
#374=VECTOR('',#2126,10.);
#375=VECTOR('',#2127,10.);
#376=VECTOR('',#2128,10.);
#377=VECTOR('',#2131,10.);
#378=VECTOR('',#2132,10.);
#379=VECTOR('',#2133,10.);
#380=VECTOR('',#2136,10.);
#381=VECTOR('',#2137,10.);
#382=VECTOR('',#2140,10.);
#383=VECTOR('',#2141,10.);
#384=VECTOR('',#2144,10.);
#385=VECTOR('',#2147,10.);
#386=VECTOR('',#2150,10.);
#387=VECTOR('',#2151,10.);
#388=VECTOR('',#2154,10.);
#389=VECTOR('',#2155,10.);
#390=CYLINDRICAL_SURFACE('',#1584,1.);
#391=CYLINDRICAL_SURFACE('',#1587,2.2);
#392=CYLINDRICAL_SURFACE('',#1595,1.);
#393=CYLINDRICAL_SURFACE('',#1598,2.2);
#394=CYLINDRICAL_SURFACE('',#1607,1.);
#395=CYLINDRICAL_SURFACE('',#1610,2.2);
#396=CYLINDRICAL_SURFACE('',#1618,1.);
#397=CYLINDRICAL_SURFACE('',#1625,1.5);
#398=CYLINDRICAL_SURFACE('',#1627,1.);
#399=CYLINDRICAL_SURFACE('',#1628,1.5);
#400=CYLINDRICAL_SURFACE('',#1630,1.5);
#401=CYLINDRICAL_SURFACE('',#1632,1.5);
#402=CYLINDRICAL_SURFACE('',#1642,2.2);
#403=CYLINDRICAL_SURFACE('',#1645,2.65);
#404=CYLINDRICAL_SURFACE('',#1648,2.65);
#405=CYLINDRICAL_SURFACE('',#1657,8.);
#406=CYLINDRICAL_SURFACE('',#1662,8.);
#407=CYLINDRICAL_SURFACE('',#1667,8.);
#408=CYLINDRICAL_SURFACE('',#1668,8.);
#409=CYLINDRICAL_SURFACE('',#1680,1.2);
#410=CYLINDRICAL_SURFACE('',#1683,1.2);
#411=CYLINDRICAL_SURFACE('',#1687,1.2);
#412=CYLINDRICAL_SURFACE('',#1691,1.2);
#413=FACE_OUTER_BOUND('',#493,.T.);
#414=FACE_OUTER_BOUND('',#494,.T.);
#415=FACE_OUTER_BOUND('',#495,.T.);
#416=FACE_OUTER_BOUND('',#496,.T.);
#417=FACE_OUTER_BOUND('',#497,.T.);
#418=FACE_OUTER_BOUND('',#498,.T.);
#419=FACE_OUTER_BOUND('',#499,.T.);
#420=FACE_OUTER_BOUND('',#500,.T.);
#421=FACE_OUTER_BOUND('',#501,.T.);
#422=FACE_OUTER_BOUND('',#502,.T.);
#423=FACE_OUTER_BOUND('',#503,.T.);
#424=FACE_OUTER_BOUND('',#504,.T.);
#425=FACE_OUTER_BOUND('',#505,.T.);
#426=FACE_OUTER_BOUND('',#506,.T.);
#427=FACE_OUTER_BOUND('',#507,.T.);
#428=FACE_OUTER_BOUND('',#508,.T.);
#429=FACE_OUTER_BOUND('',#509,.T.);
#430=FACE_OUTER_BOUND('',#510,.T.);
#431=FACE_OUTER_BOUND('',#511,.T.);
#432=FACE_OUTER_BOUND('',#512,.T.);
#433=FACE_OUTER_BOUND('',#513,.T.);
#434=FACE_OUTER_BOUND('',#514,.T.);
#435=FACE_OUTER_BOUND('',#515,.T.);
#436=FACE_OUTER_BOUND('',#516,.T.);
#437=FACE_OUTER_BOUND('',#517,.T.);
#438=FACE_OUTER_BOUND('',#518,.T.);
#439=FACE_OUTER_BOUND('',#519,.T.);
#440=FACE_OUTER_BOUND('',#521,.T.);
#441=FACE_OUTER_BOUND('',#523,.T.);
#442=FACE_OUTER_BOUND('',#524,.T.);
#443=FACE_OUTER_BOUND('',#525,.T.);
#444=FACE_OUTER_BOUND('',#527,.T.);
#445=FACE_OUTER_BOUND('',#528,.T.);
#446=FACE_OUTER_BOUND('',#529,.T.);
#447=FACE_OUTER_BOUND('',#531,.T.);
#448=FACE_OUTER_BOUND('',#532,.T.);
#449=FACE_OUTER_BOUND('',#533,.T.);
#450=FACE_OUTER_BOUND('',#534,.T.);
#451=FACE_OUTER_BOUND('',#535,.T.);
#452=FACE_OUTER_BOUND('',#536,.T.);
#453=FACE_OUTER_BOUND('',#537,.T.);
#454=FACE_OUTER_BOUND('',#538,.T.);
#455=FACE_OUTER_BOUND('',#539,.T.);
#456=FACE_OUTER_BOUND('',#542,.T.);
#457=FACE_OUTER_BOUND('',#544,.T.);
#458=FACE_OUTER_BOUND('',#545,.T.);
#459=FACE_OUTER_BOUND('',#547,.T.);
#460=FACE_OUTER_BOUND('',#548,.T.);
#461=FACE_OUTER_BOUND('',#550,.T.);
#462=FACE_OUTER_BOUND('',#551,.T.);
#463=FACE_OUTER_BOUND('',#553,.T.);
#464=FACE_OUTER_BOUND('',#554,.T.);
#465=FACE_OUTER_BOUND('',#555,.T.);
#466=FACE_OUTER_BOUND('',#556,.T.);
#467=FACE_OUTER_BOUND('',#557,.T.);
#468=FACE_OUTER_BOUND('',#558,.T.);
#469=FACE_OUTER_BOUND('',#559,.T.);
#470=FACE_OUTER_BOUND('',#560,.T.);
#471=FACE_OUTER_BOUND('',#561,.T.);
#472=FACE_OUTER_BOUND('',#562,.T.);
#473=FACE_OUTER_BOUND('',#563,.T.);
#474=FACE_OUTER_BOUND('',#564,.T.);
#475=FACE_OUTER_BOUND('',#565,.T.);
#476=FACE_OUTER_BOUND('',#566,.T.);
#477=FACE_OUTER_BOUND('',#567,.T.);
#478=FACE_OUTER_BOUND('',#568,.T.);
#479=FACE_OUTER_BOUND('',#569,.T.);
#480=FACE_OUTER_BOUND('',#570,.T.);
#481=FACE_OUTER_BOUND('',#573,.T.);
#482=FACE_OUTER_BOUND('',#574,.T.);
#483=FACE_OUTER_BOUND('',#575,.T.);
#484=FACE_OUTER_BOUND('',#576,.T.);
#485=FACE_OUTER_BOUND('',#577,.T.);
#486=FACE_OUTER_BOUND('',#578,.T.);
#487=FACE_OUTER_BOUND('',#579,.T.);
#488=FACE_OUTER_BOUND('',#580,.T.);
#489=FACE_OUTER_BOUND('',#581,.T.);
#490=FACE_OUTER_BOUND('',#582,.T.);
#491=FACE_OUTER_BOUND('',#583,.T.);
#492=FACE_OUTER_BOUND('',#584,.T.);
#493=EDGE_LOOP('',(#1028,#1029,#1030,#1031,#1032,#1033,#1034));
#494=EDGE_LOOP('',(#1035,#1036,#1037,#1038,#1039,#1040,#1041,#1042));
#495=EDGE_LOOP('',(#1043,#1044,#1045,#1046,#1047));
#496=EDGE_LOOP('',(#1048,#1049,#1050,#1051,#1052,#1053,#1054));
#497=EDGE_LOOP('',(#1055,#1056,#1057,#1058,#1059,#1060));
#498=EDGE_LOOP('',(#1061,#1062,#1063,#1064,#1065,#1066,#1067,#1068));
#499=EDGE_LOOP('',(#1069,#1070,#1071,#1072,#1073,#1074,#1075));
#500=EDGE_LOOP('',(#1076,#1077,#1078,#1079,#1080,#1081));
#501=EDGE_LOOP('',(#1082,#1083,#1084,#1085,#1086));
#502=EDGE_LOOP('',(#1087,#1088,#1089,#1090));
#503=EDGE_LOOP('',(#1091,#1092,#1093,#1094));
#504=EDGE_LOOP('',(#1095,#1096,#1097,#1098));
#505=EDGE_LOOP('',(#1099,#1100,#1101,#1102));
#506=EDGE_LOOP('',(#1103,#1104,#1105,#1106));
#507=EDGE_LOOP('',(#1107,#1108,#1109,#1110));
#508=EDGE_LOOP('',(#1111,#1112,#1113,#1114));
#509=EDGE_LOOP('',(#1115,#1116,#1117,#1118));
#510=EDGE_LOOP('',(#1119,#1120,#1121,#1122));
#511=EDGE_LOOP('',(#1123,#1124,#1125,#1126));
#512=EDGE_LOOP('',(#1127,#1128,#1129,#1130,#1131,#1132,#1133));
#513=EDGE_LOOP('',(#1134,#1135,#1136,#1137));
#514=EDGE_LOOP('',(#1138,#1139,#1140,#1141,#1142,#1143,#1144,#1145));
#515=EDGE_LOOP('',(#1146,#1147,#1148,#1149,#1150));
#516=EDGE_LOOP('',(#1151,#1152,#1153,#1154,#1155,#1156,#1157,#1158,#1159,
#1160,#1161,#1162,#1163,#1164,#1165,#1166,#1167,#1168,#1169,#1170,#1171,
#1172,#1173,#1174,#1175,#1176,#1177,#1178));
#517=EDGE_LOOP('',(#1179,#1180,#1181,#1182));
#518=EDGE_LOOP('',(#1183,#1184,#1185,#1186));
#519=EDGE_LOOP('',(#1187,#1188,#1189,#1190,#1191,#1192));
#520=EDGE_LOOP('',(#1193));
#521=EDGE_LOOP('',(#1194,#1195,#1196,#1197,#1198));
#522=EDGE_LOOP('',(#1199));
#523=EDGE_LOOP('',(#1200,#1201,#1202,#1203));
#524=EDGE_LOOP('',(#1204,#1205,#1206,#1207));
#525=EDGE_LOOP('',(#1208,#1209,#1210,#1211,#1212));
#526=EDGE_LOOP('',(#1213));
#527=EDGE_LOOP('',(#1214,#1215,#1216,#1217));
#528=EDGE_LOOP('',(#1218,#1219,#1220,#1221));
#529=EDGE_LOOP('',(#1222,#1223,#1224,#1225,#1226,#1227));
#530=EDGE_LOOP('',(#1228));
#531=EDGE_LOOP('',(#1229,#1230,#1231,#1232));
#532=EDGE_LOOP('',(#1233,#1234,#1235,#1236));
#533=EDGE_LOOP('',(#1237,#1238,#1239,#1240));
#534=EDGE_LOOP('',(#1241,#1242,#1243,#1244));
#535=EDGE_LOOP('',(#1245,#1246,#1247,#1248));
#536=EDGE_LOOP('',(#1249,#1250,#1251,#1252));
#537=EDGE_LOOP('',(#1253,#1254,#1255,#1256));
#538=EDGE_LOOP('',(#1257,#1258,#1259,#1260,#1261,#1262,#1263,#1264,#1265,
#1266));
#539=EDGE_LOOP('',(#1267,#1268,#1269,#1270,#1271,#1272,#1273,#1274,#1275,
#1276,#1277,#1278,#1279,#1280,#1281,#1282));
#540=EDGE_LOOP('',(#1283));
#541=EDGE_LOOP('',(#1284));
#542=EDGE_LOOP('',(#1285));
#543=EDGE_LOOP('',(#1286));
#544=EDGE_LOOP('',(#1287,#1288,#1289,#1290));
#545=EDGE_LOOP('',(#1291));
#546=EDGE_LOOP('',(#1292));
#547=EDGE_LOOP('',(#1293,#1294,#1295,#1296));
#548=EDGE_LOOP('',(#1297,#1298));
#549=EDGE_LOOP('',(#1299));
#550=EDGE_LOOP('',(#1300,#1301,#1302,#1303));
#551=EDGE_LOOP('',(#1304));
#552=EDGE_LOOP('',(#1305));
#553=EDGE_LOOP('',(#1306,#1307,#1308,#1309));
#554=EDGE_LOOP('',(#1310,#1311,#1312,#1313));
#555=EDGE_LOOP('',(#1314,#1315,#1316,#1317,#1318,#1319,#1320,#1321,#1322,
#1323,#1324,#1325,#1326,#1327,#1328,#1329));
#556=EDGE_LOOP('',(#1330,#1331,#1332,#1333));
#557=EDGE_LOOP('',(#1334,#1335,#1336,#1337));
#558=EDGE_LOOP('',(#1338,#1339,#1340,#1341));
#559=EDGE_LOOP('',(#1342,#1343,#1344,#1345));
#560=EDGE_LOOP('',(#1346,#1347,#1348,#1349,#1350,#1351,#1352,#1353,#1354));
#561=EDGE_LOOP('',(#1355,#1356,#1357,#1358));
#562=EDGE_LOOP('',(#1359,#1360,#1361,#1362));
#563=EDGE_LOOP('',(#1363,#1364,#1365,#1366));
#564=EDGE_LOOP('',(#1367,#1368,#1369,#1370));
#565=EDGE_LOOP('',(#1371,#1372,#1373,#1374));
#566=EDGE_LOOP('',(#1375,#1376,#1377,#1378));
#567=EDGE_LOOP('',(#1379,#1380,#1381,#1382,#1383,#1384,#1385,#1386,#1387));
#568=EDGE_LOOP('',(#1388,#1389,#1390,#1391));
#569=EDGE_LOOP('',(#1392,#1393,#1394,#1395));
#570=EDGE_LOOP('',(#1396,#1397,#1398,#1399,#1400,#1401,#1402,#1403,#1404,
#1405,#1406,#1407,#1408,#1409,#1410,#1411));
#571=EDGE_LOOP('',(#1412));
#572=EDGE_LOOP('',(#1413));
#573=EDGE_LOOP('',(#1414,#1415,#1416,#1417,#1418,#1419,#1420,#1421,#1422,
#1423));
#574=EDGE_LOOP('',(#1424,#1425,#1426,#1427));
#575=EDGE_LOOP('',(#1428,#1429,#1430,#1431));
#576=EDGE_LOOP('',(#1432,#1433,#1434,#1435));
#577=EDGE_LOOP('',(#1436,#1437,#1438,#1439));
#578=EDGE_LOOP('',(#1440,#1441,#1442,#1443));
#579=EDGE_LOOP('',(#1444,#1445,#1446,#1447));
#580=EDGE_LOOP('',(#1448,#1449,#1450,#1451,#1452));
#581=EDGE_LOOP('',(#1453,#1454,#1455,#1456,#1457,#1458,#1459));
#582=EDGE_LOOP('',(#1460,#1461,#1462,#1463,#1464,#1465,#1466,#1467));
#583=EDGE_LOOP('',(#1468,#1469,#1470,#1471,#1472,#1473,#1474,#1475));
#584=EDGE_LOOP('',(#1476,#1477,#1478,#1479));
#585=CIRCLE('',#1579,3.2);
#586=CIRCLE('',#1580,1.);
#587=CIRCLE('',#1581,2.2);
#588=CIRCLE('',#1582,2.2);
#589=CIRCLE('',#1583,3.2);
#590=CIRCLE('',#1585,1.);
#591=CIRCLE('',#1586,1.);
#592=CIRCLE('',#1588,2.2);
#593=CIRCLE('',#1590,3.2);
#594=CIRCLE('',#1591,1.);
#595=CIRCLE('',#1592,2.2);
#596=CIRCLE('',#1593,2.2);
#597=CIRCLE('',#1594,3.2);
#598=CIRCLE('',#1596,1.);
#599=CIRCLE('',#1597,1.);
#600=CIRCLE('',#1599,2.2);
#601=CIRCLE('',#1600,2.2);
#602=CIRCLE('',#1602,3.2);
#603=CIRCLE('',#1603,1.);
#604=CIRCLE('',#1604,2.2);
#605=CIRCLE('',#1605,2.2);
#606=CIRCLE('',#1606,3.2);
#607=CIRCLE('',#1608,1.);
#608=CIRCLE('',#1609,1.);
#609=CIRCLE('',#1611,2.2);
#610=CIRCLE('',#1612,1.5);
#611=CIRCLE('',#1613,0.499999999999998);
#612=CIRCLE('',#1614,1.);
#613=CIRCLE('',#1615,1.5);
#614=CIRCLE('',#1616,1.);
#615=CIRCLE('',#1617,0.500000000000003);
#616=CIRCLE('',#1619,1.5);
#617=CIRCLE('',#1620,0.499999999999998);
#618=CIRCLE('',#1621,1.);
#619=CIRCLE('',#1622,0.500000000000003);
#620=CIRCLE('',#1623,1.5);
#621=CIRCLE('',#1624,1.);
#622=CIRCLE('',#1626,1.5);
#623=CIRCLE('',#1629,1.5);
#624=CIRCLE('',#1631,1.5);
#625=CIRCLE('',#1633,1.5);
#626=CIRCLE('',#1635,3.2);
#627=CIRCLE('',#1636,1.);
#628=CIRCLE('',#1637,2.2);
#629=CIRCLE('',#1638,2.2);
#630=CIRCLE('',#1639,3.2);
#631=CIRCLE('',#1643,2.2);
#632=CIRCLE('',#1646,2.65);
#633=CIRCLE('',#1647,2.65);
#634=CIRCLE('',#1649,2.65);
#635=CIRCLE('',#1650,2.65);
#636=CIRCLE('',#1652,8.);
#637=CIRCLE('',#1653,8.);
#638=CIRCLE('',#1655,8.);
#639=CIRCLE('',#1656,8.);
#640=CIRCLE('',#1658,8.);
#641=CIRCLE('',#1661,8.);
#642=CIRCLE('',#1663,8.);
#643=CIRCLE('',#1666,8.);
#644=CIRCLE('',#1676,1.2);
#645=CIRCLE('',#1677,1.2);
#646=CIRCLE('',#1679,1.2);
#647=CIRCLE('',#1682,1.2);
#648=CIRCLE('',#1684,1.2);
#649=CIRCLE('',#1686,1.2);
#650=CIRCLE('',#1688,1.2);
#651=CIRCLE('',#1690,1.2);
#652=B_SPLINE_CURVE_WITH_KNOTS('',3,(#2168,#2169,#2170,#2171,#2172,#2173,
#2174,#2175,#2176,#2177,#2178,#2179,#2180,#2181),.UNSPECIFIED.,.F.,.F.,
(4,2,2,2,2,2,4),(-0.000958076004874739,0.,0.097685026017838,0.201474058494633,
0.305263090971428,0.402948116997158,0.403906192970238),.UNSPECIFIED.);
#653=B_SPLINE_CURVE_WITH_KNOTS('',3,(#2194,#2195,#2196,#2197,#2198,#2199,
#2200,#2201,#2202,#2203,#2204,#2205,#2206,#2207,#2208,#2209,#2210,#2211),
 .UNSPECIFIED.,.F.,.F.,(4,2,2,2,2,2,2,2,4),(-0.403553515416458,-0.402293825911398,
-0.296975381887976,-0.240333477985251,-0.201146912954625,-0.161960347924005,
-0.105318444021299,0.,0.00125968952922545),.UNSPECIFIED.);
#654=B_SPLINE_CURVE_WITH_KNOTS('',3,(#2228,#2229,#2230,#2231,#2232,#2233,
#2234,#2235,#2236,#2237,#2238,#2239,#2240,#2241),.UNSPECIFIED.,.F.,.F.,
(4,2,2,2,2,2,4),(-0.000935440999973113,0.,0.0948115589184505,0.201503683271482,
0.308195807624056,0.403007366612912,0.403942807578739),.UNSPECIFIED.);
#655=B_SPLINE_CURVE_WITH_KNOTS('',3,(#2272,#2273,#2274,#2275,#2276,#2277,
#2278,#2279,#2280,#2281,#2282,#2283,#2284,#2285),.UNSPECIFIED.,.F.,.F.,
(4,2,2,2,2,2,4),(-0.00093544100924103,0.,0.0948115589226492,0.201503683284922,
0.308195807647196,0.40300736656984,0.403942807579133),.UNSPECIFIED.);
#656=VERTEX_POINT('',#2166);
#657=VERTEX_POINT('',#2167);
#658=VERTEX_POINT('',#2182);
#659=VERTEX_POINT('',#2184);
#660=VERTEX_POINT('',#2186);
#661=VERTEX_POINT('',#2191);
#662=VERTEX_POINT('',#2193);
#663=VERTEX_POINT('',#2212);
#664=VERTEX_POINT('',#2214);
#665=VERTEX_POINT('',#2216);
#666=VERTEX_POINT('',#2218);
#667=VERTEX_POINT('',#2222);
#668=VERTEX_POINT('',#2226);
#669=VERTEX_POINT('',#2227);
#670=VERTEX_POINT('',#2242);
#671=VERTEX_POINT('',#2244);
#672=VERTEX_POINT('',#2246);
#673=VERTEX_POINT('',#2251);
#674=VERTEX_POINT('',#2253);
#675=VERTEX_POINT('',#2255);
#676=VERTEX_POINT('',#2257);
#677=VERTEX_POINT('',#2261);
#678=VERTEX_POINT('',#2263);
#679=VERTEX_POINT('',#2265);
#680=VERTEX_POINT('',#2270);
#681=VERTEX_POINT('',#2271);
#682=VERTEX_POINT('',#2286);
#683=VERTEX_POINT('',#2288);
#684=VERTEX_POINT('',#2290);
#685=VERTEX_POINT('',#2295);
#686=VERTEX_POINT('',#2297);
#687=VERTEX_POINT('',#2299);
#688=VERTEX_POINT('',#2301);
#689=VERTEX_POINT('',#2305);
#690=VERTEX_POINT('',#2317);
#691=VERTEX_POINT('',#2319);
#692=VERTEX_POINT('',#2331);
#693=VERTEX_POINT('',#2333);
#694=VERTEX_POINT('',#2348);
#695=VERTEX_POINT('',#2350);
#696=VERTEX_POINT('',#2362);
#697=VERTEX_POINT('',#2364);
#698=VERTEX_POINT('',#2368);
#699=VERTEX_POINT('',#2369);
#700=VERTEX_POINT('',#2377);
#701=VERTEX_POINT('',#2378);
#702=VERTEX_POINT('',#2383);
#703=VERTEX_POINT('',#2384);
#704=VERTEX_POINT('',#2389);
#705=VERTEX_POINT('',#2390);
#706=VERTEX_POINT('',#2395);
#707=VERTEX_POINT('',#2397);
#708=VERTEX_POINT('',#2399);
#709=VERTEX_POINT('',#2404);
#710=VERTEX_POINT('',#2408);
#711=VERTEX_POINT('',#2410);
#712=VERTEX_POINT('',#2412);
#713=VERTEX_POINT('',#2414);
#714=VERTEX_POINT('',#2418);
#715=VERTEX_POINT('',#2422);
#716=VERTEX_POINT('',#2424);
#717=VERTEX_POINT('',#2426);
#718=VERTEX_POINT('',#2428);
#719=VERTEX_POINT('',#2430);
#720=VERTEX_POINT('',#2432);
#721=VERTEX_POINT('',#2436);
#722=VERTEX_POINT('',#2438);
#723=VERTEX_POINT('',#2442);
#724=VERTEX_POINT('',#2444);
#725=VERTEX_POINT('',#2448);
#726=VERTEX_POINT('',#2450);
#727=VERTEX_POINT('',#2452);
#728=VERTEX_POINT('',#2456);
#729=VERTEX_POINT('',#2458);
#730=VERTEX_POINT('',#2460);
#731=VERTEX_POINT('',#2464);
#732=VERTEX_POINT('',#2468);
#733=VERTEX_POINT('',#2472);
#734=VERTEX_POINT('',#2476);
#735=VERTEX_POINT('',#2480);
#736=VERTEX_POINT('',#2494);
#737=VERTEX_POINT('',#2496);
#738=VERTEX_POINT('',#2500);
#739=VERTEX_POINT('',#2502);
#740=VERTEX_POINT('',#2508);
#741=VERTEX_POINT('',#2510);
#742=VERTEX_POINT('',#2512);
#743=VERTEX_POINT('',#2514);
#744=VERTEX_POINT('',#2516);
#745=VERTEX_POINT('',#2518);
#746=VERTEX_POINT('',#2522);
#747=VERTEX_POINT('',#2524);
#748=VERTEX_POINT('',#2526);
#749=VERTEX_POINT('',#2528);
#750=VERTEX_POINT('',#2530);
#751=VERTEX_POINT('',#2532);
#752=VERTEX_POINT('',#2534);
#753=VERTEX_POINT('',#2536);
#754=VERTEX_POINT('',#2538);
#755=VERTEX_POINT('',#2542);
#756=VERTEX_POINT('',#2544);
#757=VERTEX_POINT('',#2547);
#758=VERTEX_POINT('',#2552);
#759=VERTEX_POINT('',#2555);
#760=VERTEX_POINT('',#2559);
#761=VERTEX_POINT('',#2562);
#762=VERTEX_POINT('',#2566);
#763=VERTEX_POINT('',#2571);
#764=VERTEX_POINT('',#2572);
#765=VERTEX_POINT('',#2574);
#766=VERTEX_POINT('',#2576);
#767=VERTEX_POINT('',#2580);
#768=VERTEX_POINT('',#2582);
#769=VERTEX_POINT('',#2584);
#770=VERTEX_POINT('',#2586);
#771=VERTEX_POINT('',#2588);
#772=VERTEX_POINT('',#2590);
#773=VERTEX_POINT('',#2592);
#774=VERTEX_POINT('',#2594);
#775=VERTEX_POINT('',#2596);
#776=VERTEX_POINT('',#2598);
#777=VERTEX_POINT('',#2600);
#778=VERTEX_POINT('',#2602);
#779=VERTEX_POINT('',#2604);
#780=VERTEX_POINT('',#2606);
#781=VERTEX_POINT('',#2610);
#782=VERTEX_POINT('',#2612);
#783=VERTEX_POINT('',#2616);
#784=VERTEX_POINT('',#2620);
#785=VERTEX_POINT('',#2626);
#786=VERTEX_POINT('',#2628);
#787=VERTEX_POINT('',#2632);
#788=VERTEX_POINT('',#2634);
#789=VERTEX_POINT('',#2638);
#790=VERTEX_POINT('',#2640);
#791=VERTEX_POINT('',#2648);
#792=VERTEX_POINT('',#2649);
#793=VERTEX_POINT('',#2663);
#794=VERTEX_POINT('',#2668);
#795=VERTEX_POINT('',#2670);
#796=VERTEX_POINT('',#2672);
#797=VERTEX_POINT('',#2674);
#798=VERTEX_POINT('',#2678);
#799=VERTEX_POINT('',#2679);
#800=VERTEX_POINT('',#2684);
#801=VERTEX_POINT('',#2688);
#802=EDGE_CURVE('',#656,#657,#652,.T.);
#803=EDGE_CURVE('',#657,#658,#585,.T.);
#804=EDGE_CURVE('',#658,#659,#586,.T.);
#805=EDGE_CURVE('',#659,#660,#587,.T.);
#806=EDGE_CURVE('',#660,#659,#588,.T.);
#807=EDGE_CURVE('',#658,#656,#589,.T.);
#808=EDGE_CURVE('',#656,#661,#80,.T.);
#809=EDGE_CURVE('',#661,#662,#653,.T.);
#810=EDGE_CURVE('',#662,#663,#81,.T.);
#811=EDGE_CURVE('',#663,#664,#590,.T.);
#812=EDGE_CURVE('',#664,#665,#82,.T.);
#813=EDGE_CURVE('',#665,#666,#591,.T.);
#814=EDGE_CURVE('',#666,#657,#83,.T.);
#815=EDGE_CURVE('',#660,#667,#84,.T.);
#816=EDGE_CURVE('',#667,#667,#592,.T.);
#817=EDGE_CURVE('',#668,#669,#654,.T.);
#818=EDGE_CURVE('',#669,#670,#593,.T.);
#819=EDGE_CURVE('',#670,#671,#594,.T.);
#820=EDGE_CURVE('',#671,#672,#595,.T.);
#821=EDGE_CURVE('',#672,#671,#596,.T.);
#822=EDGE_CURVE('',#670,#668,#597,.T.);
#823=EDGE_CURVE('',#668,#673,#85,.T.);
#824=EDGE_CURVE('',#673,#674,#598,.T.);
#825=EDGE_CURVE('',#674,#675,#86,.T.);
#826=EDGE_CURVE('',#675,#676,#599,.F.);
#827=EDGE_CURVE('',#676,#669,#87,.T.);
#828=EDGE_CURVE('',#672,#677,#88,.T.);
#829=EDGE_CURVE('',#677,#678,#600,.T.);
#830=EDGE_CURVE('',#679,#678,#89,.T.);
#831=EDGE_CURVE('',#679,#678,#90,.T.);
#832=EDGE_CURVE('',#678,#677,#601,.T.);
#833=EDGE_CURVE('',#680,#681,#655,.T.);
#834=EDGE_CURVE('',#681,#682,#602,.T.);
#835=EDGE_CURVE('',#682,#683,#603,.T.);
#836=EDGE_CURVE('',#683,#684,#604,.T.);
#837=EDGE_CURVE('',#684,#683,#605,.T.);
#838=EDGE_CURVE('',#682,#680,#606,.T.);
#839=EDGE_CURVE('',#680,#685,#91,.T.);
#840=EDGE_CURVE('',#685,#686,#607,.F.);
#841=EDGE_CURVE('',#686,#687,#92,.T.);
#842=EDGE_CURVE('',#687,#688,#608,.T.);
#843=EDGE_CURVE('',#688,#681,#93,.T.);
#844=EDGE_CURVE('',#684,#689,#94,.T.);
#845=EDGE_CURVE('',#689,#689,#609,.T.);
#846=EDGE_CURVE('',#674,#690,#610,.F.);
#847=EDGE_CURVE('',#673,#691,#611,.T.);
#848=EDGE_CURVE('',#690,#691,#612,.T.);
#849=EDGE_CURVE('',#692,#665,#613,.F.);
#850=EDGE_CURVE('',#693,#692,#614,.T.);
#851=EDGE_CURVE('',#693,#666,#615,.T.);
#852=EDGE_CURVE('',#691,#693,#95,.T.);
#853=EDGE_CURVE('',#692,#690,#96,.T.);
#854=EDGE_CURVE('',#664,#694,#616,.F.);
#855=EDGE_CURVE('',#663,#695,#617,.T.);
#856=EDGE_CURVE('',#694,#695,#618,.T.);
#857=EDGE_CURVE('',#696,#688,#619,.T.);
#858=EDGE_CURVE('',#697,#687,#620,.F.);
#859=EDGE_CURVE('',#696,#697,#621,.T.);
#860=EDGE_CURVE('',#698,#699,#622,.T.);
#861=EDGE_CURVE('',#699,#697,#97,.T.);
#862=EDGE_CURVE('',#687,#698,#98,.T.);
#863=EDGE_CURVE('',#695,#696,#99,.T.);
#864=EDGE_CURVE('',#697,#694,#100,.T.);
#865=EDGE_CURVE('',#700,#701,#623,.T.);
#866=EDGE_CURVE('',#701,#664,#101,.T.);
#867=EDGE_CURVE('',#694,#700,#102,.T.);
#868=EDGE_CURVE('',#702,#703,#624,.T.);
#869=EDGE_CURVE('',#703,#692,#103,.T.);
#870=EDGE_CURVE('',#665,#702,#104,.T.);
#871=EDGE_CURVE('',#704,#705,#625,.T.);
#872=EDGE_CURVE('',#705,#674,#105,.T.);
#873=EDGE_CURVE('',#690,#704,#106,.T.);
#874=EDGE_CURVE('',#661,#706,#626,.T.);
#875=EDGE_CURVE('',#706,#707,#627,.T.);
#876=EDGE_CURVE('',#707,#708,#628,.T.);
#877=EDGE_CURVE('',#708,#707,#629,.T.);
#878=EDGE_CURVE('',#706,#662,#630,.T.);
#879=EDGE_CURVE('',#709,#705,#107,.T.);
#880=EDGE_CURVE('',#709,#675,#108,.T.);
#881=EDGE_CURVE('',#710,#703,#109,.T.);
#882=EDGE_CURVE('',#710,#711,#110,.T.);
#883=EDGE_CURVE('',#711,#712,#111,.T.);
#884=EDGE_CURVE('',#712,#713,#112,.T.);
#885=EDGE_CURVE('',#704,#713,#113,.T.);
#886=EDGE_CURVE('',#708,#714,#114,.T.);
#887=EDGE_CURVE('',#714,#714,#631,.T.);
#888=EDGE_CURVE('',#676,#715,#115,.T.);
#889=EDGE_CURVE('',#716,#715,#116,.T.);
#890=EDGE_CURVE('',#717,#716,#117,.T.);
#891=EDGE_CURVE('',#717,#718,#118,.T.);
#892=EDGE_CURVE('',#718,#719,#119,.T.);
#893=EDGE_CURVE('',#720,#719,#120,.T.);
#894=EDGE_CURVE('',#685,#720,#121,.T.);
#895=EDGE_CURVE('',#721,#721,#632,.T.);
#896=EDGE_CURVE('',#721,#722,#122,.T.);
#897=EDGE_CURVE('',#722,#722,#633,.T.);
#898=EDGE_CURVE('',#723,#723,#634,.T.);
#899=EDGE_CURVE('',#723,#724,#123,.T.);
#900=EDGE_CURVE('',#724,#724,#635,.T.);
#901=EDGE_CURVE('',#725,#720,#636,.T.);
#902=EDGE_CURVE('',#726,#725,#124,.T.);
#903=EDGE_CURVE('',#727,#726,#637,.T.);
#904=EDGE_CURVE('',#686,#727,#125,.T.);
#905=EDGE_CURVE('',#728,#716,#638,.T.);
#906=EDGE_CURVE('',#729,#728,#126,.T.);
#907=EDGE_CURVE('',#730,#729,#639,.T.);
#908=EDGE_CURVE('',#717,#730,#127,.T.);
#909=EDGE_CURVE('',#719,#731,#640,.T.);
#910=EDGE_CURVE('',#731,#725,#128,.T.);
#911=EDGE_CURVE('',#732,#731,#129,.T.);
#912=EDGE_CURVE('',#726,#732,#130,.T.);
#913=EDGE_CURVE('',#733,#718,#131,.T.);
#914=EDGE_CURVE('',#732,#733,#641,.T.);
#915=EDGE_CURVE('',#715,#734,#642,.T.);
#916=EDGE_CURVE('',#734,#728,#132,.T.);
#917=EDGE_CURVE('',#735,#734,#133,.T.);
#918=EDGE_CURVE('',#729,#735,#134,.T.);
#919=EDGE_CURVE('',#735,#709,#643,.T.);
#920=EDGE_CURVE('',#730,#709,#135,.T.);
#921=EDGE_CURVE('',#727,#733,#136,.T.);
#922=EDGE_CURVE('',#733,#730,#137,.T.);
#923=EDGE_CURVE('',#698,#727,#138,.T.);
#924=EDGE_CURVE('',#736,#710,#139,.T.);
#925=EDGE_CURVE('',#737,#736,#140,.T.);
#926=EDGE_CURVE('',#737,#711,#141,.T.);
#927=EDGE_CURVE('',#713,#738,#142,.T.);
#928=EDGE_CURVE('',#712,#739,#143,.T.);
#929=EDGE_CURVE('',#738,#739,#144,.T.);
#930=EDGE_CURVE('',#739,#737,#145,.T.);
#931=EDGE_CURVE('',#740,#736,#146,.T.);
#932=EDGE_CURVE('',#740,#741,#147,.T.);
#933=EDGE_CURVE('',#741,#742,#148,.T.);
#934=EDGE_CURVE('',#742,#743,#149,.T.);
#935=EDGE_CURVE('',#743,#744,#150,.T.);
#936=EDGE_CURVE('',#745,#744,#151,.T.);
#937=EDGE_CURVE('',#738,#745,#152,.T.);
#938=EDGE_CURVE('',#700,#746,#153,.T.);
#939=EDGE_CURVE('',#746,#747,#154,.T.);
#940=EDGE_CURVE('',#747,#748,#155,.T.);
#941=EDGE_CURVE('',#748,#749,#156,.T.);
#942=EDGE_CURVE('',#749,#750,#157,.T.);
#943=EDGE_CURVE('',#750,#751,#158,.T.);
#944=EDGE_CURVE('',#751,#752,#159,.T.);
#945=EDGE_CURVE('',#752,#753,#160,.T.);
#946=EDGE_CURVE('',#753,#754,#161,.T.);
#947=EDGE_CURVE('',#754,#740,#162,.T.);
#948=EDGE_CURVE('',#702,#701,#163,.T.);
#949=EDGE_CURVE('',#755,#755,#644,.T.);
#950=EDGE_CURVE('',#756,#756,#645,.T.);
#951=EDGE_CURVE('',#757,#757,#646,.T.);
#952=EDGE_CURVE('',#757,#755,#164,.T.);
#953=EDGE_CURVE('',#758,#758,#647,.T.);
#954=EDGE_CURVE('',#758,#759,#165,.T.);
#955=EDGE_CURVE('',#759,#759,#648,.T.);
#956=EDGE_CURVE('',#760,#760,#649,.T.);
#957=EDGE_CURVE('',#760,#761,#166,.T.);
#958=EDGE_CURVE('',#761,#761,#650,.T.);
#959=EDGE_CURVE('',#762,#762,#651,.T.);
#960=EDGE_CURVE('',#762,#756,#167,.T.);
#961=EDGE_CURVE('',#763,#764,#168,.F.);
#962=EDGE_CURVE('',#764,#765,#169,.T.);
#963=EDGE_CURVE('',#765,#766,#170,.F.);
#964=EDGE_CURVE('',#766,#763,#171,.T.);
#965=EDGE_CURVE('',#767,#764,#172,.T.);
#966=EDGE_CURVE('',#767,#768,#173,.T.);
#967=EDGE_CURVE('',#768,#769,#174,.T.);
#968=EDGE_CURVE('',#769,#770,#175,.T.);
#969=EDGE_CURVE('',#771,#770,#176,.T.);
#970=EDGE_CURVE('',#772,#771,#177,.T.);
#971=EDGE_CURVE('',#773,#772,#178,.T.);
#972=EDGE_CURVE('',#774,#773,#179,.T.);
#973=EDGE_CURVE('',#775,#774,#180,.T.);
#974=EDGE_CURVE('',#776,#775,#181,.T.);
#975=EDGE_CURVE('',#777,#776,#182,.T.);
#976=EDGE_CURVE('',#777,#778,#183,.T.);
#977=EDGE_CURVE('',#778,#779,#184,.T.);
#978=EDGE_CURVE('',#779,#780,#185,.T.);
#979=EDGE_CURVE('',#765,#780,#186,.T.);
#980=EDGE_CURVE('',#778,#781,#187,.T.);
#981=EDGE_CURVE('',#782,#781,#188,.T.);
#982=EDGE_CURVE('',#779,#782,#189,.T.);
#983=EDGE_CURVE('',#783,#782,#190,.T.);
#984=EDGE_CURVE('',#780,#783,#191,.T.);
#985=EDGE_CURVE('',#784,#777,#192,.T.);
#986=EDGE_CURVE('',#781,#784,#193,.T.);
#987=EDGE_CURVE('',#783,#784,#194,.T.);
#988=EDGE_CURVE('',#785,#776,#195,.T.);
#989=EDGE_CURVE('',#786,#785,#196,.T.);
#990=EDGE_CURVE('',#766,#786,#197,.T.);
#991=EDGE_CURVE('',#769,#787,#198,.T.);
#992=EDGE_CURVE('',#788,#787,#199,.T.);
#993=EDGE_CURVE('',#770,#788,#200,.T.);
#994=EDGE_CURVE('',#789,#767,#201,.T.);
#995=EDGE_CURVE('',#790,#789,#202,.T.);
#996=EDGE_CURVE('',#768,#790,#203,.T.);
#997=EDGE_CURVE('',#787,#790,#204,.T.);
#998=EDGE_CURVE('',#788,#789,#205,.T.);
#999=EDGE_CURVE('',#791,#792,#206,.T.);
#1000=EDGE_CURVE('',#791,#775,#207,.T.);
#1001=EDGE_CURVE('',#792,#774,#208,.T.);
#1002=EDGE_CURVE('',#785,#791,#209,.T.);
#1003=EDGE_CURVE('',#749,#763,#210,.T.);
#1004=EDGE_CURVE('',#748,#771,#211,.T.);
#1005=EDGE_CURVE('',#747,#772,#212,.T.);
#1006=EDGE_CURVE('',#773,#746,#213,.T.);
#1007=EDGE_CURVE('',#745,#793,#214,.T.);
#1008=EDGE_CURVE('',#793,#786,#215,.T.);
#1009=EDGE_CURVE('',#792,#699,#216,.T.);
#1010=EDGE_CURVE('',#793,#794,#217,.T.);
#1011=EDGE_CURVE('',#794,#795,#218,.T.);
#1012=EDGE_CURVE('',#796,#795,#219,.T.);
#1013=EDGE_CURVE('',#796,#797,#220,.T.);
#1014=EDGE_CURVE('',#750,#797,#221,.T.);
#1015=EDGE_CURVE('',#798,#799,#222,.T.);
#1016=EDGE_CURVE('',#753,#799,#223,.T.);
#1017=EDGE_CURVE('',#752,#798,#224,.T.);
#1018=EDGE_CURVE('',#800,#798,#225,.T.);
#1019=EDGE_CURVE('',#800,#751,#226,.T.);
#1020=EDGE_CURVE('',#799,#801,#227,.T.);
#1021=EDGE_CURVE('',#754,#801,#228,.T.);
#1022=EDGE_CURVE('',#797,#800,#229,.T.);
#1023=EDGE_CURVE('',#801,#741,#230,.T.);
#1024=EDGE_CURVE('',#796,#742,#231,.T.);
#1025=EDGE_CURVE('',#795,#743,#232,.T.);
#1026=EDGE_CURVE('',#679,#794,#233,.T.);
#1027=EDGE_CURVE('',#744,#679,#234,.T.);
#1028=ORIENTED_EDGE('',*,*,#802,.T.);
#1029=ORIENTED_EDGE('',*,*,#803,.T.);
#1030=ORIENTED_EDGE('',*,*,#804,.T.);
#1031=ORIENTED_EDGE('',*,*,#805,.T.);
#1032=ORIENTED_EDGE('',*,*,#806,.T.);
#1033=ORIENTED_EDGE('',*,*,#804,.F.);
#1034=ORIENTED_EDGE('',*,*,#807,.T.);
#1035=ORIENTED_EDGE('',*,*,#802,.F.);
#1036=ORIENTED_EDGE('',*,*,#808,.T.);
#1037=ORIENTED_EDGE('',*,*,#809,.T.);
#1038=ORIENTED_EDGE('',*,*,#810,.T.);
#1039=ORIENTED_EDGE('',*,*,#811,.T.);
#1040=ORIENTED_EDGE('',*,*,#812,.T.);
#1041=ORIENTED_EDGE('',*,*,#813,.T.);
#1042=ORIENTED_EDGE('',*,*,#814,.T.);
#1043=ORIENTED_EDGE('',*,*,#805,.F.);
#1044=ORIENTED_EDGE('',*,*,#806,.F.);
#1045=ORIENTED_EDGE('',*,*,#815,.T.);
#1046=ORIENTED_EDGE('',*,*,#816,.T.);
#1047=ORIENTED_EDGE('',*,*,#815,.F.);
#1048=ORIENTED_EDGE('',*,*,#817,.T.);
#1049=ORIENTED_EDGE('',*,*,#818,.T.);
#1050=ORIENTED_EDGE('',*,*,#819,.T.);
#1051=ORIENTED_EDGE('',*,*,#820,.T.);
#1052=ORIENTED_EDGE('',*,*,#821,.T.);
#1053=ORIENTED_EDGE('',*,*,#819,.F.);
#1054=ORIENTED_EDGE('',*,*,#822,.T.);
#1055=ORIENTED_EDGE('',*,*,#817,.F.);
#1056=ORIENTED_EDGE('',*,*,#823,.T.);
#1057=ORIENTED_EDGE('',*,*,#824,.T.);
#1058=ORIENTED_EDGE('',*,*,#825,.T.);
#1059=ORIENTED_EDGE('',*,*,#826,.T.);
#1060=ORIENTED_EDGE('',*,*,#827,.T.);
#1061=ORIENTED_EDGE('',*,*,#820,.F.);
#1062=ORIENTED_EDGE('',*,*,#821,.F.);
#1063=ORIENTED_EDGE('',*,*,#828,.T.);
#1064=ORIENTED_EDGE('',*,*,#829,.T.);
#1065=ORIENTED_EDGE('',*,*,#830,.F.);
#1066=ORIENTED_EDGE('',*,*,#831,.T.);
#1067=ORIENTED_EDGE('',*,*,#832,.T.);
#1068=ORIENTED_EDGE('',*,*,#828,.F.);
#1069=ORIENTED_EDGE('',*,*,#833,.T.);
#1070=ORIENTED_EDGE('',*,*,#834,.T.);
#1071=ORIENTED_EDGE('',*,*,#835,.T.);
#1072=ORIENTED_EDGE('',*,*,#836,.T.);
#1073=ORIENTED_EDGE('',*,*,#837,.T.);
#1074=ORIENTED_EDGE('',*,*,#835,.F.);
#1075=ORIENTED_EDGE('',*,*,#838,.T.);
#1076=ORIENTED_EDGE('',*,*,#833,.F.);
#1077=ORIENTED_EDGE('',*,*,#839,.T.);
#1078=ORIENTED_EDGE('',*,*,#840,.T.);
#1079=ORIENTED_EDGE('',*,*,#841,.T.);
#1080=ORIENTED_EDGE('',*,*,#842,.T.);
#1081=ORIENTED_EDGE('',*,*,#843,.T.);
#1082=ORIENTED_EDGE('',*,*,#836,.F.);
#1083=ORIENTED_EDGE('',*,*,#837,.F.);
#1084=ORIENTED_EDGE('',*,*,#844,.T.);
#1085=ORIENTED_EDGE('',*,*,#845,.T.);
#1086=ORIENTED_EDGE('',*,*,#844,.F.);
#1087=ORIENTED_EDGE('',*,*,#846,.F.);
#1088=ORIENTED_EDGE('',*,*,#824,.F.);
#1089=ORIENTED_EDGE('',*,*,#847,.T.);
#1090=ORIENTED_EDGE('',*,*,#848,.F.);
#1091=ORIENTED_EDGE('',*,*,#849,.F.);
#1092=ORIENTED_EDGE('',*,*,#850,.F.);
#1093=ORIENTED_EDGE('',*,*,#851,.T.);
#1094=ORIENTED_EDGE('',*,*,#813,.F.);
#1095=ORIENTED_EDGE('',*,*,#848,.T.);
#1096=ORIENTED_EDGE('',*,*,#852,.T.);
#1097=ORIENTED_EDGE('',*,*,#850,.T.);
#1098=ORIENTED_EDGE('',*,*,#853,.T.);
#1099=ORIENTED_EDGE('',*,*,#854,.F.);
#1100=ORIENTED_EDGE('',*,*,#811,.F.);
#1101=ORIENTED_EDGE('',*,*,#855,.T.);
#1102=ORIENTED_EDGE('',*,*,#856,.F.);
#1103=ORIENTED_EDGE('',*,*,#857,.T.);
#1104=ORIENTED_EDGE('',*,*,#842,.F.);
#1105=ORIENTED_EDGE('',*,*,#858,.F.);
#1106=ORIENTED_EDGE('',*,*,#859,.F.);
#1107=ORIENTED_EDGE('',*,*,#860,.T.);
#1108=ORIENTED_EDGE('',*,*,#861,.T.);
#1109=ORIENTED_EDGE('',*,*,#858,.T.);
#1110=ORIENTED_EDGE('',*,*,#862,.T.);
#1111=ORIENTED_EDGE('',*,*,#856,.T.);
#1112=ORIENTED_EDGE('',*,*,#863,.T.);
#1113=ORIENTED_EDGE('',*,*,#859,.T.);
#1114=ORIENTED_EDGE('',*,*,#864,.T.);
#1115=ORIENTED_EDGE('',*,*,#865,.T.);
#1116=ORIENTED_EDGE('',*,*,#866,.T.);
#1117=ORIENTED_EDGE('',*,*,#854,.T.);
#1118=ORIENTED_EDGE('',*,*,#867,.T.);
#1119=ORIENTED_EDGE('',*,*,#868,.T.);
#1120=ORIENTED_EDGE('',*,*,#869,.T.);
#1121=ORIENTED_EDGE('',*,*,#849,.T.);
#1122=ORIENTED_EDGE('',*,*,#870,.T.);
#1123=ORIENTED_EDGE('',*,*,#871,.T.);
#1124=ORIENTED_EDGE('',*,*,#872,.T.);
#1125=ORIENTED_EDGE('',*,*,#846,.T.);
#1126=ORIENTED_EDGE('',*,*,#873,.T.);
#1127=ORIENTED_EDGE('',*,*,#809,.F.);
#1128=ORIENTED_EDGE('',*,*,#874,.T.);
#1129=ORIENTED_EDGE('',*,*,#875,.T.);
#1130=ORIENTED_EDGE('',*,*,#876,.T.);
#1131=ORIENTED_EDGE('',*,*,#877,.T.);
#1132=ORIENTED_EDGE('',*,*,#875,.F.);
#1133=ORIENTED_EDGE('',*,*,#878,.T.);
#1134=ORIENTED_EDGE('',*,*,#825,.F.);
#1135=ORIENTED_EDGE('',*,*,#872,.F.);
#1136=ORIENTED_EDGE('',*,*,#879,.F.);
#1137=ORIENTED_EDGE('',*,*,#880,.T.);
#1138=ORIENTED_EDGE('',*,*,#873,.F.);
#1139=ORIENTED_EDGE('',*,*,#853,.F.);
#1140=ORIENTED_EDGE('',*,*,#869,.F.);
#1141=ORIENTED_EDGE('',*,*,#881,.F.);
#1142=ORIENTED_EDGE('',*,*,#882,.T.);
#1143=ORIENTED_EDGE('',*,*,#883,.T.);
#1144=ORIENTED_EDGE('',*,*,#884,.T.);
#1145=ORIENTED_EDGE('',*,*,#885,.F.);
#1146=ORIENTED_EDGE('',*,*,#876,.F.);
#1147=ORIENTED_EDGE('',*,*,#877,.F.);
#1148=ORIENTED_EDGE('',*,*,#886,.T.);
#1149=ORIENTED_EDGE('',*,*,#887,.T.);
#1150=ORIENTED_EDGE('',*,*,#886,.F.);
#1151=ORIENTED_EDGE('',*,*,#803,.F.);
#1152=ORIENTED_EDGE('',*,*,#814,.F.);
#1153=ORIENTED_EDGE('',*,*,#851,.F.);
#1154=ORIENTED_EDGE('',*,*,#852,.F.);
#1155=ORIENTED_EDGE('',*,*,#847,.F.);
#1156=ORIENTED_EDGE('',*,*,#823,.F.);
#1157=ORIENTED_EDGE('',*,*,#822,.F.);
#1158=ORIENTED_EDGE('',*,*,#818,.F.);
#1159=ORIENTED_EDGE('',*,*,#827,.F.);
#1160=ORIENTED_EDGE('',*,*,#888,.T.);
#1161=ORIENTED_EDGE('',*,*,#889,.F.);
#1162=ORIENTED_EDGE('',*,*,#890,.F.);
#1163=ORIENTED_EDGE('',*,*,#891,.T.);
#1164=ORIENTED_EDGE('',*,*,#892,.T.);
#1165=ORIENTED_EDGE('',*,*,#893,.F.);
#1166=ORIENTED_EDGE('',*,*,#894,.F.);
#1167=ORIENTED_EDGE('',*,*,#839,.F.);
#1168=ORIENTED_EDGE('',*,*,#838,.F.);
#1169=ORIENTED_EDGE('',*,*,#834,.F.);
#1170=ORIENTED_EDGE('',*,*,#843,.F.);
#1171=ORIENTED_EDGE('',*,*,#857,.F.);
#1172=ORIENTED_EDGE('',*,*,#863,.F.);
#1173=ORIENTED_EDGE('',*,*,#855,.F.);
#1174=ORIENTED_EDGE('',*,*,#810,.F.);
#1175=ORIENTED_EDGE('',*,*,#878,.F.);
#1176=ORIENTED_EDGE('',*,*,#874,.F.);
#1177=ORIENTED_EDGE('',*,*,#808,.F.);
#1178=ORIENTED_EDGE('',*,*,#807,.F.);
#1179=ORIENTED_EDGE('',*,*,#895,.F.);
#1180=ORIENTED_EDGE('',*,*,#896,.T.);
#1181=ORIENTED_EDGE('',*,*,#897,.F.);
#1182=ORIENTED_EDGE('',*,*,#896,.F.);
#1183=ORIENTED_EDGE('',*,*,#898,.F.);
#1184=ORIENTED_EDGE('',*,*,#899,.T.);
#1185=ORIENTED_EDGE('',*,*,#900,.F.);
#1186=ORIENTED_EDGE('',*,*,#899,.F.);
#1187=ORIENTED_EDGE('',*,*,#901,.F.);
#1188=ORIENTED_EDGE('',*,*,#902,.F.);
#1189=ORIENTED_EDGE('',*,*,#903,.F.);
#1190=ORIENTED_EDGE('',*,*,#904,.F.);
#1191=ORIENTED_EDGE('',*,*,#840,.F.);
#1192=ORIENTED_EDGE('',*,*,#894,.T.);
#1193=ORIENTED_EDGE('',*,*,#895,.T.);
#1194=ORIENTED_EDGE('',*,*,#905,.F.);
#1195=ORIENTED_EDGE('',*,*,#906,.F.);
#1196=ORIENTED_EDGE('',*,*,#907,.F.);
#1197=ORIENTED_EDGE('',*,*,#908,.F.);
#1198=ORIENTED_EDGE('',*,*,#890,.T.);
#1199=ORIENTED_EDGE('',*,*,#898,.T.);
#1200=ORIENTED_EDGE('',*,*,#901,.T.);
#1201=ORIENTED_EDGE('',*,*,#893,.T.);
#1202=ORIENTED_EDGE('',*,*,#909,.T.);
#1203=ORIENTED_EDGE('',*,*,#910,.T.);
#1204=ORIENTED_EDGE('',*,*,#910,.F.);
#1205=ORIENTED_EDGE('',*,*,#911,.F.);
#1206=ORIENTED_EDGE('',*,*,#912,.F.);
#1207=ORIENTED_EDGE('',*,*,#902,.T.);
#1208=ORIENTED_EDGE('',*,*,#909,.F.);
#1209=ORIENTED_EDGE('',*,*,#892,.F.);
#1210=ORIENTED_EDGE('',*,*,#913,.F.);
#1211=ORIENTED_EDGE('',*,*,#914,.F.);
#1212=ORIENTED_EDGE('',*,*,#911,.T.);
#1213=ORIENTED_EDGE('',*,*,#897,.T.);
#1214=ORIENTED_EDGE('',*,*,#905,.T.);
#1215=ORIENTED_EDGE('',*,*,#889,.T.);
#1216=ORIENTED_EDGE('',*,*,#915,.T.);
#1217=ORIENTED_EDGE('',*,*,#916,.T.);
#1218=ORIENTED_EDGE('',*,*,#916,.F.);
#1219=ORIENTED_EDGE('',*,*,#917,.F.);
#1220=ORIENTED_EDGE('',*,*,#918,.F.);
#1221=ORIENTED_EDGE('',*,*,#906,.T.);
#1222=ORIENTED_EDGE('',*,*,#915,.F.);
#1223=ORIENTED_EDGE('',*,*,#888,.F.);
#1224=ORIENTED_EDGE('',*,*,#826,.F.);
#1225=ORIENTED_EDGE('',*,*,#880,.F.);
#1226=ORIENTED_EDGE('',*,*,#919,.F.);
#1227=ORIENTED_EDGE('',*,*,#917,.T.);
#1228=ORIENTED_EDGE('',*,*,#900,.T.);
#1229=ORIENTED_EDGE('',*,*,#907,.T.);
#1230=ORIENTED_EDGE('',*,*,#918,.T.);
#1231=ORIENTED_EDGE('',*,*,#919,.T.);
#1232=ORIENTED_EDGE('',*,*,#920,.F.);
#1233=ORIENTED_EDGE('',*,*,#903,.T.);
#1234=ORIENTED_EDGE('',*,*,#912,.T.);
#1235=ORIENTED_EDGE('',*,*,#914,.T.);
#1236=ORIENTED_EDGE('',*,*,#921,.F.);
#1237=ORIENTED_EDGE('',*,*,#913,.T.);
#1238=ORIENTED_EDGE('',*,*,#891,.F.);
#1239=ORIENTED_EDGE('',*,*,#908,.T.);
#1240=ORIENTED_EDGE('',*,*,#922,.F.);
#1241=ORIENTED_EDGE('',*,*,#841,.F.);
#1242=ORIENTED_EDGE('',*,*,#904,.T.);
#1243=ORIENTED_EDGE('',*,*,#923,.F.);
#1244=ORIENTED_EDGE('',*,*,#862,.F.);
#1245=ORIENTED_EDGE('',*,*,#924,.F.);
#1246=ORIENTED_EDGE('',*,*,#925,.F.);
#1247=ORIENTED_EDGE('',*,*,#926,.T.);
#1248=ORIENTED_EDGE('',*,*,#882,.F.);
#1249=ORIENTED_EDGE('',*,*,#927,.F.);
#1250=ORIENTED_EDGE('',*,*,#884,.F.);
#1251=ORIENTED_EDGE('',*,*,#928,.T.);
#1252=ORIENTED_EDGE('',*,*,#929,.F.);
#1253=ORIENTED_EDGE('',*,*,#928,.F.);
#1254=ORIENTED_EDGE('',*,*,#883,.F.);
#1255=ORIENTED_EDGE('',*,*,#926,.F.);
#1256=ORIENTED_EDGE('',*,*,#930,.F.);
#1257=ORIENTED_EDGE('',*,*,#929,.T.);
#1258=ORIENTED_EDGE('',*,*,#930,.T.);
#1259=ORIENTED_EDGE('',*,*,#925,.T.);
#1260=ORIENTED_EDGE('',*,*,#931,.F.);
#1261=ORIENTED_EDGE('',*,*,#932,.T.);
#1262=ORIENTED_EDGE('',*,*,#933,.T.);
#1263=ORIENTED_EDGE('',*,*,#934,.T.);
#1264=ORIENTED_EDGE('',*,*,#935,.T.);
#1265=ORIENTED_EDGE('',*,*,#936,.F.);
#1266=ORIENTED_EDGE('',*,*,#937,.F.);
#1267=ORIENTED_EDGE('',*,*,#865,.F.);
#1268=ORIENTED_EDGE('',*,*,#938,.T.);
#1269=ORIENTED_EDGE('',*,*,#939,.T.);
#1270=ORIENTED_EDGE('',*,*,#940,.T.);
#1271=ORIENTED_EDGE('',*,*,#941,.T.);
#1272=ORIENTED_EDGE('',*,*,#942,.T.);
#1273=ORIENTED_EDGE('',*,*,#943,.T.);
#1274=ORIENTED_EDGE('',*,*,#944,.T.);
#1275=ORIENTED_EDGE('',*,*,#945,.T.);
#1276=ORIENTED_EDGE('',*,*,#946,.T.);
#1277=ORIENTED_EDGE('',*,*,#947,.T.);
#1278=ORIENTED_EDGE('',*,*,#931,.T.);
#1279=ORIENTED_EDGE('',*,*,#924,.T.);
#1280=ORIENTED_EDGE('',*,*,#881,.T.);
#1281=ORIENTED_EDGE('',*,*,#868,.F.);
#1282=ORIENTED_EDGE('',*,*,#948,.T.);
#1283=ORIENTED_EDGE('',*,*,#949,.T.);
#1284=ORIENTED_EDGE('',*,*,#950,.T.);
#1285=ORIENTED_EDGE('',*,*,#816,.F.);
#1286=ORIENTED_EDGE('',*,*,#951,.T.);
#1287=ORIENTED_EDGE('',*,*,#951,.F.);
#1288=ORIENTED_EDGE('',*,*,#952,.T.);
#1289=ORIENTED_EDGE('',*,*,#949,.F.);
#1290=ORIENTED_EDGE('',*,*,#952,.F.);
#1291=ORIENTED_EDGE('',*,*,#845,.F.);
#1292=ORIENTED_EDGE('',*,*,#953,.T.);
#1293=ORIENTED_EDGE('',*,*,#953,.F.);
#1294=ORIENTED_EDGE('',*,*,#954,.T.);
#1295=ORIENTED_EDGE('',*,*,#955,.F.);
#1296=ORIENTED_EDGE('',*,*,#954,.F.);
#1297=ORIENTED_EDGE('',*,*,#832,.F.);
#1298=ORIENTED_EDGE('',*,*,#829,.F.);
#1299=ORIENTED_EDGE('',*,*,#956,.T.);
#1300=ORIENTED_EDGE('',*,*,#956,.F.);
#1301=ORIENTED_EDGE('',*,*,#957,.T.);
#1302=ORIENTED_EDGE('',*,*,#958,.F.);
#1303=ORIENTED_EDGE('',*,*,#957,.F.);
#1304=ORIENTED_EDGE('',*,*,#887,.F.);
#1305=ORIENTED_EDGE('',*,*,#959,.T.);
#1306=ORIENTED_EDGE('',*,*,#959,.F.);
#1307=ORIENTED_EDGE('',*,*,#960,.T.);
#1308=ORIENTED_EDGE('',*,*,#950,.F.);
#1309=ORIENTED_EDGE('',*,*,#960,.F.);
#1310=ORIENTED_EDGE('',*,*,#961,.T.);
#1311=ORIENTED_EDGE('',*,*,#962,.T.);
#1312=ORIENTED_EDGE('',*,*,#963,.T.);
#1313=ORIENTED_EDGE('',*,*,#964,.T.);
#1314=ORIENTED_EDGE('',*,*,#962,.F.);
#1315=ORIENTED_EDGE('',*,*,#965,.F.);
#1316=ORIENTED_EDGE('',*,*,#966,.T.);
#1317=ORIENTED_EDGE('',*,*,#967,.T.);
#1318=ORIENTED_EDGE('',*,*,#968,.T.);
#1319=ORIENTED_EDGE('',*,*,#969,.F.);
#1320=ORIENTED_EDGE('',*,*,#970,.F.);
#1321=ORIENTED_EDGE('',*,*,#971,.F.);
#1322=ORIENTED_EDGE('',*,*,#972,.F.);
#1323=ORIENTED_EDGE('',*,*,#973,.F.);
#1324=ORIENTED_EDGE('',*,*,#974,.F.);
#1325=ORIENTED_EDGE('',*,*,#975,.F.);
#1326=ORIENTED_EDGE('',*,*,#976,.T.);
#1327=ORIENTED_EDGE('',*,*,#977,.T.);
#1328=ORIENTED_EDGE('',*,*,#978,.T.);
#1329=ORIENTED_EDGE('',*,*,#979,.F.);
#1330=ORIENTED_EDGE('',*,*,#977,.F.);
#1331=ORIENTED_EDGE('',*,*,#980,.T.);
#1332=ORIENTED_EDGE('',*,*,#981,.F.);
#1333=ORIENTED_EDGE('',*,*,#982,.F.);
#1334=ORIENTED_EDGE('',*,*,#978,.F.);
#1335=ORIENTED_EDGE('',*,*,#982,.T.);
#1336=ORIENTED_EDGE('',*,*,#983,.F.);
#1337=ORIENTED_EDGE('',*,*,#984,.F.);
#1338=ORIENTED_EDGE('',*,*,#976,.F.);
#1339=ORIENTED_EDGE('',*,*,#985,.F.);
#1340=ORIENTED_EDGE('',*,*,#986,.F.);
#1341=ORIENTED_EDGE('',*,*,#980,.F.);
#1342=ORIENTED_EDGE('',*,*,#986,.T.);
#1343=ORIENTED_EDGE('',*,*,#987,.F.);
#1344=ORIENTED_EDGE('',*,*,#983,.T.);
#1345=ORIENTED_EDGE('',*,*,#981,.T.);
#1346=ORIENTED_EDGE('',*,*,#984,.T.);
#1347=ORIENTED_EDGE('',*,*,#987,.T.);
#1348=ORIENTED_EDGE('',*,*,#985,.T.);
#1349=ORIENTED_EDGE('',*,*,#975,.T.);
#1350=ORIENTED_EDGE('',*,*,#988,.F.);
#1351=ORIENTED_EDGE('',*,*,#989,.F.);
#1352=ORIENTED_EDGE('',*,*,#990,.F.);
#1353=ORIENTED_EDGE('',*,*,#963,.F.);
#1354=ORIENTED_EDGE('',*,*,#979,.T.);
#1355=ORIENTED_EDGE('',*,*,#968,.F.);
#1356=ORIENTED_EDGE('',*,*,#991,.T.);
#1357=ORIENTED_EDGE('',*,*,#992,.F.);
#1358=ORIENTED_EDGE('',*,*,#993,.F.);
#1359=ORIENTED_EDGE('',*,*,#966,.F.);
#1360=ORIENTED_EDGE('',*,*,#994,.F.);
#1361=ORIENTED_EDGE('',*,*,#995,.F.);
#1362=ORIENTED_EDGE('',*,*,#996,.F.);
#1363=ORIENTED_EDGE('',*,*,#967,.F.);
#1364=ORIENTED_EDGE('',*,*,#996,.T.);
#1365=ORIENTED_EDGE('',*,*,#997,.F.);
#1366=ORIENTED_EDGE('',*,*,#991,.F.);
#1367=ORIENTED_EDGE('',*,*,#997,.T.);
#1368=ORIENTED_EDGE('',*,*,#995,.T.);
#1369=ORIENTED_EDGE('',*,*,#998,.F.);
#1370=ORIENTED_EDGE('',*,*,#992,.T.);
#1371=ORIENTED_EDGE('',*,*,#999,.F.);
#1372=ORIENTED_EDGE('',*,*,#1000,.T.);
#1373=ORIENTED_EDGE('',*,*,#973,.T.);
#1374=ORIENTED_EDGE('',*,*,#1001,.F.);
#1375=ORIENTED_EDGE('',*,*,#1002,.F.);
#1376=ORIENTED_EDGE('',*,*,#988,.T.);
#1377=ORIENTED_EDGE('',*,*,#974,.T.);
#1378=ORIENTED_EDGE('',*,*,#1000,.F.);
#1379=ORIENTED_EDGE('',*,*,#994,.T.);
#1380=ORIENTED_EDGE('',*,*,#965,.T.);
#1381=ORIENTED_EDGE('',*,*,#961,.F.);
#1382=ORIENTED_EDGE('',*,*,#1003,.F.);
#1383=ORIENTED_EDGE('',*,*,#941,.F.);
#1384=ORIENTED_EDGE('',*,*,#1004,.T.);
#1385=ORIENTED_EDGE('',*,*,#969,.T.);
#1386=ORIENTED_EDGE('',*,*,#993,.T.);
#1387=ORIENTED_EDGE('',*,*,#998,.T.);
#1388=ORIENTED_EDGE('',*,*,#940,.F.);
#1389=ORIENTED_EDGE('',*,*,#1005,.T.);
#1390=ORIENTED_EDGE('',*,*,#970,.T.);
#1391=ORIENTED_EDGE('',*,*,#1004,.F.);
#1392=ORIENTED_EDGE('',*,*,#939,.F.);
#1393=ORIENTED_EDGE('',*,*,#1006,.F.);
#1394=ORIENTED_EDGE('',*,*,#971,.T.);
#1395=ORIENTED_EDGE('',*,*,#1005,.F.);
#1396=ORIENTED_EDGE('',*,*,#860,.F.);
#1397=ORIENTED_EDGE('',*,*,#923,.T.);
#1398=ORIENTED_EDGE('',*,*,#921,.T.);
#1399=ORIENTED_EDGE('',*,*,#922,.T.);
#1400=ORIENTED_EDGE('',*,*,#920,.T.);
#1401=ORIENTED_EDGE('',*,*,#879,.T.);
#1402=ORIENTED_EDGE('',*,*,#871,.F.);
#1403=ORIENTED_EDGE('',*,*,#885,.T.);
#1404=ORIENTED_EDGE('',*,*,#927,.T.);
#1405=ORIENTED_EDGE('',*,*,#937,.T.);
#1406=ORIENTED_EDGE('',*,*,#1007,.T.);
#1407=ORIENTED_EDGE('',*,*,#1008,.T.);
#1408=ORIENTED_EDGE('',*,*,#989,.T.);
#1409=ORIENTED_EDGE('',*,*,#1002,.T.);
#1410=ORIENTED_EDGE('',*,*,#999,.T.);
#1411=ORIENTED_EDGE('',*,*,#1009,.T.);
#1412=ORIENTED_EDGE('',*,*,#955,.T.);
#1413=ORIENTED_EDGE('',*,*,#958,.T.);
#1414=ORIENTED_EDGE('',*,*,#990,.T.);
#1415=ORIENTED_EDGE('',*,*,#1008,.F.);
#1416=ORIENTED_EDGE('',*,*,#1010,.T.);
#1417=ORIENTED_EDGE('',*,*,#1011,.T.);
#1418=ORIENTED_EDGE('',*,*,#1012,.F.);
#1419=ORIENTED_EDGE('',*,*,#1013,.T.);
#1420=ORIENTED_EDGE('',*,*,#1014,.F.);
#1421=ORIENTED_EDGE('',*,*,#942,.F.);
#1422=ORIENTED_EDGE('',*,*,#1003,.T.);
#1423=ORIENTED_EDGE('',*,*,#964,.F.);
#1424=ORIENTED_EDGE('',*,*,#1015,.T.);
#1425=ORIENTED_EDGE('',*,*,#1016,.F.);
#1426=ORIENTED_EDGE('',*,*,#945,.F.);
#1427=ORIENTED_EDGE('',*,*,#1017,.T.);
#1428=ORIENTED_EDGE('',*,*,#1018,.T.);
#1429=ORIENTED_EDGE('',*,*,#1017,.F.);
#1430=ORIENTED_EDGE('',*,*,#944,.F.);
#1431=ORIENTED_EDGE('',*,*,#1019,.F.);
#1432=ORIENTED_EDGE('',*,*,#1020,.T.);
#1433=ORIENTED_EDGE('',*,*,#1021,.F.);
#1434=ORIENTED_EDGE('',*,*,#946,.F.);
#1435=ORIENTED_EDGE('',*,*,#1016,.T.);
#1436=ORIENTED_EDGE('',*,*,#1019,.T.);
#1437=ORIENTED_EDGE('',*,*,#943,.F.);
#1438=ORIENTED_EDGE('',*,*,#1014,.T.);
#1439=ORIENTED_EDGE('',*,*,#1022,.T.);
#1440=ORIENTED_EDGE('',*,*,#1021,.T.);
#1441=ORIENTED_EDGE('',*,*,#1023,.T.);
#1442=ORIENTED_EDGE('',*,*,#932,.F.);
#1443=ORIENTED_EDGE('',*,*,#947,.F.);
#1444=ORIENTED_EDGE('',*,*,#1024,.F.);
#1445=ORIENTED_EDGE('',*,*,#1012,.T.);
#1446=ORIENTED_EDGE('',*,*,#1025,.T.);
#1447=ORIENTED_EDGE('',*,*,#934,.F.);
#1448=ORIENTED_EDGE('',*,*,#1025,.F.);
#1449=ORIENTED_EDGE('',*,*,#1011,.F.);
#1450=ORIENTED_EDGE('',*,*,#1026,.F.);
#1451=ORIENTED_EDGE('',*,*,#1027,.F.);
#1452=ORIENTED_EDGE('',*,*,#935,.F.);
#1453=ORIENTED_EDGE('',*,*,#1007,.F.);
#1454=ORIENTED_EDGE('',*,*,#936,.T.);
#1455=ORIENTED_EDGE('',*,*,#1027,.T.);
#1456=ORIENTED_EDGE('',*,*,#830,.T.);
#1457=ORIENTED_EDGE('',*,*,#831,.F.);
#1458=ORIENTED_EDGE('',*,*,#1026,.T.);
#1459=ORIENTED_EDGE('',*,*,#1010,.F.);
#1460=ORIENTED_EDGE('',*,*,#1024,.T.);
#1461=ORIENTED_EDGE('',*,*,#933,.F.);
#1462=ORIENTED_EDGE('',*,*,#1023,.F.);
#1463=ORIENTED_EDGE('',*,*,#1020,.F.);
#1464=ORIENTED_EDGE('',*,*,#1015,.F.);
#1465=ORIENTED_EDGE('',*,*,#1018,.F.);
#1466=ORIENTED_EDGE('',*,*,#1022,.F.);
#1467=ORIENTED_EDGE('',*,*,#1013,.F.);
#1468=ORIENTED_EDGE('',*,*,#861,.F.);
#1469=ORIENTED_EDGE('',*,*,#1009,.F.);
#1470=ORIENTED_EDGE('',*,*,#1001,.T.);
#1471=ORIENTED_EDGE('',*,*,#972,.T.);
#1472=ORIENTED_EDGE('',*,*,#1006,.T.);
#1473=ORIENTED_EDGE('',*,*,#938,.F.);
#1474=ORIENTED_EDGE('',*,*,#867,.F.);
#1475=ORIENTED_EDGE('',*,*,#864,.F.);
#1476=ORIENTED_EDGE('',*,*,#866,.F.);
#1477=ORIENTED_EDGE('',*,*,#948,.F.);
#1478=ORIENTED_EDGE('',*,*,#870,.F.);
#1479=ORIENTED_EDGE('',*,*,#812,.F.);
#1480=TOROIDAL_SURFACE('',#1578,3.2,1.);
#1481=TOROIDAL_SURFACE('',#1589,3.2,1.);
#1482=TOROIDAL_SURFACE('',#1601,3.2,1.);
#1483=TOROIDAL_SURFACE('',#1634,3.2,1.);
#1484=ADVANCED_FACE('',(#413),#1480,.T.);
#1485=ADVANCED_FACE('',(#414),#390,.T.);
#1486=ADVANCED_FACE('',(#415),#391,.F.);
#1487=ADVANCED_FACE('',(#416),#1481,.T.);
#1488=ADVANCED_FACE('',(#417),#392,.T.);
#1489=ADVANCED_FACE('',(#418),#393,.F.);
#1490=ADVANCED_FACE('',(#419),#1482,.T.);
#1491=ADVANCED_FACE('',(#420),#394,.T.);
#1492=ADVANCED_FACE('',(#421),#395,.F.);
#1493=ADVANCED_FACE('',(#422),#76,.F.);
#1494=ADVANCED_FACE('',(#423),#77,.F.);
#1495=ADVANCED_FACE('',(#424),#396,.T.);
#1496=ADVANCED_FACE('',(#425),#78,.F.);
#1497=ADVANCED_FACE('',(#426),#79,.F.);
#1498=ADVANCED_FACE('',(#427),#397,.T.);
#1499=ADVANCED_FACE('',(#428),#398,.T.);
#1500=ADVANCED_FACE('',(#429),#399,.T.);
#1501=ADVANCED_FACE('',(#430),#400,.T.);
#1502=ADVANCED_FACE('',(#431),#401,.T.);
#1503=ADVANCED_FACE('',(#432),#1483,.T.);
#1504=ADVANCED_FACE('',(#433),#27,.T.);
#1505=ADVANCED_FACE('',(#434),#28,.T.);
#1506=ADVANCED_FACE('',(#435),#402,.F.);
#1507=ADVANCED_FACE('',(#436),#29,.F.);
#1508=ADVANCED_FACE('',(#437),#403,.F.);
#1509=ADVANCED_FACE('',(#438),#404,.F.);
#1510=ADVANCED_FACE('',(#439,#15),#30,.T.);
#1511=ADVANCED_FACE('',(#440,#16),#31,.T.);
#1512=ADVANCED_FACE('',(#441),#405,.T.);
#1513=ADVANCED_FACE('',(#442),#32,.T.);
#1514=ADVANCED_FACE('',(#443,#17),#33,.T.);
#1515=ADVANCED_FACE('',(#444),#406,.T.);
#1516=ADVANCED_FACE('',(#445),#34,.T.);
#1517=ADVANCED_FACE('',(#446,#18),#35,.T.);
#1518=ADVANCED_FACE('',(#447),#407,.T.);
#1519=ADVANCED_FACE('',(#448),#408,.T.);
#1520=ADVANCED_FACE('',(#449),#36,.T.);
#1521=ADVANCED_FACE('',(#450),#37,.T.);
#1522=ADVANCED_FACE('',(#451),#38,.F.);
#1523=ADVANCED_FACE('',(#452),#39,.F.);
#1524=ADVANCED_FACE('',(#453),#40,.F.);
#1525=ADVANCED_FACE('',(#454),#41,.F.);
#1526=ADVANCED_FACE('',(#455,#19,#20),#42,.T.);
#1527=ADVANCED_FACE('',(#456,#21),#43,.F.);
#1528=ADVANCED_FACE('',(#457),#409,.F.);
#1529=ADVANCED_FACE('',(#458,#22),#44,.F.);
#1530=ADVANCED_FACE('',(#459),#410,.F.);
#1531=ADVANCED_FACE('',(#460,#23),#45,.F.);
#1532=ADVANCED_FACE('',(#461),#411,.F.);
#1533=ADVANCED_FACE('',(#462,#24),#46,.F.);
#1534=ADVANCED_FACE('',(#463),#412,.F.);
#1535=ADVANCED_FACE('',(#464),#47,.T.);
#1536=ADVANCED_FACE('',(#465),#48,.F.);
#1537=ADVANCED_FACE('',(#466),#49,.T.);
#1538=ADVANCED_FACE('',(#467),#50,.T.);
#1539=ADVANCED_FACE('',(#468),#51,.T.);
#1540=ADVANCED_FACE('',(#469),#52,.T.);
#1541=ADVANCED_FACE('',(#470),#53,.F.);
#1542=ADVANCED_FACE('',(#471),#54,.T.);
#1543=ADVANCED_FACE('',(#472),#55,.T.);
#1544=ADVANCED_FACE('',(#473),#56,.T.);
#1545=ADVANCED_FACE('',(#474),#57,.T.);
#1546=ADVANCED_FACE('',(#475),#58,.F.);
#1547=ADVANCED_FACE('',(#476),#59,.F.);
#1548=ADVANCED_FACE('',(#477),#60,.F.);
#1549=ADVANCED_FACE('',(#478),#61,.F.);
#1550=ADVANCED_FACE('',(#479),#62,.F.);
#1551=ADVANCED_FACE('',(#480,#25,#26),#63,.T.);
#1552=ADVANCED_FACE('',(#481),#64,.F.);
#1553=ADVANCED_FACE('',(#482),#65,.F.);
#1554=ADVANCED_FACE('',(#483),#66,.F.);
#1555=ADVANCED_FACE('',(#484),#67,.F.);
#1556=ADVANCED_FACE('',(#485),#68,.F.);
#1557=ADVANCED_FACE('',(#486),#69,.F.);
#1558=ADVANCED_FACE('',(#487),#70,.F.);
#1559=ADVANCED_FACE('',(#488),#71,.F.);
#1560=ADVANCED_FACE('',(#489),#72,.F.);
#1561=ADVANCED_FACE('',(#490),#73,.F.);
#1562=ADVANCED_FACE('',(#491),#74,.T.);
#1563=ADVANCED_FACE('',(#492),#75,.T.);
#1564=CLOSED_SHELL('',(#1484,#1485,#1486,#1487,#1488,#1489,#1490,#1491,
#1492,#1493,#1494,#1495,#1496,#1497,#1498,#1499,#1500,#1501,#1502,#1503,
#1504,#1505,#1506,#1507,#1508,#1509,#1510,#1511,#1512,#1513,#1514,#1515,
#1516,#1517,#1518,#1519,#1520,#1521,#1522,#1523,#1524,#1525,#1526,#1527,
#1528,#1529,#1530,#1531,#1532,#1533,#1534,#1535,#1536,#1537,#1538,#1539,
#1540,#1541,#1542,#1543,#1544,#1545,#1546,#1547,#1548,#1549,#1550,#1551,
#1552,#1553,#1554,#1555,#1556,#1557,#1558,#1559,#1560,#1561,#1562,#1563));
#1565=DERIVED_UNIT_ELEMENT(#1567,1.);
#1566=DERIVED_UNIT_ELEMENT(#2710,-3.);
#1567=(
MASS_UNIT()
NAMED_UNIT(*)
SI_UNIT(.KILO.,.GRAM.)
);
#1568=DERIVED_UNIT((#1565,#1566));
#1569=MEASURE_REPRESENTATION_ITEM('density measure',
POSITIVE_RATIO_MEASURE(7850.),#1568);
#1570=PROPERTY_DEFINITION_REPRESENTATION(#1575,#1572);
#1571=PROPERTY_DEFINITION_REPRESENTATION(#1576,#1573);
#1572=REPRESENTATION('material name',(#1574),#2707);
#1573=REPRESENTATION('density',(#1569),#2707);
#1574=DESCRIPTIVE_REPRESENTATION_ITEM('Steel','Steel');
#1575=PROPERTY_DEFINITION('material property','material name',#2717);
#1576=PROPERTY_DEFINITION('material property','density of part',#2717);
#1577=AXIS2_PLACEMENT_3D('',#2164,#1721,#1722);
#1578=AXIS2_PLACEMENT_3D('',#2165,#1723,#1724);
#1579=AXIS2_PLACEMENT_3D('',#2183,#1725,#1726);
#1580=AXIS2_PLACEMENT_3D('',#2185,#1727,#1728);
#1581=AXIS2_PLACEMENT_3D('',#2187,#1729,#1730);
#1582=AXIS2_PLACEMENT_3D('',#2188,#1731,#1732);
#1583=AXIS2_PLACEMENT_3D('',#2189,#1733,#1734);
#1584=AXIS2_PLACEMENT_3D('',#2190,#1735,#1736);
#1585=AXIS2_PLACEMENT_3D('',#2215,#1739,#1740);
#1586=AXIS2_PLACEMENT_3D('',#2219,#1742,#1743);
#1587=AXIS2_PLACEMENT_3D('',#2221,#1745,#1746);
#1588=AXIS2_PLACEMENT_3D('',#2224,#1748,#1749);
#1589=AXIS2_PLACEMENT_3D('',#2225,#1750,#1751);
#1590=AXIS2_PLACEMENT_3D('',#2243,#1752,#1753);
#1591=AXIS2_PLACEMENT_3D('',#2245,#1754,#1755);
#1592=AXIS2_PLACEMENT_3D('',#2247,#1756,#1757);
#1593=AXIS2_PLACEMENT_3D('',#2248,#1758,#1759);
#1594=AXIS2_PLACEMENT_3D('',#2249,#1760,#1761);
#1595=AXIS2_PLACEMENT_3D('',#2250,#1762,#1763);
#1596=AXIS2_PLACEMENT_3D('',#2254,#1765,#1766);
#1597=AXIS2_PLACEMENT_3D('',#2258,#1768,#1769);
#1598=AXIS2_PLACEMENT_3D('',#2260,#1771,#1772);
#1599=AXIS2_PLACEMENT_3D('',#2264,#1774,#1775);
#1600=AXIS2_PLACEMENT_3D('',#2268,#1778,#1779);
#1601=AXIS2_PLACEMENT_3D('',#2269,#1780,#1781);
#1602=AXIS2_PLACEMENT_3D('',#2287,#1782,#1783);
#1603=AXIS2_PLACEMENT_3D('',#2289,#1784,#1785);
#1604=AXIS2_PLACEMENT_3D('',#2291,#1786,#1787);
#1605=AXIS2_PLACEMENT_3D('',#2292,#1788,#1789);
#1606=AXIS2_PLACEMENT_3D('',#2293,#1790,#1791);
#1607=AXIS2_PLACEMENT_3D('',#2294,#1792,#1793);
#1608=AXIS2_PLACEMENT_3D('',#2298,#1795,#1796);
#1609=AXIS2_PLACEMENT_3D('',#2302,#1798,#1799);
#1610=AXIS2_PLACEMENT_3D('',#2304,#1801,#1802);
#1611=AXIS2_PLACEMENT_3D('',#2307,#1804,#1805);
#1612=AXIS2_PLACEMENT_3D('',#2318,#1806,#1807);
#1613=AXIS2_PLACEMENT_3D('',#2320,#1808,#1809);
#1614=AXIS2_PLACEMENT_3D('',#2321,#1810,#1811);
#1615=AXIS2_PLACEMENT_3D('',#2332,#1812,#1813);
#1616=AXIS2_PLACEMENT_3D('',#2334,#1814,#1815);
#1617=AXIS2_PLACEMENT_3D('',#2335,#1816,#1817);
#1618=AXIS2_PLACEMENT_3D('',#2336,#1818,#1819);
#1619=AXIS2_PLACEMENT_3D('',#2349,#1822,#1823);
#1620=AXIS2_PLACEMENT_3D('',#2351,#1824,#1825);
#1621=AXIS2_PLACEMENT_3D('',#2352,#1826,#1827);
#1622=AXIS2_PLACEMENT_3D('',#2363,#1828,#1829);
#1623=AXIS2_PLACEMENT_3D('',#2365,#1830,#1831);
#1624=AXIS2_PLACEMENT_3D('',#2366,#1832,#1833);
#1625=AXIS2_PLACEMENT_3D('',#2367,#1834,#1835);
#1626=AXIS2_PLACEMENT_3D('',#2370,#1836,#1837);
#1627=AXIS2_PLACEMENT_3D('',#2373,#1840,#1841);
#1628=AXIS2_PLACEMENT_3D('',#2376,#1844,#1845);
#1629=AXIS2_PLACEMENT_3D('',#2379,#1846,#1847);
#1630=AXIS2_PLACEMENT_3D('',#2382,#1850,#1851);
#1631=AXIS2_PLACEMENT_3D('',#2385,#1852,#1853);
#1632=AXIS2_PLACEMENT_3D('',#2388,#1856,#1857);
#1633=AXIS2_PLACEMENT_3D('',#2391,#1858,#1859);
#1634=AXIS2_PLACEMENT_3D('',#2394,#1862,#1863);
#1635=AXIS2_PLACEMENT_3D('',#2396,#1864,#1865);
#1636=AXIS2_PLACEMENT_3D('',#2398,#1866,#1867);
#1637=AXIS2_PLACEMENT_3D('',#2400,#1868,#1869);
#1638=AXIS2_PLACEMENT_3D('',#2401,#1870,#1871);
#1639=AXIS2_PLACEMENT_3D('',#2402,#1872,#1873);
#1640=AXIS2_PLACEMENT_3D('',#2403,#1874,#1875);
#1641=AXIS2_PLACEMENT_3D('',#2407,#1878,#1879);
#1642=AXIS2_PLACEMENT_3D('',#2417,#1885,#1886);
#1643=AXIS2_PLACEMENT_3D('',#2420,#1888,#1889);
#1644=AXIS2_PLACEMENT_3D('',#2421,#1890,#1891);
#1645=AXIS2_PLACEMENT_3D('',#2435,#1899,#1900);
#1646=AXIS2_PLACEMENT_3D('',#2437,#1901,#1902);
#1647=AXIS2_PLACEMENT_3D('',#2440,#1904,#1905);
#1648=AXIS2_PLACEMENT_3D('',#2441,#1906,#1907);
#1649=AXIS2_PLACEMENT_3D('',#2443,#1908,#1909);
#1650=AXIS2_PLACEMENT_3D('',#2446,#1911,#1912);
#1651=AXIS2_PLACEMENT_3D('',#2447,#1913,#1914);
#1652=AXIS2_PLACEMENT_3D('',#2449,#1915,#1916);
#1653=AXIS2_PLACEMENT_3D('',#2453,#1918,#1919);
#1654=AXIS2_PLACEMENT_3D('',#2455,#1921,#1922);
#1655=AXIS2_PLACEMENT_3D('',#2457,#1923,#1924);
#1656=AXIS2_PLACEMENT_3D('',#2461,#1926,#1927);
#1657=AXIS2_PLACEMENT_3D('',#2463,#1929,#1930);
#1658=AXIS2_PLACEMENT_3D('',#2465,#1931,#1932);
#1659=AXIS2_PLACEMENT_3D('',#2467,#1934,#1935);
#1660=AXIS2_PLACEMENT_3D('',#2471,#1938,#1939);
#1661=AXIS2_PLACEMENT_3D('',#2474,#1941,#1942);
#1662=AXIS2_PLACEMENT_3D('',#2475,#1943,#1944);
#1663=AXIS2_PLACEMENT_3D('',#2477,#1945,#1946);
#1664=AXIS2_PLACEMENT_3D('',#2479,#1948,#1949);
#1665=AXIS2_PLACEMENT_3D('',#2483,#1952,#1953);
#1666=AXIS2_PLACEMENT_3D('',#2484,#1954,#1955);
#1667=AXIS2_PLACEMENT_3D('',#2485,#1956,#1957);
#1668=AXIS2_PLACEMENT_3D('',#2487,#1959,#1960);
#1669=AXIS2_PLACEMENT_3D('',#2489,#1962,#1963);
#1670=AXIS2_PLACEMENT_3D('',#2491,#1965,#1966);
#1671=AXIS2_PLACEMENT_3D('',#2493,#1968,#1969);
#1672=AXIS2_PLACEMENT_3D('',#2499,#1973,#1974);
#1673=AXIS2_PLACEMENT_3D('',#2505,#1978,#1979);
#1674=AXIS2_PLACEMENT_3D('',#2507,#1981,#1982);
#1675=AXIS2_PLACEMENT_3D('',#2521,#1990,#1991);
#1676=AXIS2_PLACEMENT_3D('',#2543,#2003,#2004);
#1677=AXIS2_PLACEMENT_3D('',#2545,#2005,#2006);
#1678=AXIS2_PLACEMENT_3D('',#2546,#2007,#2008);
#1679=AXIS2_PLACEMENT_3D('',#2548,#2009,#2010);
#1680=AXIS2_PLACEMENT_3D('',#2549,#2011,#2012);
#1681=AXIS2_PLACEMENT_3D('',#2551,#2014,#2015);
#1682=AXIS2_PLACEMENT_3D('',#2553,#2016,#2017);
#1683=AXIS2_PLACEMENT_3D('',#2554,#2018,#2019);
#1684=AXIS2_PLACEMENT_3D('',#2557,#2021,#2022);
#1685=AXIS2_PLACEMENT_3D('',#2558,#2023,#2024);
#1686=AXIS2_PLACEMENT_3D('',#2560,#2025,#2026);
#1687=AXIS2_PLACEMENT_3D('',#2561,#2027,#2028);
#1688=AXIS2_PLACEMENT_3D('',#2564,#2030,#2031);
#1689=AXIS2_PLACEMENT_3D('',#2565,#2032,#2033);
#1690=AXIS2_PLACEMENT_3D('',#2567,#2034,#2035);
#1691=AXIS2_PLACEMENT_3D('',#2568,#2036,#2037);
#1692=AXIS2_PLACEMENT_3D('',#2570,#2039,#2040);
#1693=AXIS2_PLACEMENT_3D('',#2579,#2045,#2046);
#1694=AXIS2_PLACEMENT_3D('',#2609,#2062,#2063);
#1695=AXIS2_PLACEMENT_3D('',#2615,#2067,#2068);
#1696=AXIS2_PLACEMENT_3D('',#2619,#2071,#2072);
#1697=AXIS2_PLACEMENT_3D('',#2623,#2075,#2076);
#1698=AXIS2_PLACEMENT_3D('',#2625,#2078,#2079);
#1699=AXIS2_PLACEMENT_3D('',#2631,#2083,#2084);
#1700=AXIS2_PLACEMENT_3D('',#2637,#2088,#2089);
#1701=AXIS2_PLACEMENT_3D('',#2643,#2093,#2094);
#1702=AXIS2_PLACEMENT_3D('',#2645,#2096,#2097);
#1703=AXIS2_PLACEMENT_3D('',#2647,#2099,#2100);
#1704=AXIS2_PLACEMENT_3D('',#2653,#2104,#2105);
#1705=AXIS2_PLACEMENT_3D('',#2655,#2107,#2108);
#1706=AXIS2_PLACEMENT_3D('',#2658,#2111,#2112);
#1707=AXIS2_PLACEMENT_3D('',#2660,#2114,#2115);
#1708=AXIS2_PLACEMENT_3D('',#2662,#2117,#2118);
#1709=AXIS2_PLACEMENT_3D('',#2667,#2122,#2123);
#1710=AXIS2_PLACEMENT_3D('',#2677,#2129,#2130);
#1711=AXIS2_PLACEMENT_3D('',#2683,#2134,#2135);
#1712=AXIS2_PLACEMENT_3D('',#2687,#2138,#2139);
#1713=AXIS2_PLACEMENT_3D('',#2691,#2142,#2143);
#1714=AXIS2_PLACEMENT_3D('',#2693,#2145,#2146);
#1715=AXIS2_PLACEMENT_3D('',#2695,#2148,#2149);
#1716=AXIS2_PLACEMENT_3D('',#2698,#2152,#2153);
#1717=AXIS2_PLACEMENT_3D('',#2701,#2156,#2157);
#1718=AXIS2_PLACEMENT_3D('',#2702,#2158,#2159);
#1719=AXIS2_PLACEMENT_3D('',#2703,#2160,#2161);
#1720=AXIS2_PLACEMENT_3D('',#2704,#2162,#2163);
#1721=DIRECTION('axis',(0.,0.,1.));
#1722=DIRECTION('refdir',(1.,0.,0.));
#1723=DIRECTION('center_axis',(0.,0.,1.));
#1724=DIRECTION('ref_axis',(1.,0.,0.));
#1725=DIRECTION('center_axis',(0.,0.,-1.));
#1726=DIRECTION('ref_axis',(1.,0.,0.));
#1727=DIRECTION('center_axis',(0.,-1.,0.));
#1728=DIRECTION('ref_axis',(-1.,0.,0.));
#1729=DIRECTION('center_axis',(0.,0.,1.));
#1730=DIRECTION('ref_axis',(1.,0.,0.));
#1731=DIRECTION('center_axis',(0.,0.,1.));
#1732=DIRECTION('ref_axis',(1.,0.,0.));
#1733=DIRECTION('center_axis',(0.,0.,-1.));
#1734=DIRECTION('ref_axis',(1.,0.,0.));
#1735=DIRECTION('center_axis',(-1.,0.,0.));
#1736=DIRECTION('ref_axis',(0.,-0.707106781186548,-0.707106781186547));
#1737=DIRECTION('',(1.,0.,0.));
#1738=DIRECTION('',(1.,0.,0.));
#1739=DIRECTION('center_axis',(-1.,0.,0.));
#1740=DIRECTION('ref_axis',(0.,0.,-1.));
#1741=DIRECTION('',(-1.,0.,0.));
#1742=DIRECTION('center_axis',(1.,0.,0.));
#1743=DIRECTION('ref_axis',(0.,-1.,0.));
#1744=DIRECTION('',(1.,0.,0.));
#1745=DIRECTION('center_axis',(0.,0.,1.));
#1746=DIRECTION('ref_axis',(-1.,0.,0.));
#1747=DIRECTION('',(0.,0.,1.));
#1748=DIRECTION('center_axis',(0.,0.,1.));
#1749=DIRECTION('ref_axis',(-1.,0.,0.));
#1750=DIRECTION('center_axis',(0.,0.,1.));
#1751=DIRECTION('ref_axis',(1.,0.,0.));
#1752=DIRECTION('center_axis',(0.,0.,-1.));
#1753=DIRECTION('ref_axis',(1.,0.,0.));
#1754=DIRECTION('center_axis',(0.,-1.,0.));
#1755=DIRECTION('ref_axis',(-1.,0.,0.));
#1756=DIRECTION('center_axis',(0.,0.,1.));
#1757=DIRECTION('ref_axis',(1.,0.,0.));
#1758=DIRECTION('center_axis',(0.,0.,1.));
#1759=DIRECTION('ref_axis',(1.,0.,0.));
#1760=DIRECTION('center_axis',(0.,0.,-1.));
#1761=DIRECTION('ref_axis',(1.,0.,0.));
#1762=DIRECTION('center_axis',(1.,0.,0.));
#1763=DIRECTION('ref_axis',(0.,0.707106781186548,-0.707106781186547));
#1764=DIRECTION('',(-1.,0.,0.));
#1765=DIRECTION('center_axis',(1.,0.,0.));
#1766=DIRECTION('ref_axis',(0.,0.,-1.));
#1767=DIRECTION('',(1.,0.,0.));
#1768=DIRECTION('center_axis',(1.,0.,0.));
#1769=DIRECTION('ref_axis',(0.,0.707106781186548,-0.707106781186547));
#1770=DIRECTION('',(-1.,0.,0.));
#1771=DIRECTION('center_axis',(0.,0.,1.));
#1772=DIRECTION('ref_axis',(-1.,0.,0.));
#1773=DIRECTION('',(0.,0.,1.));
#1774=DIRECTION('center_axis',(0.,0.,1.));
#1775=DIRECTION('ref_axis',(-1.,0.,0.));
#1776=DIRECTION('',(0.,0.,1.));
#1777=DIRECTION('',(0.,0.,1.));
#1778=DIRECTION('center_axis',(0.,0.,1.));
#1779=DIRECTION('ref_axis',(-1.,0.,0.));
#1780=DIRECTION('center_axis',(0.,0.,1.));
#1781=DIRECTION('ref_axis',(1.,0.,0.));
#1782=DIRECTION('center_axis',(0.,0.,-1.));
#1783=DIRECTION('ref_axis',(1.,0.,0.));
#1784=DIRECTION('center_axis',(0.,-1.,0.));
#1785=DIRECTION('ref_axis',(-1.,0.,0.));
#1786=DIRECTION('center_axis',(0.,0.,1.));
#1787=DIRECTION('ref_axis',(1.,0.,0.));
#1788=DIRECTION('center_axis',(0.,0.,1.));
#1789=DIRECTION('ref_axis',(1.,0.,0.));
#1790=DIRECTION('center_axis',(0.,0.,-1.));
#1791=DIRECTION('ref_axis',(1.,0.,0.));
#1792=DIRECTION('center_axis',(1.,0.,0.));
#1793=DIRECTION('ref_axis',(0.,0.707106781186548,-0.707106781186547));
#1794=DIRECTION('',(-1.,0.,0.));
#1795=DIRECTION('center_axis',(-1.,0.,0.));
#1796=DIRECTION('ref_axis',(0.,0.707106781186548,-0.707106781186547));
#1797=DIRECTION('',(1.,0.,0.));
#1798=DIRECTION('center_axis',(-1.,0.,0.));
#1799=DIRECTION('ref_axis',(0.,1.,0.));
#1800=DIRECTION('',(-1.,0.,0.));
#1801=DIRECTION('center_axis',(0.,0.,1.));
#1802=DIRECTION('ref_axis',(-1.,0.,0.));
#1803=DIRECTION('',(0.,0.,1.));
#1804=DIRECTION('center_axis',(0.,0.,1.));
#1805=DIRECTION('ref_axis',(-1.,0.,0.));
#1806=DIRECTION('center_axis',(0.,0.,-1.));
#1807=DIRECTION('ref_axis',(0.,1.,0.));
#1808=DIRECTION('center_axis',(0.,0.,1.));
#1809=DIRECTION('ref_axis',(-0.707106781186554,0.707106781186541,0.));
#1810=DIRECTION('center_axis',(0.,-1.,0.));
#1811=DIRECTION('ref_axis',(-1.,0.,0.));
#1812=DIRECTION('center_axis',(0.,0.,-1.));
#1813=DIRECTION('ref_axis',(-1.,0.,0.));
#1814=DIRECTION('center_axis',(0.,1.,0.));
#1815=DIRECTION('ref_axis',(0.,0.,-1.));
#1816=DIRECTION('center_axis',(0.,0.,1.));
#1817=DIRECTION('ref_axis',(-0.707106781186554,-0.707106781186541,0.));
#1818=DIRECTION('center_axis',(0.,1.,0.));
#1819=DIRECTION('ref_axis',(-0.707106781186549,0.,-0.707106781186546));
#1820=DIRECTION('',(0.,-1.,0.));
#1821=DIRECTION('',(0.,1.,0.));
#1822=DIRECTION('center_axis',(0.,0.,-1.));
#1823=DIRECTION('ref_axis',(0.,-1.,0.));
#1824=DIRECTION('center_axis',(0.,0.,1.));
#1825=DIRECTION('ref_axis',(0.707106781186554,-0.707106781186541,0.));
#1826=DIRECTION('center_axis',(0.,1.,0.));
#1827=DIRECTION('ref_axis',(1.,0.,0.));
#1828=DIRECTION('center_axis',(0.,0.,1.));
#1829=DIRECTION('ref_axis',(0.707106781186554,0.707106781186541,0.));
#1830=DIRECTION('center_axis',(0.,0.,-1.));
#1831=DIRECTION('ref_axis',(1.,0.,0.));
#1832=DIRECTION('center_axis',(0.,-1.,0.));
#1833=DIRECTION('ref_axis',(0.,0.,-1.));
#1834=DIRECTION('center_axis',(0.,0.,1.));
#1835=DIRECTION('ref_axis',(0.707106781186549,0.707106781186546,0.));
#1836=DIRECTION('center_axis',(0.,0.,-1.));
#1837=DIRECTION('ref_axis',(0.707106781186549,0.707106781186546,0.));
#1838=DIRECTION('',(0.,0.,-1.));
#1839=DIRECTION('',(0.,0.,1.));
#1840=DIRECTION('center_axis',(0.,-1.,0.));
#1841=DIRECTION('ref_axis',(0.707106781186549,0.,-0.707106781186546));
#1842=DIRECTION('',(0.,1.,0.));
#1843=DIRECTION('',(0.,-1.,0.));
#1844=DIRECTION('center_axis',(0.,0.,1.));
#1845=DIRECTION('ref_axis',(0.707106781186549,-0.707106781186546,0.));
#1846=DIRECTION('center_axis',(0.,0.,-1.));
#1847=DIRECTION('ref_axis',(0.707106781186549,-0.707106781186546,0.));
#1848=DIRECTION('',(0.,0.,-1.));
#1849=DIRECTION('',(0.,0.,1.));
#1850=DIRECTION('center_axis',(0.,0.,1.));
#1851=DIRECTION('ref_axis',(-0.707106781186549,-0.707106781186546,0.));
#1852=DIRECTION('center_axis',(0.,0.,-1.));
#1853=DIRECTION('ref_axis',(-0.707106781186549,-0.707106781186546,0.));
#1854=DIRECTION('',(0.,0.,-1.));
#1855=DIRECTION('',(0.,0.,1.));
#1856=DIRECTION('center_axis',(0.,0.,1.));
#1857=DIRECTION('ref_axis',(-0.707106781186549,0.707106781186546,0.));
#1858=DIRECTION('center_axis',(0.,0.,-1.));
#1859=DIRECTION('ref_axis',(-0.707106781186549,0.707106781186546,0.));
#1860=DIRECTION('',(0.,0.,-1.));
#1861=DIRECTION('',(0.,0.,1.));
#1862=DIRECTION('center_axis',(0.,0.,1.));
#1863=DIRECTION('ref_axis',(1.,0.,0.));
#1864=DIRECTION('center_axis',(0.,0.,-1.));
#1865=DIRECTION('ref_axis',(1.,0.,0.));
#1866=DIRECTION('center_axis',(0.,-1.,0.));
#1867=DIRECTION('ref_axis',(-1.,0.,0.));
#1868=DIRECTION('center_axis',(0.,0.,1.));
#1869=DIRECTION('ref_axis',(1.,0.,0.));
#1870=DIRECTION('center_axis',(0.,0.,1.));
#1871=DIRECTION('ref_axis',(1.,0.,0.));
#1872=DIRECTION('center_axis',(0.,0.,-1.));
#1873=DIRECTION('ref_axis',(1.,0.,0.));
#1874=DIRECTION('center_axis',(0.,1.,0.));
#1875=DIRECTION('ref_axis',(-1.,0.,0.));
#1876=DIRECTION('',(-1.,0.,0.));
#1877=DIRECTION('',(0.,0.,-1.));
#1878=DIRECTION('center_axis',(-1.,0.,0.));
#1879=DIRECTION('ref_axis',(0.,-1.,0.));
#1880=DIRECTION('',(0.,-1.,0.));
#1881=DIRECTION('',(0.,0.,-1.));
#1882=DIRECTION('',(0.,1.,0.));
#1883=DIRECTION('',(0.,0.,1.));
#1884=DIRECTION('',(0.,-1.,0.));
#1885=DIRECTION('center_axis',(0.,0.,1.));
#1886=DIRECTION('ref_axis',(-1.,0.,0.));
#1887=DIRECTION('',(0.,0.,1.));
#1888=DIRECTION('center_axis',(0.,0.,1.));
#1889=DIRECTION('ref_axis',(-1.,0.,0.));
#1890=DIRECTION('center_axis',(0.,0.,1.));
#1891=DIRECTION('ref_axis',(1.,0.,0.));
#1892=DIRECTION('',(0.,1.,0.));
#1893=DIRECTION('',(-1.,0.,0.));
#1894=DIRECTION('',(0.,1.,0.));
#1895=DIRECTION('',(1.,0.,0.));
#1896=DIRECTION('',(0.,1.,0.));
#1897=DIRECTION('',(-1.,0.,0.));
#1898=DIRECTION('',(0.,1.,0.));
#1899=DIRECTION('center_axis',(-1.,0.,0.));
#1900=DIRECTION('ref_axis',(0.,1.,0.));
#1901=DIRECTION('center_axis',(-1.,0.,0.));
#1902=DIRECTION('ref_axis',(0.,1.,0.));
#1903=DIRECTION('',(-1.,0.,0.));
#1904=DIRECTION('center_axis',(1.,0.,0.));
#1905=DIRECTION('ref_axis',(0.,1.,0.));
#1906=DIRECTION('center_axis',(-1.,0.,0.));
#1907=DIRECTION('ref_axis',(0.,1.,0.));
#1908=DIRECTION('center_axis',(-1.,0.,0.));
#1909=DIRECTION('ref_axis',(0.,1.,0.));
#1910=DIRECTION('',(-1.,0.,0.));
#1911=DIRECTION('center_axis',(1.,0.,0.));
#1912=DIRECTION('ref_axis',(0.,1.,0.));
#1913=DIRECTION('center_axis',(1.,0.,0.));
#1914=DIRECTION('ref_axis',(0.,0.,-1.));
#1915=DIRECTION('center_axis',(-1.,0.,0.));
#1916=DIRECTION('ref_axis',(0.,0.707106781186548,-0.707106781186547));
#1917=DIRECTION('',(0.,1.,0.));
#1918=DIRECTION('center_axis',(-1.,0.,0.));
#1919=DIRECTION('ref_axis',(0.,-0.822510448261905,0.56875));
#1920=DIRECTION('',(0.,0.,1.));
#1921=DIRECTION('center_axis',(1.,0.,0.));
#1922=DIRECTION('ref_axis',(0.,0.,-1.));
#1923=DIRECTION('center_axis',(-1.,0.,0.));
#1924=DIRECTION('ref_axis',(0.,0.707106781186548,-0.707106781186547));
#1925=DIRECTION('',(0.,1.,0.));
#1926=DIRECTION('center_axis',(-1.,0.,0.));
#1927=DIRECTION('ref_axis',(0.,-0.822510448261905,0.56875));
#1928=DIRECTION('',(0.,0.,1.));
#1929=DIRECTION('center_axis',(1.,0.,0.));
#1930=DIRECTION('ref_axis',(0.,0.707106781186548,0.707106781186547));
#1931=DIRECTION('center_axis',(1.,0.,0.));
#1932=DIRECTION('ref_axis',(0.,0.707106781186548,0.707106781186547));
#1933=DIRECTION('',(1.,0.,0.));
#1934=DIRECTION('center_axis',(0.,0.,1.));
#1935=DIRECTION('ref_axis',(1.,0.,0.));
#1936=DIRECTION('',(0.,1.,0.));
#1937=DIRECTION('',(-1.,0.,0.));
#1938=DIRECTION('center_axis',(-1.,0.,0.));
#1939=DIRECTION('ref_axis',(0.,0.,1.));
#1940=DIRECTION('',(0.,0.,-1.));
#1941=DIRECTION('center_axis',(1.,0.,0.));
#1942=DIRECTION('ref_axis',(0.,-0.822510448261905,0.56875));
#1943=DIRECTION('center_axis',(1.,0.,0.));
#1944=DIRECTION('ref_axis',(0.,0.707106781186548,0.707106781186547));
#1945=DIRECTION('center_axis',(1.,0.,0.));
#1946=DIRECTION('ref_axis',(0.,0.707106781186548,0.707106781186547));
#1947=DIRECTION('',(1.,0.,0.));
#1948=DIRECTION('center_axis',(0.,0.,1.));
#1949=DIRECTION('ref_axis',(1.,0.,0.));
#1950=DIRECTION('',(0.,1.,0.));
#1951=DIRECTION('',(-1.,0.,0.));
#1952=DIRECTION('center_axis',(-1.,0.,0.));
#1953=DIRECTION('ref_axis',(0.,0.,1.));
#1954=DIRECTION('center_axis',(1.,0.,0.));
#1955=DIRECTION('ref_axis',(0.,-0.822510448261905,0.56875));
#1956=DIRECTION('center_axis',(-1.,0.,0.));
#1957=DIRECTION('ref_axis',(0.,-0.822510448261905,0.56875));
#1958=DIRECTION('',(-1.,0.,0.));
#1959=DIRECTION('center_axis',(-1.,0.,0.));
#1960=DIRECTION('ref_axis',(0.,-0.822510448261905,0.56875));
#1961=DIRECTION('',(-1.,0.,0.));
#1962=DIRECTION('center_axis',(0.,1.,0.));
#1963=DIRECTION('ref_axis',(-1.,0.,0.));
#1964=DIRECTION('',(-1.,0.,0.));
#1965=DIRECTION('center_axis',(0.,1.,0.));
#1966=DIRECTION('ref_axis',(-1.,0.,0.));
#1967=DIRECTION('',(-1.,0.,0.));
#1968=DIRECTION('center_axis',(0.,-1.,0.));
#1969=DIRECTION('ref_axis',(-1.,0.,0.));
#1970=DIRECTION('',(-1.,0.,0.));
#1971=DIRECTION('',(0.,0.,1.));
#1972=DIRECTION('',(-1.,0.,0.));
#1973=DIRECTION('center_axis',(0.,1.,0.));
#1974=DIRECTION('ref_axis',(1.,0.,0.));
#1975=DIRECTION('',(1.,0.,0.));
#1976=DIRECTION('',(1.,0.,0.));
#1977=DIRECTION('',(0.,0.,-1.));
#1978=DIRECTION('center_axis',(0.,0.,-1.));
#1979=DIRECTION('ref_axis',(-1.,0.,0.));
#1980=DIRECTION('',(0.,-1.,0.));
#1981=DIRECTION('center_axis',(-1.,0.,0.));
#1982=DIRECTION('ref_axis',(0.,1.,0.));
#1983=DIRECTION('',(0.,1.,0.));
#1984=DIRECTION('',(0.,0.,-1.));
#1985=DIRECTION('',(0.,1.,0.));
#1986=DIRECTION('',(0.,0.,-1.));
#1987=DIRECTION('',(0.,1.,0.));
#1988=DIRECTION('',(0.,0.,-1.));
#1989=DIRECTION('',(0.,1.,0.));
#1990=DIRECTION('center_axis',(0.,0.,1.));
#1991=DIRECTION('ref_axis',(1.,0.,0.));
#1992=DIRECTION('',(0.,1.,0.));
#1993=DIRECTION('',(-1.,0.,0.));
#1994=DIRECTION('',(0.,-1.,0.));
#1995=DIRECTION('',(-1.,-3.87287101613427E-16,0.));
#1996=DIRECTION('',(0.,-1.,0.));
#1997=DIRECTION('',(-1.,0.,0.));
#1998=DIRECTION('',(0.,-1.,0.));
#1999=DIRECTION('',(-1.,0.,0.));
#2000=DIRECTION('',(0.,1.,0.));
#2001=DIRECTION('',(-1.,0.,0.));
#2002=DIRECTION('',(1.,0.,0.));
#2003=DIRECTION('center_axis',(0.,0.,-1.));
#2004=DIRECTION('ref_axis',(-1.,0.,0.));
#2005=DIRECTION('center_axis',(0.,0.,-1.));
#2006=DIRECTION('ref_axis',(-1.,0.,0.));
#2007=DIRECTION('center_axis',(0.,0.,1.));
#2008=DIRECTION('ref_axis',(-1.,0.,0.));
#2009=DIRECTION('center_axis',(0.,0.,1.));
#2010=DIRECTION('ref_axis',(-1.,0.,0.));
#2011=DIRECTION('center_axis',(0.,0.,1.));
#2012=DIRECTION('ref_axis',(-1.,0.,0.));
#2013=DIRECTION('',(0.,0.,1.));
#2014=DIRECTION('center_axis',(0.,0.,1.));
#2015=DIRECTION('ref_axis',(-1.,0.,0.));
#2016=DIRECTION('center_axis',(0.,0.,1.));
#2017=DIRECTION('ref_axis',(-1.,0.,0.));
#2018=DIRECTION('center_axis',(0.,0.,1.));
#2019=DIRECTION('ref_axis',(-1.,0.,0.));
#2020=DIRECTION('',(0.,0.,1.));
#2021=DIRECTION('center_axis',(0.,0.,-1.));
#2022=DIRECTION('ref_axis',(-1.,0.,0.));
#2023=DIRECTION('center_axis',(0.,0.,1.));
#2024=DIRECTION('ref_axis',(-1.,0.,0.));
#2025=DIRECTION('center_axis',(0.,0.,1.));
#2026=DIRECTION('ref_axis',(-1.,0.,0.));
#2027=DIRECTION('center_axis',(0.,0.,1.));
#2028=DIRECTION('ref_axis',(-1.,0.,0.));
#2029=DIRECTION('',(0.,0.,1.));
#2030=DIRECTION('center_axis',(0.,0.,-1.));
#2031=DIRECTION('ref_axis',(-1.,0.,0.));
#2032=DIRECTION('center_axis',(0.,0.,1.));
#2033=DIRECTION('ref_axis',(-1.,0.,0.));
#2034=DIRECTION('center_axis',(0.,0.,1.));
#2035=DIRECTION('ref_axis',(-1.,0.,0.));
#2036=DIRECTION('center_axis',(0.,0.,1.));
#2037=DIRECTION('ref_axis',(-1.,0.,0.));
#2038=DIRECTION('',(0.,0.,1.));
#2039=DIRECTION('center_axis',(-0.941741911594838,0.,0.336336396998156));
#2040=DIRECTION('ref_axis',(0.336336396998156,0.,0.941741911594838));
#2041=DIRECTION('',(-0.336336396998156,-1.30258748360519E-16,-0.941741911594838));
#2042=DIRECTION('',(0.,1.,0.));
#2043=DIRECTION('',(0.336336396998156,4.34195827868396E-17,0.941741911594838));
#2044=DIRECTION('',(0.,-1.,0.));
#2045=DIRECTION('center_axis',(0.,0.,-1.));
#2046=DIRECTION('ref_axis',(-1.,0.,0.));
#2047=DIRECTION('',(-1.,-3.87287101613427E-16,0.));
#2048=DIRECTION('',(0.,1.,0.));
#2049=DIRECTION('',(1.,-3.46944695195361E-16,0.));
#2050=DIRECTION('',(0.,-1.,0.));
#2051=DIRECTION('',(-1.,-3.87287101613427E-16,0.));
#2052=DIRECTION('',(0.,-1.,0.));
#2053=DIRECTION('',(-1.,0.,0.));
#2054=DIRECTION('',(0.,-1.,0.));
#2055=DIRECTION('',(1.,-3.70074341541719E-16,0.));
#2056=DIRECTION('',(1.77635683940025E-15,-1.,0.));
#2057=DIRECTION('',(1.,1.29095700537809E-16,0.));
#2058=DIRECTION('',(0.,-1.,0.));
#2059=DIRECTION('',(-1.,0.,0.));
#2060=DIRECTION('',(0.,1.,0.));
#2061=DIRECTION('',(1.,1.29095700537809E-16,0.));
#2062=DIRECTION('center_axis',(0.,-1.,0.));
#2063=DIRECTION('ref_axis',(1.,0.,0.));
#2064=DIRECTION('',(0.,0.,1.));
#2065=DIRECTION('',(1.,0.,0.));
#2066=DIRECTION('',(0.,0.,1.));
#2067=DIRECTION('center_axis',(-1.,0.,0.));
#2068=DIRECTION('ref_axis',(0.,-1.,0.));
#2069=DIRECTION('',(0.,-1.,0.));
#2070=DIRECTION('',(0.,0.,1.));
#2071=DIRECTION('center_axis',(1.,0.,0.));
#2072=DIRECTION('ref_axis',(0.,1.,0.));
#2073=DIRECTION('',(0.,0.,-1.));
#2074=DIRECTION('',(0.,1.,0.));
#2075=DIRECTION('center_axis',(0.,0.,1.));
#2076=DIRECTION('ref_axis',(1.,0.,0.));
#2077=DIRECTION('',(1.,1.29095700537809E-16,0.));
#2078=DIRECTION('center_axis',(-1.29095700537809E-16,1.,0.));
#2079=DIRECTION('ref_axis',(1.,1.29095700537809E-16,0.));
#2080=DIRECTION('',(0.,0.,-1.));
#2081=DIRECTION('',(1.,1.29095700537809E-16,0.));
#2082=DIRECTION('',(0.,0.,1.));
#2083=DIRECTION('center_axis',(1.,0.,0.));
#2084=DIRECTION('ref_axis',(0.,1.,0.));
#2085=DIRECTION('',(0.,0.,1.));
#2086=DIRECTION('',(0.,1.,0.));
#2087=DIRECTION('',(0.,0.,1.));
#2088=DIRECTION('center_axis',(-1.,0.,0.));
#2089=DIRECTION('ref_axis',(0.,-1.,0.));
#2090=DIRECTION('',(0.,0.,-1.));
#2091=DIRECTION('',(0.,-1.,0.));
#2092=DIRECTION('',(0.,0.,1.));
#2093=DIRECTION('center_axis',(3.46944695195361E-16,1.,0.));
#2094=DIRECTION('ref_axis',(-1.,3.46944695195361E-16,0.));
#2095=DIRECTION('',(-1.,3.46944695195361E-16,0.));
#2096=DIRECTION('center_axis',(0.,0.,1.));
#2097=DIRECTION('ref_axis',(1.,0.,0.));
#2098=DIRECTION('',(-1.,-3.87287101613427E-16,0.));
#2099=DIRECTION('center_axis',(3.70074341541719E-16,1.,0.));
#2100=DIRECTION('ref_axis',(1.,-3.70074341541719E-16,0.));
#2101=DIRECTION('',(1.,-3.70074341541719E-16,0.));
#2102=DIRECTION('',(0.,0.,-1.));
#2103=DIRECTION('',(0.,0.,-1.));
#2104=DIRECTION('center_axis',(1.,1.77635683940025E-15,0.));
#2105=DIRECTION('ref_axis',(1.77635683940025E-15,-1.,0.));
#2106=DIRECTION('',(1.77635683940025E-15,-1.,0.));
#2107=DIRECTION('center_axis',(3.87287101613427E-16,-1.,0.));
#2108=DIRECTION('ref_axis',(-1.,-3.87287101613427E-16,0.));
#2109=DIRECTION('',(0.,0.,-1.));
#2110=DIRECTION('',(0.,0.,-1.));
#2111=DIRECTION('center_axis',(1.,0.,0.));
#2112=DIRECTION('ref_axis',(0.,-1.,0.));
#2113=DIRECTION('',(0.,0.,-1.));
#2114=DIRECTION('center_axis',(0.,-1.,0.));
#2115=DIRECTION('ref_axis',(-1.,0.,0.));
#2116=DIRECTION('',(0.,0.,1.));
#2117=DIRECTION('center_axis',(0.,0.,1.));
#2118=DIRECTION('ref_axis',(1.,0.,0.));
#2119=DIRECTION('',(1.,0.,0.));
#2120=DIRECTION('',(0.,-1.,0.));
#2121=DIRECTION('',(0.,1.,0.));
#2122=DIRECTION('center_axis',(1.,0.,0.));
#2123=DIRECTION('ref_axis',(0.,-1.,0.));
#2124=DIRECTION('',(0.,0.,-1.));
#2125=DIRECTION('',(0.,-1.,0.));
#2126=DIRECTION('',(0.,0.,-1.));
#2127=DIRECTION('',(0.,-1.,0.));
#2128=DIRECTION('',(0.,0.,-1.));
#2129=DIRECTION('center_axis',(0.,-1.,0.));
#2130=DIRECTION('ref_axis',(-1.,0.,0.));
#2131=DIRECTION('',(-1.,0.,0.));
#2132=DIRECTION('',(0.,0.,-1.));
#2133=DIRECTION('',(0.,0.,-1.));
#2134=DIRECTION('center_axis',(1.,0.,0.));
#2135=DIRECTION('ref_axis',(0.,-1.,0.));
#2136=DIRECTION('',(0.,-1.,0.));
#2137=DIRECTION('',(0.,0.,1.));
#2138=DIRECTION('center_axis',(-1.,0.,0.));
#2139=DIRECTION('ref_axis',(0.,1.,0.));
#2140=DIRECTION('',(0.,1.,0.));
#2141=DIRECTION('',(0.,0.,-1.));
#2142=DIRECTION('center_axis',(0.,-1.,0.));
#2143=DIRECTION('ref_axis',(-1.,0.,0.));
#2144=DIRECTION('',(-1.,0.,0.));
#2145=DIRECTION('center_axis',(0.,-1.,0.));
#2146=DIRECTION('ref_axis',(-1.,0.,0.));
#2147=DIRECTION('',(-1.,0.,0.));
#2148=DIRECTION('center_axis',(3.30423519233678E-17,-1.,0.));
#2149=DIRECTION('ref_axis',(-1.,-3.30423519233678E-17,0.));
#2150=DIRECTION('',(-1.,-3.30423519233678E-17,0.));
#2151=DIRECTION('',(-1.,-3.30423519233678E-17,0.));
#2152=DIRECTION('center_axis',(0.,0.,-1.));
#2153=DIRECTION('ref_axis',(-1.,0.,0.));
#2154=DIRECTION('',(1.,0.,0.));
#2155=DIRECTION('',(1.,0.,0.));
#2156=DIRECTION('center_axis',(0.,1.,0.));
#2157=DIRECTION('ref_axis',(1.,0.,0.));
#2158=DIRECTION('center_axis',(0.,0.,-1.));
#2159=DIRECTION('ref_axis',(-1.,0.,0.));
#2160=DIRECTION('center_axis',(1.,0.,0.));
#2161=DIRECTION('ref_axis',(0.,1.,0.));
#2162=DIRECTION('center_axis',(0.,-1.,0.));
#2163=DIRECTION('ref_axis',(1.,0.,0.));
#2164=CARTESIAN_POINT('',(0.,0.,0.));
#2165=CARTESIAN_POINT('Origin',(-18.,-11.5,1.));
#2166=CARTESIAN_POINT('',(-16.0025015644562,-14.,0.));
#2167=CARTESIAN_POINT('',(-19.9974984355438,-14.,0.));
#2168=CARTESIAN_POINT('Ctrl Pts',(-16.0025015644565,-14.0000000000002,0.));
#2169=CARTESIAN_POINT('Ctrl Pts',(-16.0055154457953,-14.0010561795194,-1.70630509181381E-18));
#2170=CARTESIAN_POINT('Ctrl Pts',(-16.0085300750014,-14.0021102307265,1.67326819506209E-6));
#2171=CARTESIAN_POINT('Ctrl Pts',(-16.3189912925211,-14.1104151468929,0.000344151108885044));
#2172=CARTESIAN_POINT('Ctrl Pts',(-16.6340608935636,-14.1954729292473,0.0173904853534642));
#2173=CARTESIAN_POINT('Ctrl Pts',(-17.2997714969043,-14.3173059388172,0.0494586149749513));
#2174=CARTESIAN_POINT('Ctrl Pts',(-17.6472000347224,-14.35,0.0632503002402407));
#2175=CARTESIAN_POINT('Ctrl Pts',(-18.3527999652776,-14.35,0.0632503002402407));
#2176=CARTESIAN_POINT('Ctrl Pts',(-18.7002285030957,-14.3173059388172,0.0494586149749516));
#2177=CARTESIAN_POINT('Ctrl Pts',(-19.3659391064625,-14.1954729292425,0.0173904853522082));
#2178=CARTESIAN_POINT('Ctrl Pts',(-19.6810087075062,-14.1104151468834,0.000344151108854748));
#2179=CARTESIAN_POINT('Ctrl Pts',(-19.991469924898,-14.0021102307616,1.67326830601652E-6));
#2180=CARTESIAN_POINT('Ctrl Pts',(-19.9944845543055,-14.0010561794846,-5.14130224419826E-16));
#2181=CARTESIAN_POINT('Ctrl Pts',(-19.9974984355438,-14.0000000000006,0.));
#2182=CARTESIAN_POINT('',(-21.2,-11.5,0.));
#2183=CARTESIAN_POINT('Origin',(-18.,-11.5,0.));
#2184=CARTESIAN_POINT('',(-20.2,-11.5,1.));
#2185=CARTESIAN_POINT('Origin',(-21.2,-11.5,1.));
#2186=CARTESIAN_POINT('',(-15.8,-11.5,1.));
#2187=CARTESIAN_POINT('Origin',(-18.,-11.5,1.));
#2188=CARTESIAN_POINT('Origin',(-18.,-11.5,1.));
#2189=CARTESIAN_POINT('Origin',(-18.,-11.5,0.));
#2190=CARTESIAN_POINT('Origin',(-11.25,-14.,1.));
#2191=CARTESIAN_POINT('',(16.0025015644562,-14.,0.));
#2192=CARTESIAN_POINT('',(-11.25,-14.,0.));
#2193=CARTESIAN_POINT('',(19.9974984355438,-14.,0.));
#2194=CARTESIAN_POINT('Ctrl Pts',(16.0025015644562,-14.0000000000006,0.));
#2195=CARTESIAN_POINT('Ctrl Pts',(16.0064642507906,-14.0013886771504,-6.75984437785564E-16));
#2196=CARTESIAN_POINT('Ctrl Pts',(16.010428231502,-14.002773675549,2.89262322528944E-6));
#2197=CARTESIAN_POINT('Ctrl Pts',(16.3459154854011,-14.1196413379485,0.000488479743649217));
#2198=CARTESIAN_POINT('Ctrl Pts',(16.6861833463372,-14.2093053366978,0.0202246426351281));
#2199=CARTESIAN_POINT('Ctrl Pts',(17.2237484294305,-14.3002436737525,0.0455662666862871));
#2200=CARTESIAN_POINT('Ctrl Pts',(17.4129840983415,-14.3229648036466,0.053484281142144));
#2201=CARTESIAN_POINT('Ctrl Pts',(17.73570450828,-14.3454003054147,0.0614939920620505));
#2202=CARTESIAN_POINT('Ctrl Pts',(17.8676380323928,-14.35,0.0632503002402407));
#2203=CARTESIAN_POINT('Ctrl Pts',(18.1323619676071,-14.35,0.0632503002402407));
#2204=CARTESIAN_POINT('Ctrl Pts',(18.26429549172,-14.3454003054147,0.0614939920620516));
#2205=CARTESIAN_POINT('Ctrl Pts',(18.5870159016585,-14.3229648036466,0.0534842811421435));
#2206=CARTESIAN_POINT('Ctrl Pts',(18.7762515705695,-14.3002436737525,0.0455662666862845));
#2207=CARTESIAN_POINT('Ctrl Pts',(19.3138166536558,-14.2093053366989,0.0202246426354596));
#2208=CARTESIAN_POINT('Ctrl Pts',(19.6540845145915,-14.1196413379511,0.000488479743659948));
#2209=CARTESIAN_POINT('Ctrl Pts',(19.9895717685742,-14.0027736755224,2.89262311494396E-6));
#2210=CARTESIAN_POINT('Ctrl Pts',(19.9935357491329,-14.0013886771767,-2.24346987805309E-18));
#2211=CARTESIAN_POINT('Ctrl Pts',(19.9974984355435,-14.0000000000002,0.));
#2212=CARTESIAN_POINT('',(21.,-14.,0.));
#2213=CARTESIAN_POINT('',(-11.25,-14.,0.));
#2214=CARTESIAN_POINT('',(21.,-15.,1.));
#2215=CARTESIAN_POINT('Origin',(21.,-14.,1.));
#2216=CARTESIAN_POINT('',(-21.,-15.,1.));
#2217=CARTESIAN_POINT('',(-11.25,-15.,1.));
#2218=CARTESIAN_POINT('',(-21.,-14.,0.));
#2219=CARTESIAN_POINT('Origin',(-21.,-14.,1.));
#2220=CARTESIAN_POINT('',(-11.25,-14.,0.));
#2221=CARTESIAN_POINT('Origin',(-18.,-11.5,1.5));
#2222=CARTESIAN_POINT('',(-15.8,-11.5,3.));
#2223=CARTESIAN_POINT('',(-15.8,-11.5,1.5));
#2224=CARTESIAN_POINT('Origin',(-18.,-11.5,3.));
#2225=CARTESIAN_POINT('Origin',(-18.,11.5,1.));
#2226=CARTESIAN_POINT('',(-19.9974984355438,14.,0.));
#2227=CARTESIAN_POINT('',(-16.0025015644562,14.,0.));
#2228=CARTESIAN_POINT('Ctrl Pts',(-19.9974984355435,14.0000000000002,0.));
#2229=CARTESIAN_POINT('Ctrl Pts',(-19.9945557585961,14.0010312267719,-1.66599281604407E-18));
#2230=CARTESIAN_POINT('Ctrl Pts',(-19.9916123687321,14.0020604245978,1.59513883533867E-6));
#2231=CARTESIAN_POINT('Ctrl Pts',(-19.6902696121939,14.1071956490032,0.00032621092722594));
#2232=CARTESIAN_POINT('Ctrl Pts',(-19.3846593687484,14.1903984889999,0.0164163089043159));
#2233=CARTESIAN_POINT('Ctrl Pts',(-18.7199295371523,14.3154015795621,0.0485838961526898));
#2234=CARTESIAN_POINT('Ctrl Pts',(-18.3628065863917,14.35,0.0632503002402408));
#2235=CARTESIAN_POINT('Ctrl Pts',(-17.6371934136098,14.35,0.0632503002402406));
#2236=CARTESIAN_POINT('Ctrl Pts',(-17.2800704628508,14.3154015795624,0.0485838961528282));
#2237=CARTESIAN_POINT('Ctrl Pts',(-16.6153406310237,14.1903984889573,0.0164163088932931));
#2238=CARTESIAN_POINT('Ctrl Pts',(-16.3097303875641,14.1071956489195,0.000326210926964952));
#2239=CARTESIAN_POINT('Ctrl Pts',(-16.0083876313799,14.0020604246369,1.59513895617573E-6));
#2240=CARTESIAN_POINT('Ctrl Pts',(-16.0054442412916,14.0010312267331,-5.01983649043063E-16));
#2241=CARTESIAN_POINT('Ctrl Pts',(-16.0025015644562,14.0000000000006,0.));
#2242=CARTESIAN_POINT('',(-21.2,11.5,0.));
#2243=CARTESIAN_POINT('Origin',(-18.,11.5,0.));
#2244=CARTESIAN_POINT('',(-20.2,11.5,1.));
#2245=CARTESIAN_POINT('Origin',(-21.2,11.5,1.));
#2246=CARTESIAN_POINT('',(-15.8,11.5,1.));
#2247=CARTESIAN_POINT('Origin',(-18.,11.5,1.));
#2248=CARTESIAN_POINT('Origin',(-18.,11.5,1.));
#2249=CARTESIAN_POINT('Origin',(-18.,11.5,0.));
#2250=CARTESIAN_POINT('Origin',(11.25,14.,1.));
#2251=CARTESIAN_POINT('',(-21.,14.,0.));
#2252=CARTESIAN_POINT('',(11.25,14.,0.));
#2253=CARTESIAN_POINT('',(-21.,15.,1.));
#2254=CARTESIAN_POINT('Origin',(-21.,14.,1.));
#2255=CARTESIAN_POINT('',(-4.50000006705523,15.,1.));
#2256=CARTESIAN_POINT('',(11.25,15.,1.));
#2257=CARTESIAN_POINT('',(-4.50000006705523,14.,0.));
#2258=CARTESIAN_POINT('Origin',(-4.50000006705523,14.,1.));
#2259=CARTESIAN_POINT('',(11.25,14.,0.));
#2260=CARTESIAN_POINT('Origin',(-18.,11.5,1.5));
#2261=CARTESIAN_POINT('',(-15.8,11.5,3.));
#2262=CARTESIAN_POINT('',(-15.8,11.5,1.5));
#2263=CARTESIAN_POINT('',(-18.,9.3,3.));
#2264=CARTESIAN_POINT('Origin',(-18.,11.5,3.));
#2265=CARTESIAN_POINT('',(-18.,9.3,1.5));
#2266=CARTESIAN_POINT('',(-18.,9.3,1.5));
#2267=CARTESIAN_POINT('',(-18.,9.3,1.5));
#2268=CARTESIAN_POINT('Origin',(-18.,11.5,3.));
#2269=CARTESIAN_POINT('Origin',(18.,11.5,1.));
#2270=CARTESIAN_POINT('',(16.0025015644562,14.,0.));
#2271=CARTESIAN_POINT('',(19.9974984355438,14.,0.));
#2272=CARTESIAN_POINT('Ctrl Pts',(16.0025015644562,14.,0.));
#2273=CARTESIAN_POINT('Ctrl Pts',(16.0054442414327,14.0010312267819,-1.2080361457887E-18));
#2274=CARTESIAN_POINT('Ctrl Pts',(16.0083876312387,14.0020604245877,1.59513880405552E-6));
#2275=CARTESIAN_POINT('Ctrl Pts',(16.3097303878193,14.1071956490078,0.00032621092724036));
#2276=CARTESIAN_POINT('Ctrl Pts',(16.6153406312644,14.1903984890023,0.0164163089049317));
#2277=CARTESIAN_POINT('Ctrl Pts',(17.2800704628475,14.315401579562,0.0485838961526786));
#2278=CARTESIAN_POINT('Ctrl Pts',(17.6371934136081,14.35,0.0632503002402407));
#2279=CARTESIAN_POINT('Ctrl Pts',(18.3628065863919,14.35,0.0632503002402407));
#2280=CARTESIAN_POINT('Ctrl Pts',(18.7199295371525,14.315401579562,0.0485838961526785));
#2281=CARTESIAN_POINT('Ctrl Pts',(19.3846593687356,14.1903984890023,0.0164163089049328));
#2282=CARTESIAN_POINT('Ctrl Pts',(19.6902696121807,14.1071956490078,0.000326210927240365));
#2283=CARTESIAN_POINT('Ctrl Pts',(19.9916123687615,14.0020604245876,1.59513880388025E-6));
#2284=CARTESIAN_POINT('Ctrl Pts',(19.9945557585671,14.001031226782,6.2379060129321E-19));
#2285=CARTESIAN_POINT('Ctrl Pts',(19.9974984355438,14.,0.));
#2286=CARTESIAN_POINT('',(14.8,11.5,0.));
#2287=CARTESIAN_POINT('Origin',(18.,11.5,0.));
#2288=CARTESIAN_POINT('',(15.8,11.5,1.));
#2289=CARTESIAN_POINT('Origin',(14.8,11.5,1.));
#2290=CARTESIAN_POINT('',(20.2,11.5,1.));
#2291=CARTESIAN_POINT('Origin',(18.,11.5,1.));
#2292=CARTESIAN_POINT('Origin',(18.,11.5,1.));
#2293=CARTESIAN_POINT('Origin',(18.,11.5,0.));
#2294=CARTESIAN_POINT('Origin',(11.25,14.,1.));
#2295=CARTESIAN_POINT('',(4.50000006705523,14.,0.));
#2296=CARTESIAN_POINT('',(11.25,14.,0.));
#2297=CARTESIAN_POINT('',(4.50000006705523,15.,1.));
#2298=CARTESIAN_POINT('Origin',(4.50000006705523,14.,1.));
#2299=CARTESIAN_POINT('',(21.,15.,1.));
#2300=CARTESIAN_POINT('',(11.25,15.,1.));
#2301=CARTESIAN_POINT('',(21.,14.,0.));
#2302=CARTESIAN_POINT('Origin',(21.,14.,1.));
#2303=CARTESIAN_POINT('',(11.25,14.,0.));
#2304=CARTESIAN_POINT('Origin',(18.,11.5,1.5));
#2305=CARTESIAN_POINT('',(20.2,11.5,3.));
#2306=CARTESIAN_POINT('',(20.2,11.5,1.5));
#2307=CARTESIAN_POINT('Origin',(18.,11.5,3.));
#2308=CARTESIAN_POINT('Ctrl Pts',(-22.5,13.5,1.));
#2309=CARTESIAN_POINT('Ctrl Pts',(-22.5,15.,1.));
#2310=CARTESIAN_POINT('Ctrl Pts',(-21.,15.,1.));
#2311=CARTESIAN_POINT('Ctrl Pts',(-22.5,13.5,-5.67315461903307E-15));
#2312=CARTESIAN_POINT('Ctrl Pts',(-22.5,15.,-5.67315461903307E-15));
#2313=CARTESIAN_POINT('Ctrl Pts',(-21.,15.,-5.68989300120393E-15));
#2314=CARTESIAN_POINT('Ctrl Pts',(-21.5,13.5,-8.32667268468867E-16));
#2315=CARTESIAN_POINT('Ctrl Pts',(-21.5,14.,-8.32667268468867E-16));
#2316=CARTESIAN_POINT('Ctrl Pts',(-21.,14.,-8.32667268468867E-16));
#2317=CARTESIAN_POINT('',(-22.5,13.5,1.));
#2318=CARTESIAN_POINT('Origin',(-21.,13.5,1.));
#2319=CARTESIAN_POINT('',(-21.5,13.5,0.));
#2320=CARTESIAN_POINT('Origin',(-21.,13.5,0.));
#2321=CARTESIAN_POINT('Origin',(-21.5,13.5,1.));
#2322=CARTESIAN_POINT('Ctrl Pts',(-21.,-15.,1.));
#2323=CARTESIAN_POINT('Ctrl Pts',(-22.5,-15.,1.));
#2324=CARTESIAN_POINT('Ctrl Pts',(-22.5,-13.5,1.));
#2325=CARTESIAN_POINT('Ctrl Pts',(-21.,-15.,-8.32667268468867E-16));
#2326=CARTESIAN_POINT('Ctrl Pts',(-22.5,-15.,-8.02051098490184E-16));
#2327=CARTESIAN_POINT('Ctrl Pts',(-22.5,-13.5,-8.02051098490184E-16));
#2328=CARTESIAN_POINT('Ctrl Pts',(-21.,-14.,-8.32667268468867E-16));
#2329=CARTESIAN_POINT('Ctrl Pts',(-21.5,-14.,-8.32667268468867E-16));
#2330=CARTESIAN_POINT('Ctrl Pts',(-21.5,-13.5,-8.32667268468867E-16));
#2331=CARTESIAN_POINT('',(-22.5,-13.5,1.));
#2332=CARTESIAN_POINT('Origin',(-21.,-13.5,1.));
#2333=CARTESIAN_POINT('',(-21.5,-13.5,0.));
#2334=CARTESIAN_POINT('Origin',(-21.5,-13.5,1.));
#2335=CARTESIAN_POINT('Origin',(-21.,-13.5,0.));
#2336=CARTESIAN_POINT('Origin',(-21.5,7.5,1.));
#2337=CARTESIAN_POINT('',(-21.5,7.5,0.));
#2338=CARTESIAN_POINT('',(-22.5,7.5,1.));
#2339=CARTESIAN_POINT('Ctrl Pts',(22.5,-13.5,1.));
#2340=CARTESIAN_POINT('Ctrl Pts',(22.5,-15.,1.));
#2341=CARTESIAN_POINT('Ctrl Pts',(21.,-15.,1.));
#2342=CARTESIAN_POINT('Ctrl Pts',(22.5,-13.5,-5.70663138337478E-15));
#2343=CARTESIAN_POINT('Ctrl Pts',(22.5,-15.,-5.70663138337478E-15));
#2344=CARTESIAN_POINT('Ctrl Pts',(21.,-15.,-5.68989300120393E-15));
#2345=CARTESIAN_POINT('Ctrl Pts',(21.5,-13.5,-8.32667268468867E-16));
#2346=CARTESIAN_POINT('Ctrl Pts',(21.5,-14.,-8.32667268468867E-16));
#2347=CARTESIAN_POINT('Ctrl Pts',(21.,-14.,-8.32667268468867E-16));
#2348=CARTESIAN_POINT('',(22.5,-13.5,1.));
#2349=CARTESIAN_POINT('Origin',(21.,-13.5,1.));
#2350=CARTESIAN_POINT('',(21.5,-13.5,0.));
#2351=CARTESIAN_POINT('Origin',(21.,-13.5,0.));
#2352=CARTESIAN_POINT('Origin',(21.5,-13.5,1.));
#2353=CARTESIAN_POINT('Ctrl Pts',(21.5,13.5,0.));
#2354=CARTESIAN_POINT('Ctrl Pts',(21.5,14.,0.));
#2355=CARTESIAN_POINT('Ctrl Pts',(21.,14.,0.));
#2356=CARTESIAN_POINT('Ctrl Pts',(22.5,13.5,-4.41027592852195E-15));
#2357=CARTESIAN_POINT('Ctrl Pts',(22.5,15.,-4.41027592852195E-15));
#2358=CARTESIAN_POINT('Ctrl Pts',(21.,15.,-4.44089209850063E-15));
#2359=CARTESIAN_POINT('Ctrl Pts',(22.5,13.5,1.));
#2360=CARTESIAN_POINT('Ctrl Pts',(22.5,15.,1.));
#2361=CARTESIAN_POINT('Ctrl Pts',(21.,15.,1.));
#2362=CARTESIAN_POINT('',(21.5,13.5,0.));
#2363=CARTESIAN_POINT('Origin',(21.,13.5,0.));
#2364=CARTESIAN_POINT('',(22.5,13.5,1.));
#2365=CARTESIAN_POINT('Origin',(21.,13.5,1.));
#2366=CARTESIAN_POINT('Origin',(21.5,13.5,1.));
#2367=CARTESIAN_POINT('Origin',(21.,13.5,0.));
#2368=CARTESIAN_POINT('',(21.,15.,12.55));
#2369=CARTESIAN_POINT('',(22.5,13.5,12.55));
#2370=CARTESIAN_POINT('Origin',(21.,13.5,12.55));
#2371=CARTESIAN_POINT('',(22.5,13.5,0.));
#2372=CARTESIAN_POINT('',(21.,15.,0.));
#2373=CARTESIAN_POINT('Origin',(21.5,-7.5,1.));
#2374=CARTESIAN_POINT('',(21.5,-7.5,0.));
#2375=CARTESIAN_POINT('',(22.5,-7.5,1.));
#2376=CARTESIAN_POINT('Origin',(21.,-13.5,0.));
#2377=CARTESIAN_POINT('',(22.5,-13.5,12.55));
#2378=CARTESIAN_POINT('',(21.,-15.,12.55));
#2379=CARTESIAN_POINT('Origin',(21.,-13.5,12.55));
#2380=CARTESIAN_POINT('',(21.,-15.,0.));
#2381=CARTESIAN_POINT('',(22.5,-13.5,0.));
#2382=CARTESIAN_POINT('Origin',(-21.,-13.5,0.));
#2383=CARTESIAN_POINT('',(-21.,-15.,12.55));
#2384=CARTESIAN_POINT('',(-22.5,-13.5,12.55));
#2385=CARTESIAN_POINT('Origin',(-21.,-13.5,12.55));
#2386=CARTESIAN_POINT('',(-22.5,-13.5,0.));
#2387=CARTESIAN_POINT('',(-21.,-15.,0.));
#2388=CARTESIAN_POINT('Origin',(-21.,13.5,0.));
#2389=CARTESIAN_POINT('',(-22.5,13.5,12.55));
#2390=CARTESIAN_POINT('',(-21.,15.,12.55));
#2391=CARTESIAN_POINT('Origin',(-21.,13.5,12.55));
#2392=CARTESIAN_POINT('',(-21.,15.,0.));
#2393=CARTESIAN_POINT('',(-22.5,13.5,0.));
#2394=CARTESIAN_POINT('Origin',(18.,-11.5,1.));
#2395=CARTESIAN_POINT('',(14.8,-11.5,0.));
#2396=CARTESIAN_POINT('Origin',(18.,-11.5,0.));
#2397=CARTESIAN_POINT('',(15.8,-11.5,1.));
#2398=CARTESIAN_POINT('Origin',(14.8,-11.5,1.));
#2399=CARTESIAN_POINT('',(20.2,-11.5,1.));
#2400=CARTESIAN_POINT('Origin',(18.,-11.5,1.));
#2401=CARTESIAN_POINT('Origin',(18.,-11.5,1.));
#2402=CARTESIAN_POINT('Origin',(18.,-11.5,0.));
#2403=CARTESIAN_POINT('Origin',(22.5,15.,0.));
#2404=CARTESIAN_POINT('',(-4.50000006705523,15.,12.55));
#2405=CARTESIAN_POINT('',(-22.5,15.,12.55));
#2406=CARTESIAN_POINT('',(-4.50000006705523,15.,0.));
#2407=CARTESIAN_POINT('Origin',(-22.5,15.,0.));
#2408=CARTESIAN_POINT('',(-22.5,-5.2,12.55));
#2409=CARTESIAN_POINT('',(-22.5,-15.,12.55));
#2410=CARTESIAN_POINT('',(-22.5,-5.2,7.5));
#2411=CARTESIAN_POINT('',(-22.5,-5.2,6.275));
#2412=CARTESIAN_POINT('',(-22.5,5.2,7.5));
#2413=CARTESIAN_POINT('',(-22.5,7.5,7.5));
#2414=CARTESIAN_POINT('',(-22.5,5.2,12.55));
#2415=CARTESIAN_POINT('',(-22.5,5.2,6.275));
#2416=CARTESIAN_POINT('',(-22.5,-15.,12.55));
#2417=CARTESIAN_POINT('Origin',(18.,-11.5,1.5));
#2418=CARTESIAN_POINT('',(20.2,-11.5,3.));
#2419=CARTESIAN_POINT('',(20.2,-11.5,1.5));
#2420=CARTESIAN_POINT('Origin',(18.,-11.5,3.));
#2421=CARTESIAN_POINT('Origin',(0.,0.,0.));
#2422=CARTESIAN_POINT('',(-4.50000006705523,23.,0.));
#2423=CARTESIAN_POINT('',(-4.50000006705523,15.,0.));
#2424=CARTESIAN_POINT('',(-1.5,23.,0.));
#2425=CARTESIAN_POINT('',(-1.50000001676381,23.,0.));
#2426=CARTESIAN_POINT('',(-1.5,15.,0.));
#2427=CARTESIAN_POINT('',(-1.5,15.,0.));
#2428=CARTESIAN_POINT('',(1.5,15.,0.));
#2429=CARTESIAN_POINT('',(-22.5,15.,0.));
#2430=CARTESIAN_POINT('',(1.5,23.,0.));
#2431=CARTESIAN_POINT('',(1.5,15.,0.));
#2432=CARTESIAN_POINT('',(4.50000006705523,23.,0.));
#2433=CARTESIAN_POINT('',(1.50000001676381,23.,0.));
#2434=CARTESIAN_POINT('',(4.50000006705523,15.,0.));
#2435=CARTESIAN_POINT('Origin',(4.50000006705523,23.,8.));
#2436=CARTESIAN_POINT('',(4.50000006705523,20.35,8.));
#2437=CARTESIAN_POINT('Origin',(4.50000006705523,23.,8.));
#2438=CARTESIAN_POINT('',(1.5,20.35,8.));
#2439=CARTESIAN_POINT('',(4.50000006705523,20.35,8.));
#2440=CARTESIAN_POINT('Origin',(1.5,23.,8.));
#2441=CARTESIAN_POINT('Origin',(4.50000006705523,23.,8.));
#2442=CARTESIAN_POINT('',(-1.5,20.35,8.));
#2443=CARTESIAN_POINT('Origin',(-1.5,23.,8.));
#2444=CARTESIAN_POINT('',(-4.50000006705523,20.35,8.));
#2445=CARTESIAN_POINT('',(4.50000006705523,20.35,8.));
#2446=CARTESIAN_POINT('Origin',(-4.50000006705523,23.,8.));
#2447=CARTESIAN_POINT('Origin',(4.50000006705523,15.,16.));
#2448=CARTESIAN_POINT('',(4.50000006705523,23.,16.));
#2449=CARTESIAN_POINT('Origin',(4.50000006705523,23.,8.));
#2450=CARTESIAN_POINT('',(4.50000006705523,21.5800835860952,16.));
#2451=CARTESIAN_POINT('',(4.50000006705523,15.,16.));
#2452=CARTESIAN_POINT('',(4.50000006705523,15.,12.55));
#2453=CARTESIAN_POINT('Origin',(4.50000006705523,21.5800835860952,8.));
#2454=CARTESIAN_POINT('',(4.50000006705523,15.,8.));
#2455=CARTESIAN_POINT('Origin',(-1.5,15.,16.));
#2456=CARTESIAN_POINT('',(-1.5,23.,16.));
#2457=CARTESIAN_POINT('Origin',(-1.5,23.,8.));
#2458=CARTESIAN_POINT('',(-1.5,21.5800835860952,16.));
#2459=CARTESIAN_POINT('',(-1.5,15.,16.));
#2460=CARTESIAN_POINT('',(-1.5,15.,12.55));
#2461=CARTESIAN_POINT('Origin',(-1.5,21.5800835860952,8.));
#2462=CARTESIAN_POINT('',(-1.5,15.,8.));
#2463=CARTESIAN_POINT('Origin',(2.25000001676381,23.,8.));
#2464=CARTESIAN_POINT('',(1.5,23.,16.));
#2465=CARTESIAN_POINT('Origin',(1.5,23.,8.));
#2466=CARTESIAN_POINT('',(2.25000001676381,23.,16.));
#2467=CARTESIAN_POINT('Origin',(1.5,15.,16.));
#2468=CARTESIAN_POINT('',(1.5,21.5800835860952,16.));
#2469=CARTESIAN_POINT('',(1.5,15.,16.));
#2470=CARTESIAN_POINT('',(-22.5,21.5800835860952,16.));
#2471=CARTESIAN_POINT('Origin',(1.5,15.,0.));
#2472=CARTESIAN_POINT('',(1.5,15.,12.55));
#2473=CARTESIAN_POINT('',(1.5,15.,0.));
#2474=CARTESIAN_POINT('Origin',(1.5,21.5800835860952,8.));
#2475=CARTESIAN_POINT('Origin',(-3.75000005029142,23.,8.));
#2476=CARTESIAN_POINT('',(-4.50000006705523,23.,16.));
#2477=CARTESIAN_POINT('Origin',(-4.50000006705523,23.,8.));
#2478=CARTESIAN_POINT('',(-3.75000005029142,23.,16.));
#2479=CARTESIAN_POINT('Origin',(-4.50000006705523,15.,16.));
#2480=CARTESIAN_POINT('',(-4.50000006705523,21.5800835860952,16.));
#2481=CARTESIAN_POINT('',(-4.50000006705523,15.,16.));
#2482=CARTESIAN_POINT('',(-22.5,21.5800835860952,16.));
#2483=CARTESIAN_POINT('Origin',(-4.50000006705523,15.,0.));
#2484=CARTESIAN_POINT('Origin',(-4.50000006705523,21.5800835860952,8.));
#2485=CARTESIAN_POINT('Origin',(-22.5,21.5800835860952,8.));
#2486=CARTESIAN_POINT('',(-22.5,15.,12.55));
#2487=CARTESIAN_POINT('Origin',(-22.5,21.5800835860952,8.));
#2488=CARTESIAN_POINT('',(-22.5,15.,12.55));
#2489=CARTESIAN_POINT('Origin',(22.5,15.,0.));
#2490=CARTESIAN_POINT('',(-22.5,15.,12.55));
#2491=CARTESIAN_POINT('Origin',(22.5,15.,0.));
#2492=CARTESIAN_POINT('',(-22.5,15.,12.55));
#2493=CARTESIAN_POINT('Origin',(-21.2,-5.2,12.55));
#2494=CARTESIAN_POINT('',(-21.2,-5.2,12.55));
#2495=CARTESIAN_POINT('',(-10.6,-5.2,12.55));
#2496=CARTESIAN_POINT('',(-21.2,-5.2,7.5));
#2497=CARTESIAN_POINT('',(-21.2,-5.2,12.55));
#2498=CARTESIAN_POINT('',(-21.2,-5.2,7.5));
#2499=CARTESIAN_POINT('Origin',(-22.5,5.2,12.55));
#2500=CARTESIAN_POINT('',(-21.2,5.2,12.55));
#2501=CARTESIAN_POINT('',(-11.25,5.2,12.55));
#2502=CARTESIAN_POINT('',(-21.2,5.2,7.5));
#2503=CARTESIAN_POINT('',(-22.5,5.2,7.5));
#2504=CARTESIAN_POINT('',(-21.2,5.2,12.55));
#2505=CARTESIAN_POINT('Origin',(-21.85,0.,7.5));
#2506=CARTESIAN_POINT('',(-21.2,-4.65,7.5));
#2507=CARTESIAN_POINT('Origin',(-21.2,-9.3,12.55));
#2508=CARTESIAN_POINT('',(-21.2,-9.3,12.55));
#2509=CARTESIAN_POINT('',(-21.2,-4.65,12.55));
#2510=CARTESIAN_POINT('',(-21.2,-9.3,7.5));
#2511=CARTESIAN_POINT('',(-21.2,-9.3,12.55));
#2512=CARTESIAN_POINT('',(-21.2,-6.812,7.5));
#2513=CARTESIAN_POINT('',(-21.2,9.3,7.5));
#2514=CARTESIAN_POINT('',(-21.2,-6.812,1.5));
#2515=CARTESIAN_POINT('',(-21.2,-6.812,7.5));
#2516=CARTESIAN_POINT('',(-21.2,9.3,1.5));
#2517=CARTESIAN_POINT('',(-21.2,-6.812,1.5));
#2518=CARTESIAN_POINT('',(-21.2,9.3,12.55));
#2519=CARTESIAN_POINT('',(-21.2,9.3,12.55));
#2520=CARTESIAN_POINT('',(-21.2,-4.65,12.55));
#2521=CARTESIAN_POINT('Origin',(0.,0.,12.55));
#2522=CARTESIAN_POINT('',(22.5,-1.9,12.55));
#2523=CARTESIAN_POINT('',(22.5,15.,12.55));
#2524=CARTESIAN_POINT('',(21.,-1.9,12.55));
#2525=CARTESIAN_POINT('',(11.25,-1.9,12.55));
#2526=CARTESIAN_POINT('',(21.,-4.4,12.55));
#2527=CARTESIAN_POINT('',(21.,-0.95,12.55));
#2528=CARTESIAN_POINT('',(12.4,-4.4,12.55));
#2529=CARTESIAN_POINT('',(10.5,-4.4,12.55));
#2530=CARTESIAN_POINT('',(12.4,-9.3,12.55));
#2531=CARTESIAN_POINT('',(12.4,4.65,12.55));
#2532=CARTESIAN_POINT('',(-12.2,-9.3,12.55));
#2533=CARTESIAN_POINT('',(6.2,-9.3,12.55));
#2534=CARTESIAN_POINT('',(-12.2,-10.3,12.55));
#2535=CARTESIAN_POINT('',(-12.2,-4.65,12.55));
#2536=CARTESIAN_POINT('',(-17.2,-10.3,12.55));
#2537=CARTESIAN_POINT('',(-6.1,-10.3,12.55));
#2538=CARTESIAN_POINT('',(-17.2,-9.3,12.55));
#2539=CARTESIAN_POINT('',(-17.2,-5.15,12.55));
#2540=CARTESIAN_POINT('',(6.2,-9.3,12.55));
#2541=CARTESIAN_POINT('',(22.5,-15.,12.55));
#2542=CARTESIAN_POINT('',(-16.8,-11.5,12.55));
#2543=CARTESIAN_POINT('Origin',(-18.,-11.5,12.55));
#2544=CARTESIAN_POINT('',(19.2,-11.5,12.55));
#2545=CARTESIAN_POINT('Origin',(18.,-11.5,12.55));
#2546=CARTESIAN_POINT('Origin',(-18.,-11.5,3.));
#2547=CARTESIAN_POINT('',(-16.8,-11.5,3.));
#2548=CARTESIAN_POINT('Origin',(-18.,-11.5,3.));
#2549=CARTESIAN_POINT('Origin',(-18.,-11.5,6.9025));
#2550=CARTESIAN_POINT('',(-16.8,-11.5,6.9025));
#2551=CARTESIAN_POINT('Origin',(18.,11.5,3.));
#2552=CARTESIAN_POINT('',(19.2,11.5,3.));
#2553=CARTESIAN_POINT('Origin',(18.,11.5,3.));
#2554=CARTESIAN_POINT('Origin',(18.,11.5,6.9025));
#2555=CARTESIAN_POINT('',(19.2,11.5,12.55));
#2556=CARTESIAN_POINT('',(19.2,11.5,6.9025));
#2557=CARTESIAN_POINT('Origin',(18.,11.5,12.55));
#2558=CARTESIAN_POINT('Origin',(-18.,11.5,3.));
#2559=CARTESIAN_POINT('',(-16.8,11.5,3.));
#2560=CARTESIAN_POINT('Origin',(-18.,11.5,3.));
#2561=CARTESIAN_POINT('Origin',(-18.,11.5,6.9025));
#2562=CARTESIAN_POINT('',(-16.8,11.5,12.55));
#2563=CARTESIAN_POINT('',(-16.8,11.5,6.9025));
#2564=CARTESIAN_POINT('Origin',(-18.,11.5,12.55));
#2565=CARTESIAN_POINT('Origin',(18.,-11.5,3.));
#2566=CARTESIAN_POINT('',(19.2,-11.5,3.));
#2567=CARTESIAN_POINT('Origin',(18.,-11.5,3.));
#2568=CARTESIAN_POINT('Origin',(18.,-11.5,6.9025));
#2569=CARTESIAN_POINT('',(19.2,-11.5,6.9025));
#2570=CARTESIAN_POINT('Origin',(13.65,4.65,5.14));
#2571=CARTESIAN_POINT('',(12.4,-4.4,1.64));
#2572=CARTESIAN_POINT('',(14.9,-4.4,8.64));
#2573=CARTESIAN_POINT('',(15.2392533936652,-4.4,9.58990950226244));
#2574=CARTESIAN_POINT('',(14.9,4.4,8.64));
#2575=CARTESIAN_POINT('',(14.9,4.65,8.64));
#2576=CARTESIAN_POINT('',(12.4,4.4,1.64));
#2577=CARTESIAN_POINT('',(14.7528280542986,4.4,8.2279185520362));
#2578=CARTESIAN_POINT('',(12.4,4.65,1.64));
#2579=CARTESIAN_POINT('Origin',(17.45,-1.11022302462516E-15,8.64));
#2580=CARTESIAN_POINT('',(14.967,-4.4,8.64));
#2581=CARTESIAN_POINT('',(21.,-4.4,8.64));
#2582=CARTESIAN_POINT('',(14.967,-2.5,8.64));
#2583=CARTESIAN_POINT('',(14.967,-1.25,8.64));
#2584=CARTESIAN_POINT('',(16.567,-2.5,8.64));
#2585=CARTESIAN_POINT('',(17.0085,-2.5,8.64));
#2586=CARTESIAN_POINT('',(16.567,-4.4,8.64));
#2587=CARTESIAN_POINT('',(16.567,-2.2,8.64));
#2588=CARTESIAN_POINT('',(21.,-4.4,8.64));
#2589=CARTESIAN_POINT('',(21.,-4.4,8.64));
#2590=CARTESIAN_POINT('',(21.,-1.9,8.64));
#2591=CARTESIAN_POINT('',(21.,-1.9,8.64));
#2592=CARTESIAN_POINT('',(22.5,-1.9,8.64));
#2593=CARTESIAN_POINT('',(22.5,-1.9,8.64));
#2594=CARTESIAN_POINT('',(22.5,1.9,8.64));
#2595=CARTESIAN_POINT('',(22.5,-7.5,8.64));
#2596=CARTESIAN_POINT('',(21.,1.9,8.64));
#2597=CARTESIAN_POINT('',(22.5,1.9,8.64));
#2598=CARTESIAN_POINT('',(21.,4.4,8.64));
#2599=CARTESIAN_POINT('',(21.,1.9,8.64));
#2600=CARTESIAN_POINT('',(16.567,4.4,8.64));
#2601=CARTESIAN_POINT('',(21.,4.4,8.64));
#2602=CARTESIAN_POINT('',(16.567,2.5,8.64));
#2603=CARTESIAN_POINT('',(16.567,1.25,8.64));
#2604=CARTESIAN_POINT('',(14.967,2.5,8.64));
#2605=CARTESIAN_POINT('',(16.2085,2.5,8.64));
#2606=CARTESIAN_POINT('',(14.967,4.4,8.64));
#2607=CARTESIAN_POINT('',(14.967,2.2,8.64));
#2608=CARTESIAN_POINT('',(21.,4.4,8.64));
#2609=CARTESIAN_POINT('Origin',(14.967,2.5,8.64));
#2610=CARTESIAN_POINT('',(16.567,2.5,10.64));
#2611=CARTESIAN_POINT('',(16.567,2.5,8.64));
#2612=CARTESIAN_POINT('',(14.967,2.5,10.64));
#2613=CARTESIAN_POINT('',(14.967,2.5,10.64));
#2614=CARTESIAN_POINT('',(14.967,2.5,8.64));
#2615=CARTESIAN_POINT('Origin',(14.967,4.4,8.64));
#2616=CARTESIAN_POINT('',(14.967,4.4,10.64));
#2617=CARTESIAN_POINT('',(14.967,4.4,10.64));
#2618=CARTESIAN_POINT('',(14.967,4.4,10.595));
#2619=CARTESIAN_POINT('Origin',(16.567,2.5,8.64));
#2620=CARTESIAN_POINT('',(16.567,4.4,10.64));
#2621=CARTESIAN_POINT('',(16.567,4.4,10.595));
#2622=CARTESIAN_POINT('',(16.567,2.5,10.64));
#2623=CARTESIAN_POINT('Origin',(15.767,3.45,10.64));
#2624=CARTESIAN_POINT('',(14.0835,4.4,10.64));
#2625=CARTESIAN_POINT('Origin',(12.4,4.4,12.55));
#2626=CARTESIAN_POINT('',(21.,4.4,12.55));
#2627=CARTESIAN_POINT('',(21.,4.4,12.55));
#2628=CARTESIAN_POINT('',(12.4,4.4,12.55));
#2629=CARTESIAN_POINT('',(6.2,4.4,12.55));
#2630=CARTESIAN_POINT('',(12.4,4.4,12.55));
#2631=CARTESIAN_POINT('Origin',(16.567,-4.4,8.64));
#2632=CARTESIAN_POINT('',(16.567,-2.5,10.64));
#2633=CARTESIAN_POINT('',(16.567,-2.5,8.64));
#2634=CARTESIAN_POINT('',(16.567,-4.4,10.64));
#2635=CARTESIAN_POINT('',(16.567,-2.5,10.64));
#2636=CARTESIAN_POINT('',(16.567,-4.4,10.595));
#2637=CARTESIAN_POINT('Origin',(14.967,-2.5,8.64));
#2638=CARTESIAN_POINT('',(14.967,-4.4,10.64));
#2639=CARTESIAN_POINT('',(14.967,-4.4,10.595));
#2640=CARTESIAN_POINT('',(14.967,-2.5,10.64));
#2641=CARTESIAN_POINT('',(14.967,-4.4,10.64));
#2642=CARTESIAN_POINT('',(14.967,-2.5,8.64));
#2643=CARTESIAN_POINT('Origin',(16.567,-2.5,8.64));
#2644=CARTESIAN_POINT('',(14.967,-2.5,10.64));
#2645=CARTESIAN_POINT('Origin',(15.767,-3.45,10.64));
#2646=CARTESIAN_POINT('',(18.3835,-4.4,10.64));
#2647=CARTESIAN_POINT('Origin',(21.,1.9,12.55));
#2648=CARTESIAN_POINT('',(21.,1.9,12.55));
#2649=CARTESIAN_POINT('',(22.5,1.9,12.55));
#2650=CARTESIAN_POINT('',(10.5,1.9,12.55));
#2651=CARTESIAN_POINT('',(21.,1.9,12.55));
#2652=CARTESIAN_POINT('',(22.5,1.9,6.275));
#2653=CARTESIAN_POINT('Origin',(21.,4.4,12.55));
#2654=CARTESIAN_POINT('',(21.,2.20000000000002,12.55));
#2655=CARTESIAN_POINT('Origin',(21.,-4.4,12.55));
#2656=CARTESIAN_POINT('',(12.4,-4.4,12.55));
#2657=CARTESIAN_POINT('',(21.,-4.4,12.55));
#2658=CARTESIAN_POINT('Origin',(21.,-1.9,12.55));
#2659=CARTESIAN_POINT('',(21.,-1.9,12.55));
#2660=CARTESIAN_POINT('Origin',(22.5,-1.9,12.55));
#2661=CARTESIAN_POINT('',(22.5,-1.9,6.275));
#2662=CARTESIAN_POINT('Origin',(0.,0.,12.55));
#2663=CARTESIAN_POINT('',(12.4,9.3,12.55));
#2664=CARTESIAN_POINT('',(-10.6,9.3,12.55));
#2665=CARTESIAN_POINT('',(12.4,4.65,12.55));
#2666=CARTESIAN_POINT('',(22.5,15.,12.55));
#2667=CARTESIAN_POINT('Origin',(12.4,9.3,12.55));
#2668=CARTESIAN_POINT('',(12.4,9.3,1.5));
#2669=CARTESIAN_POINT('',(12.4,9.3,12.55));
#2670=CARTESIAN_POINT('',(12.4,-6.812,1.5));
#2671=CARTESIAN_POINT('',(12.4,9.3,1.5));
#2672=CARTESIAN_POINT('',(12.4,-6.812,7.5));
#2673=CARTESIAN_POINT('',(12.4,-6.812,7.5));
#2674=CARTESIAN_POINT('',(12.4,-9.3,7.5));
#2675=CARTESIAN_POINT('',(12.4,-9.3,7.5));
#2676=CARTESIAN_POINT('',(12.4,-9.3,12.55));
#2677=CARTESIAN_POINT('Origin',(-12.2,-10.3,12.55));
#2678=CARTESIAN_POINT('',(-12.2,-10.3,7.5));
#2679=CARTESIAN_POINT('',(-17.2,-10.3,7.5));
#2680=CARTESIAN_POINT('',(-13.45,-10.3,7.5));
#2681=CARTESIAN_POINT('',(-17.2,-10.3,12.55));
#2682=CARTESIAN_POINT('',(-12.2,-10.3,12.55));
#2683=CARTESIAN_POINT('Origin',(-12.2,-9.3,12.55));
#2684=CARTESIAN_POINT('',(-12.2,-9.3,7.5));
#2685=CARTESIAN_POINT('',(-12.2,-9.55,7.5));
#2686=CARTESIAN_POINT('',(-12.2,-9.3,12.55));
#2687=CARTESIAN_POINT('Origin',(-17.2,-10.3,12.55));
#2688=CARTESIAN_POINT('',(-17.2,-9.3,7.5));
#2689=CARTESIAN_POINT('',(-17.2,-10.05,7.5));
#2690=CARTESIAN_POINT('',(-17.2,-9.3,12.55));
#2691=CARTESIAN_POINT('Origin',(12.4,-9.3,12.55));
#2692=CARTESIAN_POINT('',(-21.2,-9.3,7.5));
#2693=CARTESIAN_POINT('Origin',(12.4,-9.3,12.55));
#2694=CARTESIAN_POINT('',(-21.2,-9.3,7.5));
#2695=CARTESIAN_POINT('Origin',(12.4,-6.812,7.5));
#2696=CARTESIAN_POINT('',(4.,-6.812,7.5));
#2697=CARTESIAN_POINT('',(12.4,-6.812,1.5));
#2698=CARTESIAN_POINT('Origin',(-4.4,1.244,1.5));
#2699=CARTESIAN_POINT('',(-21.2,9.3,1.5));
#2700=CARTESIAN_POINT('',(-21.2,9.3,1.5));
#2701=CARTESIAN_POINT('Origin',(-21.2,9.3,12.55));
#2702=CARTESIAN_POINT('Origin',(-4.4,0.,7.5));
#2703=CARTESIAN_POINT('Origin',(22.5,-15.,0.));
#2704=CARTESIAN_POINT('Origin',(-22.5,-15.,0.));
#2705=UNCERTAINTY_MEASURE_WITH_UNIT(LENGTH_MEASURE(0.01),#2709,
'DISTANCE_ACCURACY_VALUE',
'Maximum model space distance between geometric entities at asserted c
onnectivities');
#2706=UNCERTAINTY_MEASURE_WITH_UNIT(LENGTH_MEASURE(0.01),#2709,
'DISTANCE_ACCURACY_VALUE',
'Maximum model space distance between geometric entities at asserted c
onnectivities');
#2707=(
GEOMETRIC_REPRESENTATION_CONTEXT(3)
GLOBAL_UNCERTAINTY_ASSIGNED_CONTEXT((#2705))
GLOBAL_UNIT_ASSIGNED_CONTEXT((#2709,#2711,#2712))
REPRESENTATION_CONTEXT('','3D')
);
#2708=(
GEOMETRIC_REPRESENTATION_CONTEXT(3)
GLOBAL_UNCERTAINTY_ASSIGNED_CONTEXT((#2706))
GLOBAL_UNIT_ASSIGNED_CONTEXT((#2709,#2711,#2712))
REPRESENTATION_CONTEXT('','3D')
);
#2709=(
LENGTH_UNIT()
NAMED_UNIT(*)
SI_UNIT(.MILLI.,.METRE.)
);
#2710=(
LENGTH_UNIT()
NAMED_UNIT(*)
SI_UNIT($,.METRE.)
);
#2711=(
NAMED_UNIT(*)
PLANE_ANGLE_UNIT()
SI_UNIT($,.RADIAN.)
);
#2712=(
NAMED_UNIT(*)
SI_UNIT($,.STERADIAN.)
SOLID_ANGLE_UNIT()
);
#2713=SHAPE_DEFINITION_REPRESENTATION(#2714,#2715);
#2714=PRODUCT_DEFINITION_SHAPE('',$,#2717);
#2715=SHAPE_REPRESENTATION('',(#1577),#2707);
#2716=PRODUCT_DEFINITION_CONTEXT('part definition',#2721,'design');
#2717=PRODUCT_DEFINITION('GoPro_Bottom','GoPro_Bottom',#2718,#2716);
#2718=PRODUCT_DEFINITION_FORMATION('',$,#2723);
#2719=PRODUCT_RELATED_PRODUCT_CATEGORY('GoPro_Bottom','GoPro_Bottom',(#2723));
#2720=APPLICATION_PROTOCOL_DEFINITION('international standard',
'automotive_design',2009,#2721);
#2721=APPLICATION_CONTEXT(
'Core Data for Automotive Mechanical Design Process');
#2722=PRODUCT_CONTEXT('part definition',#2721,'mechanical');
#2723=PRODUCT('GoPro_Bottom','GoPro_Bottom',$,(#2722));
#2724=PRESENTATION_STYLE_ASSIGNMENT((#2725));
#2725=SURFACE_STYLE_USAGE(.BOTH.,#2726);
#2726=SURFACE_SIDE_STYLE('',(#2727));
#2727=SURFACE_STYLE_FILL_AREA(#2728);
#2728=FILL_AREA_STYLE('Steel - Satin',(#2729));
#2729=FILL_AREA_STYLE_COLOUR('Steel - Satin',#2730);
#2730=COLOUR_RGB('Steel - Satin',0.627450980392157,0.627450980392157,0.627450980392157);
ENDSEC;
END-ISO-10303-21;
