ISO-10303-21;
HEADER;
/* Generated by software containing ST-Developer
 * from STEP Tools, Inc. (www.steptools.com) 
 */

FILE_DESCRIPTION(
/* description */ (''),
/* implementation_level */ '2;1');

FILE_NAME(
/* name */ 'Bolt-Base-No-Switch.step',
/* time_stamp */ '2026-05-26T21:28:47-04:00',
/* author */ (''),
/* organization */ (''),
/* preprocessor_version */ 'ST-DEVELOPER v20.1',
/* originating_system */ 'Autodesk Translation Framework v14.24.0.0',
/* authorisation */ '');

FILE_SCHEMA (('AUTOMOTIVE_DESIGN { 1 0 10303 214 3 1 1 }'));
ENDSEC;

DATA;
#10=MECHANICAL_DESIGN_GEOMETRIC_PRESENTATION_REPRESENTATION('',(#13),#3209);
#11=SHAPE_REPRESENTATION_RELATIONSHIP('SRR','None',#3216,#12);
#12=ADVANCED_BREP_SHAPE_REPRESENTATION('',(#14),#3208);
#13=STYLED_ITEM('',(#3225),#14);
#14=MANIFOLD_SOLID_BREP('Bottom',#1685);
#15=B_SPLINE_SURFACE_WITH_KNOTS('',3,3,((#2642,#2643,#2644,#2645,#2646,
#2647,#2648,#2649,#2650,#2651,#2652),(#2653,#2654,#2655,#2656,#2657,#2658,
#2659,#2660,#2661,#2662,#2663),(#2664,#2665,#2666,#2667,#2668,#2669,#2670,
#2671,#2672,#2673,#2674),(#2675,#2676,#2677,#2678,#2679,#2680,#2681,#2682,
#2683,#2684,#2685),(#2686,#2687,#2688,#2689,#2690,#2691,#2692,#2693,#2694,
#2695,#2696),(#2697,#2698,#2699,#2700,#2701,#2702,#2703,#2704,#2705,#2706,
#2707)),.UNSPECIFIED.,.F.,.F.,.F.,(4,1,1,4),(4,1,1,1,1,1,1,1,4),(0.,0.285714285714286,
0.571428571428571,1.),(0.,0.285714285714286,0.535714285714286,0.571428571428571,
0.857142857142857,0.928571428571429,0.964285714285714,0.982142857142857,
1.),.UNSPECIFIED.);
#16=B_SPLINE_SURFACE_WITH_KNOTS('',3,3,((#2741,#2742,#2743,#2744,#2745,
#2746,#2747,#2748),(#2749,#2750,#2751,#2752,#2753,#2754,#2755,#2756),(#2757,
#2758,#2759,#2760,#2761,#2762,#2763,#2764),(#2765,#2766,#2767,#2768,#2769,
#2770,#2771,#2772),(#2773,#2774,#2775,#2776,#2777,#2778,#2779,#2780),(#2781,
#2782,#2783,#2784,#2785,#2786,#2787,#2788)),.UNSPECIFIED.,.F.,.F.,.F.,(4,
1,1,4),(4,1,1,1,1,4),(0.,0.285714285714286,0.571428571428571,1.),(0.,0.142857142857143,
0.285714285714286,0.571428571428571,0.785714285714286,1.),.UNSPECIFIED.);
#17=B_SPLINE_SURFACE_WITH_KNOTS('',3,3,((#2839,#2840,#2841,#2842,#2843,
#2844,#2845,#2846),(#2847,#2848,#2849,#2850,#2851,#2852,#2853,#2854),(#2855,
#2856,#2857,#2858,#2859,#2860,#2861,#2862),(#2863,#2864,#2865,#2866,#2867,
#2868,#2869,#2870),(#2871,#2872,#2873,#2874,#2875,#2876,#2877,#2878),(#2879,
#2880,#2881,#2882,#2883,#2884,#2885,#2886)),.UNSPECIFIED.,.F.,.F.,.F.,(4,
1,1,4),(4,1,1,1,1,4),(0.,0.285714285714286,0.571428571428571,1.),(0.,0.142857142857143,
0.285714285714286,0.571428571428571,0.785714285714286,1.),.UNSPECIFIED.);
#18=B_SPLINE_SURFACE_WITH_KNOTS('',3,3,((#2958,#2959,#2960,#2961,#2962,
#2963,#2964,#2965,#2966,#2967,#2968),(#2969,#2970,#2971,#2972,#2973,#2974,
#2975,#2976,#2977,#2978,#2979),(#2980,#2981,#2982,#2983,#2984,#2985,#2986,
#2987,#2988,#2989,#2990),(#2991,#2992,#2993,#2994,#2995,#2996,#2997,#2998,
#2999,#3000,#3001),(#3002,#3003,#3004,#3005,#3006,#3007,#3008,#3009,#3010,
#3011,#3012),(#3013,#3014,#3015,#3016,#3017,#3018,#3019,#3020,#3021,#3022,
#3023)),.UNSPECIFIED.,.F.,.F.,.F.,(4,1,1,4),(4,1,1,1,1,1,1,1,4),(0.,0.285714285714286,
0.571428571428571,1.),(0.,0.285714285714286,0.535714285714286,0.571428571428571,
0.857142857142857,0.928571428571429,0.964285714285714,0.982142857142857,
1.),.UNSPECIFIED.);
#19=FACE_BOUND('',#212,.T.);
#20=FACE_BOUND('',#213,.T.);
#21=FACE_BOUND('',#214,.T.);
#22=FACE_BOUND('',#215,.T.);
#23=FACE_BOUND('',#216,.T.);
#24=FACE_BOUND('',#217,.T.);
#25=FACE_BOUND('',#276,.T.);
#26=FACE_BOUND('',#279,.T.);
#27=FACE_BOUND('',#282,.T.);
#28=FACE_BOUND('',#285,.T.);
#29=FACE_BOUND('',#299,.T.);
#30=FACE_BOUND('',#300,.T.);
#31=FACE_BOUND('',#301,.T.);
#32=FACE_BOUND('',#302,.T.);
#33=PLANE('',#1705);
#34=PLANE('',#1713);
#35=PLANE('',#1722);
#36=PLANE('',#1729);
#37=PLANE('',#1738);
#38=PLANE('',#1739);
#39=PLANE('',#1756);
#40=PLANE('',#1850);
#41=PLANE('',#1851);
#42=PLANE('',#1852);
#43=PLANE('',#1853);
#44=PLANE('',#1854);
#45=PLANE('',#1855);
#46=PLANE('',#1856);
#47=PLANE('',#1857);
#48=PLANE('',#1858);
#49=PLANE('',#1859);
#50=PLANE('',#1863);
#51=PLANE('',#1867);
#52=PLANE('',#1871);
#53=PLANE('',#1875);
#54=PLANE('',#1876);
#55=PLANE('',#1877);
#56=PLANE('',#1878);
#57=PLANE('',#1879);
#58=PLANE('',#1880);
#59=PLANE('',#1881);
#60=PLANE('',#1882);
#61=PLANE('',#1883);
#62=PLANE('',#1884);
#63=PLANE('',#1885);
#64=PLANE('',#1886);
#65=PLANE('',#1887);
#66=PLANE('',#1888);
#67=B_SPLINE_CURVE_WITH_KNOTS('',3,(#2418,#2419,#2420,#2421,#2422,#2423),
 .UNSPECIFIED.,.F.,.F.,(4,2,4),(0.,0.117562819132908,0.194026045695578),
 .UNSPECIFIED.);
#68=B_SPLINE_CURVE_WITH_KNOTS('',3,(#2444,#2445,#2446,#2447,#2448,#2449),
 .UNSPECIFIED.,.F.,.F.,(4,2,4),(0.505532240038509,0.581995466601179,0.699558285734087),
 .UNSPECIFIED.);
#69=B_SPLINE_CURVE_WITH_KNOTS('',3,(#2456,#2457,#2458,#2459,#2460,#2461,
#2462,#2463),.UNSPECIFIED.,.F.,.F.,(4,1,1,1,1,4),(0.,0.142857142857143,
0.285714285714286,0.571428571428571,0.785714285714286,1.),.UNSPECIFIED.);
#70=B_SPLINE_CURVE_WITH_KNOTS('',3,(#2490,#2491,#2492,#2493,#2494,#2495),
 .UNSPECIFIED.,.F.,.F.,(4,2,4),(0.,0.117562819132908,0.194026045695578),
 .UNSPECIFIED.);
#71=B_SPLINE_CURVE_WITH_KNOTS('',3,(#2511,#2512,#2513,#2514,#2515,#2516),
 .UNSPECIFIED.,.F.,.F.,(4,2,4),(0.505532240038509,0.581995466601179,0.699558285734087),
 .UNSPECIFIED.);
#72=B_SPLINE_CURVE_WITH_KNOTS('',3,(#2709,#2710,#2711,#2712,#2713,#2714,
#2715,#2716,#2717,#2718,#2719),.UNSPECIFIED.,.F.,.F.,(4,1,1,1,1,1,1,1,4),
(0.,0.285714285714286,0.535714285714286,0.571428571428571,0.857142857142857,
0.928571428571429,0.964285714285714,0.982142857142857,1.),.UNSPECIFIED.);
#73=B_SPLINE_CURVE_WITH_KNOTS('',3,(#2723,#2724,#2725,#2726,#2727,#2728,
#2729,#2730,#2731,#2732,#2733),.UNSPECIFIED.,.F.,.F.,(4,1,1,1,1,1,1,1,4),
(-1.,-0.982142857142857,-0.964285714285714,-0.928571428571429,-0.857142857142857,
-0.571428571428571,-0.535714285714286,-0.285714285714286,0.),
 .UNSPECIFIED.);
#74=B_SPLINE_CURVE_WITH_KNOTS('',3,(#2791,#2792,#2793,#2794,#2795,#2796,
#2797,#2798),.UNSPECIFIED.,.F.,.F.,(4,1,1,1,1,4),(-1.,-0.785714285714286,
-0.571428571428571,-0.285714285714286,-0.142857142857143,0.),
 .UNSPECIFIED.);
#75=B_SPLINE_CURVE_WITH_KNOTS('',3,(#2889,#2890,#2891,#2892,#2893,#2894,
#2895,#2896),.UNSPECIFIED.,.F.,.F.,(4,1,1,1,1,4),(-1.,-0.785714285714286,
-0.571428571428571,-0.285714285714286,-0.142857142857143,0.),
 .UNSPECIFIED.);
#76=B_SPLINE_CURVE_WITH_KNOTS('',3,(#2900,#2901,#2902,#2903,#2904,#2905,
#2906,#2907),.UNSPECIFIED.,.F.,.F.,(4,1,1,1,1,4),(0.,0.142857142857143,
0.285714285714286,0.571428571428571,0.785714285714286,1.),.UNSPECIFIED.);
#77=B_SPLINE_CURVE_WITH_KNOTS('',3,(#3026,#3027,#3028,#3029,#3030,#3031,
#3032,#3033,#3034,#3035,#3036),.UNSPECIFIED.,.F.,.F.,(4,1,1,1,1,1,1,1,4),
(0.,0.285714285714286,0.535714285714286,0.571428571428571,0.857142857142857,
0.928571428571429,0.964285714285714,0.982142857142857,1.),.UNSPECIFIED.);
#78=B_SPLINE_CURVE_WITH_KNOTS('',3,(#3040,#3041,#3042,#3043,#3044,#3045,
#3046,#3047,#3048,#3049,#3050),.UNSPECIFIED.,.F.,.F.,(4,1,1,1,1,1,1,1,4),
(-1.,-0.982142857142857,-0.964285714285714,-0.928571428571429,-0.857142857142857,
-0.571428571428571,-0.535714285714286,-0.285714285714286,0.),
 .UNSPECIFIED.);
#79=TOROIDAL_SURFACE('',#1702,2.,1.);
#80=TOROIDAL_SURFACE('',#1709,2.,1.);
#81=TOROIDAL_SURFACE('',#1719,2.,1.);
#82=TOROIDAL_SURFACE('',#1723,2.,1.);
#83=TOROIDAL_SURFACE('',#1757,3.1,1.);
#84=TOROIDAL_SURFACE('',#1763,3.1,1.);
#85=TOROIDAL_SURFACE('',#1769,3.1,1.);
#86=TOROIDAL_SURFACE('',#1775,3.1,1.);
#87=TOROIDAL_SURFACE('',#1791,4.,1.);
#88=TOROIDAL_SURFACE('',#1795,4.,1.);
#89=TOROIDAL_SURFACE('',#1799,4.,1.);
#90=TOROIDAL_SURFACE('',#1803,4.,1.);
#91=TOROIDAL_SURFACE('',#1807,4.,1.);
#92=TOROIDAL_SURFACE('',#1817,4.,1.);
#93=TOROIDAL_SURFACE('',#1823,4.,1.);
#94=TOROIDAL_SURFACE('',#1830,4.,1.);
#95=FACE_OUTER_BOUND('',#193,.T.);
#96=FACE_OUTER_BOUND('',#194,.T.);
#97=FACE_OUTER_BOUND('',#195,.T.);
#98=FACE_OUTER_BOUND('',#196,.T.);
#99=FACE_OUTER_BOUND('',#197,.T.);
#100=FACE_OUTER_BOUND('',#198,.T.);
#101=FACE_OUTER_BOUND('',#199,.T.);
#102=FACE_OUTER_BOUND('',#200,.T.);
#103=FACE_OUTER_BOUND('',#201,.T.);
#104=FACE_OUTER_BOUND('',#202,.T.);
#105=FACE_OUTER_BOUND('',#203,.T.);
#106=FACE_OUTER_BOUND('',#204,.T.);
#107=FACE_OUTER_BOUND('',#205,.T.);
#108=FACE_OUTER_BOUND('',#206,.T.);
#109=FACE_OUTER_BOUND('',#207,.T.);
#110=FACE_OUTER_BOUND('',#208,.T.);
#111=FACE_OUTER_BOUND('',#209,.T.);
#112=FACE_OUTER_BOUND('',#210,.T.);
#113=FACE_OUTER_BOUND('',#211,.T.);
#114=FACE_OUTER_BOUND('',#218,.T.);
#115=FACE_OUTER_BOUND('',#219,.T.);
#116=FACE_OUTER_BOUND('',#220,.T.);
#117=FACE_OUTER_BOUND('',#221,.T.);
#118=FACE_OUTER_BOUND('',#222,.T.);
#119=FACE_OUTER_BOUND('',#223,.T.);
#120=FACE_OUTER_BOUND('',#224,.T.);
#121=FACE_OUTER_BOUND('',#225,.T.);
#122=FACE_OUTER_BOUND('',#226,.T.);
#123=FACE_OUTER_BOUND('',#227,.T.);
#124=FACE_OUTER_BOUND('',#228,.T.);
#125=FACE_OUTER_BOUND('',#229,.T.);
#126=FACE_OUTER_BOUND('',#230,.T.);
#127=FACE_OUTER_BOUND('',#231,.T.);
#128=FACE_OUTER_BOUND('',#232,.T.);
#129=FACE_OUTER_BOUND('',#233,.T.);
#130=FACE_OUTER_BOUND('',#234,.T.);
#131=FACE_OUTER_BOUND('',#235,.T.);
#132=FACE_OUTER_BOUND('',#236,.T.);
#133=FACE_OUTER_BOUND('',#237,.T.);
#134=FACE_OUTER_BOUND('',#238,.T.);
#135=FACE_OUTER_BOUND('',#239,.T.);
#136=FACE_OUTER_BOUND('',#240,.T.);
#137=FACE_OUTER_BOUND('',#241,.T.);
#138=FACE_OUTER_BOUND('',#242,.T.);
#139=FACE_OUTER_BOUND('',#243,.T.);
#140=FACE_OUTER_BOUND('',#244,.T.);
#141=FACE_OUTER_BOUND('',#245,.T.);
#142=FACE_OUTER_BOUND('',#246,.T.);
#143=FACE_OUTER_BOUND('',#247,.T.);
#144=FACE_OUTER_BOUND('',#248,.T.);
#145=FACE_OUTER_BOUND('',#249,.T.);
#146=FACE_OUTER_BOUND('',#250,.T.);
#147=FACE_OUTER_BOUND('',#251,.T.);
#148=FACE_OUTER_BOUND('',#252,.T.);
#149=FACE_OUTER_BOUND('',#253,.T.);
#150=FACE_OUTER_BOUND('',#254,.T.);
#151=FACE_OUTER_BOUND('',#255,.T.);
#152=FACE_OUTER_BOUND('',#256,.T.);
#153=FACE_OUTER_BOUND('',#257,.T.);
#154=FACE_OUTER_BOUND('',#258,.T.);
#155=FACE_OUTER_BOUND('',#259,.T.);
#156=FACE_OUTER_BOUND('',#260,.T.);
#157=FACE_OUTER_BOUND('',#261,.T.);
#158=FACE_OUTER_BOUND('',#262,.T.);
#159=FACE_OUTER_BOUND('',#263,.T.);
#160=FACE_OUTER_BOUND('',#264,.T.);
#161=FACE_OUTER_BOUND('',#265,.T.);
#162=FACE_OUTER_BOUND('',#266,.T.);
#163=FACE_OUTER_BOUND('',#267,.T.);
#164=FACE_OUTER_BOUND('',#268,.T.);
#165=FACE_OUTER_BOUND('',#269,.T.);
#166=FACE_OUTER_BOUND('',#270,.T.);
#167=FACE_OUTER_BOUND('',#271,.T.);
#168=FACE_OUTER_BOUND('',#272,.T.);
#169=FACE_OUTER_BOUND('',#273,.T.);
#170=FACE_OUTER_BOUND('',#274,.T.);
#171=FACE_OUTER_BOUND('',#275,.T.);
#172=FACE_OUTER_BOUND('',#277,.T.);
#173=FACE_OUTER_BOUND('',#278,.T.);
#174=FACE_OUTER_BOUND('',#280,.T.);
#175=FACE_OUTER_BOUND('',#281,.T.);
#176=FACE_OUTER_BOUND('',#283,.T.);
#177=FACE_OUTER_BOUND('',#284,.T.);
#178=FACE_OUTER_BOUND('',#286,.T.);
#179=FACE_OUTER_BOUND('',#287,.T.);
#180=FACE_OUTER_BOUND('',#288,.T.);
#181=FACE_OUTER_BOUND('',#289,.T.);
#182=FACE_OUTER_BOUND('',#290,.T.);
#183=FACE_OUTER_BOUND('',#291,.T.);
#184=FACE_OUTER_BOUND('',#292,.T.);
#185=FACE_OUTER_BOUND('',#293,.T.);
#186=FACE_OUTER_BOUND('',#294,.T.);
#187=FACE_OUTER_BOUND('',#295,.T.);
#188=FACE_OUTER_BOUND('',#296,.T.);
#189=FACE_OUTER_BOUND('',#297,.T.);
#190=FACE_OUTER_BOUND('',#298,.T.);
#191=FACE_OUTER_BOUND('',#303,.T.);
#192=FACE_OUTER_BOUND('',#304,.T.);
#193=EDGE_LOOP('',(#1059,#1060,#1061,#1062));
#194=EDGE_LOOP('',(#1063,#1064,#1065,#1066));
#195=EDGE_LOOP('',(#1067,#1068,#1069,#1070,#1071));
#196=EDGE_LOOP('',(#1072,#1073,#1074,#1075));
#197=EDGE_LOOP('',(#1076,#1077,#1078,#1079));
#198=EDGE_LOOP('',(#1080,#1081,#1082,#1083));
#199=EDGE_LOOP('',(#1084,#1085,#1086,#1087,#1088,#1089,#1090,#1091,#1092,
#1093));
#200=EDGE_LOOP('',(#1094,#1095,#1096,#1097));
#201=EDGE_LOOP('',(#1098,#1099,#1100,#1101));
#202=EDGE_LOOP('',(#1102,#1103,#1104,#1105,#1106));
#203=EDGE_LOOP('',(#1107,#1108,#1109,#1110));
#204=EDGE_LOOP('',(#1111,#1112,#1113,#1114));
#205=EDGE_LOOP('',(#1115,#1116,#1117,#1118,#1119));
#206=EDGE_LOOP('',(#1120,#1121,#1122,#1123));
#207=EDGE_LOOP('',(#1124,#1125,#1126,#1127));
#208=EDGE_LOOP('',(#1128,#1129,#1130,#1131));
#209=EDGE_LOOP('',(#1132,#1133,#1134,#1135));
#210=EDGE_LOOP('',(#1136,#1137,#1138,#1139));
#211=EDGE_LOOP('',(#1140,#1141,#1142,#1143,#1144,#1145,#1146,#1147));
#212=EDGE_LOOP('',(#1148,#1149,#1150,#1151));
#213=EDGE_LOOP('',(#1152));
#214=EDGE_LOOP('',(#1153));
#215=EDGE_LOOP('',(#1154));
#216=EDGE_LOOP('',(#1155));
#217=EDGE_LOOP('',(#1156,#1157,#1158,#1159));
#218=EDGE_LOOP('',(#1160,#1161,#1162,#1163));
#219=EDGE_LOOP('',(#1164,#1165,#1166,#1167));
#220=EDGE_LOOP('',(#1168,#1169,#1170,#1171));
#221=EDGE_LOOP('',(#1172,#1173,#1174,#1175));
#222=EDGE_LOOP('',(#1176,#1177,#1178,#1179));
#223=EDGE_LOOP('',(#1180,#1181,#1182,#1183,#1184));
#224=EDGE_LOOP('',(#1185,#1186,#1187,#1188,#1189));
#225=EDGE_LOOP('',(#1190,#1191,#1192,#1193,#1194));
#226=EDGE_LOOP('',(#1195,#1196,#1197,#1198,#1199));
#227=EDGE_LOOP('',(#1200,#1201,#1202,#1203,#1204));
#228=EDGE_LOOP('',(#1205,#1206,#1207,#1208,#1209));
#229=EDGE_LOOP('',(#1210,#1211,#1212,#1213,#1214));
#230=EDGE_LOOP('',(#1215,#1216,#1217,#1218,#1219));
#231=EDGE_LOOP('',(#1220,#1221,#1222,#1223));
#232=EDGE_LOOP('',(#1224,#1225,#1226,#1227));
#233=EDGE_LOOP('',(#1228,#1229,#1230,#1231));
#234=EDGE_LOOP('',(#1232,#1233,#1234,#1235));
#235=EDGE_LOOP('',(#1236,#1237,#1238,#1239));
#236=EDGE_LOOP('',(#1240,#1241,#1242,#1243));
#237=EDGE_LOOP('',(#1244,#1245,#1246,#1247));
#238=EDGE_LOOP('',(#1248,#1249,#1250,#1251));
#239=EDGE_LOOP('',(#1252,#1253,#1254,#1255));
#240=EDGE_LOOP('',(#1256,#1257,#1258,#1259));
#241=EDGE_LOOP('',(#1260,#1261,#1262,#1263));
#242=EDGE_LOOP('',(#1264,#1265,#1266,#1267));
#243=EDGE_LOOP('',(#1268,#1269,#1270,#1271));
#244=EDGE_LOOP('',(#1272,#1273,#1274,#1275));
#245=EDGE_LOOP('',(#1276,#1277,#1278,#1279));
#246=EDGE_LOOP('',(#1280,#1281,#1282,#1283));
#247=EDGE_LOOP('',(#1284,#1285,#1286,#1287));
#248=EDGE_LOOP('',(#1288,#1289,#1290,#1291));
#249=EDGE_LOOP('',(#1292,#1293,#1294,#1295));
#250=EDGE_LOOP('',(#1296,#1297,#1298,#1299));
#251=EDGE_LOOP('',(#1300,#1301,#1302,#1303));
#252=EDGE_LOOP('',(#1304,#1305,#1306,#1307));
#253=EDGE_LOOP('',(#1308,#1309,#1310,#1311));
#254=EDGE_LOOP('',(#1312,#1313,#1314,#1315));
#255=EDGE_LOOP('',(#1316,#1317,#1318,#1319));
#256=EDGE_LOOP('',(#1320,#1321,#1322,#1323));
#257=EDGE_LOOP('',(#1324,#1325,#1326,#1327));
#258=EDGE_LOOP('',(#1328,#1329,#1330,#1331));
#259=EDGE_LOOP('',(#1332,#1333,#1334,#1335));
#260=EDGE_LOOP('',(#1336,#1337,#1338,#1339));
#261=EDGE_LOOP('',(#1340,#1341,#1342,#1343));
#262=EDGE_LOOP('',(#1344,#1345,#1346,#1347));
#263=EDGE_LOOP('',(#1348,#1349,#1350,#1351));
#264=EDGE_LOOP('',(#1352,#1353,#1354,#1355));
#265=EDGE_LOOP('',(#1356,#1357,#1358,#1359));
#266=EDGE_LOOP('',(#1360,#1361,#1362,#1363,#1364,#1365,#1366,#1367,#1368,
#1369));
#267=EDGE_LOOP('',(#1370,#1371,#1372,#1373,#1374,#1375,#1376,#1377,#1378,
#1379,#1380,#1381,#1382,#1383));
#268=EDGE_LOOP('',(#1384,#1385,#1386,#1387));
#269=EDGE_LOOP('',(#1388,#1389,#1390,#1391));
#270=EDGE_LOOP('',(#1392,#1393,#1394,#1395));
#271=EDGE_LOOP('',(#1396,#1397,#1398,#1399));
#272=EDGE_LOOP('',(#1400,#1401,#1402,#1403,#1404,#1405));
#273=EDGE_LOOP('',(#1406,#1407,#1408,#1409));
#274=EDGE_LOOP('',(#1410,#1411,#1412,#1413,#1414,#1415,#1416,#1417));
#275=EDGE_LOOP('',(#1418));
#276=EDGE_LOOP('',(#1419));
#277=EDGE_LOOP('',(#1420,#1421,#1422,#1423));
#278=EDGE_LOOP('',(#1424));
#279=EDGE_LOOP('',(#1425));
#280=EDGE_LOOP('',(#1426,#1427,#1428,#1429));
#281=EDGE_LOOP('',(#1430));
#282=EDGE_LOOP('',(#1431));
#283=EDGE_LOOP('',(#1432,#1433,#1434,#1435));
#284=EDGE_LOOP('',(#1436));
#285=EDGE_LOOP('',(#1437));
#286=EDGE_LOOP('',(#1438,#1439,#1440,#1441));
#287=EDGE_LOOP('',(#1442,#1443,#1444,#1445,#1446));
#288=EDGE_LOOP('',(#1447,#1448,#1449,#1450,#1451,#1452,#1453,#1454,#1455,
#1456));
#289=EDGE_LOOP('',(#1457,#1458,#1459,#1460));
#290=EDGE_LOOP('',(#1461,#1462,#1463,#1464,#1465,#1466,#1467,#1468,#1469,
#1470));
#291=EDGE_LOOP('',(#1471,#1472,#1473,#1474));
#292=EDGE_LOOP('',(#1475,#1476,#1477,#1478));
#293=EDGE_LOOP('',(#1479,#1480,#1481,#1482));
#294=EDGE_LOOP('',(#1483,#1484,#1485,#1486));
#295=EDGE_LOOP('',(#1487,#1488,#1489,#1490));
#296=EDGE_LOOP('',(#1491,#1492,#1493,#1494));
#297=EDGE_LOOP('',(#1495,#1496,#1497,#1498));
#298=EDGE_LOOP('',(#1499,#1500,#1501,#1502,#1503,#1504,#1505,#1506,#1507,
#1508,#1509,#1510,#1511,#1512,#1513,#1514,#1515,#1516,#1517,#1518));
#299=EDGE_LOOP('',(#1519));
#300=EDGE_LOOP('',(#1520));
#301=EDGE_LOOP('',(#1521));
#302=EDGE_LOOP('',(#1522));
#303=EDGE_LOOP('',(#1523,#1524,#1525,#1526,#1527,#1528,#1529,#1530,#1531,
#1532));
#304=EDGE_LOOP('',(#1533,#1534,#1535,#1536,#1537,#1538,#1539,#1540,#1541,
#1542));
#305=ELLIPSE('',#1701,1.4142135623731,1.);
#306=ELLIPSE('',#1708,1.4142135623731,1.);
#307=ELLIPSE('',#1718,1.4142135623731,1.);
#308=ELLIPSE('',#1728,1.4142135623731,1.);
#309=ELLIPSE('',#1731,1.4142135623731,1.);
#310=ELLIPSE('',#1732,1.4142135623731,1.);
#311=ELLIPSE('',#1734,1.4142135623731,1.);
#312=ELLIPSE('',#1736,1.4142135623731,1.);
#313=ELLIPSE('',#1749,1.4142135623731,1.);
#314=ELLIPSE('',#1750,1.4142135623731,1.);
#315=ELLIPSE('',#1752,1.4142135623731,1.);
#316=ELLIPSE('',#1754,1.4142135623731,1.);
#317=LINE('',#2411,#451);
#318=LINE('',#2414,#452);
#319=LINE('',#2428,#453);
#320=LINE('',#2430,#454);
#321=LINE('',#2431,#455);
#322=LINE('',#2437,#456);
#323=LINE('',#2440,#457);
#324=LINE('',#2454,#458);
#325=LINE('',#2464,#459);
#326=LINE('',#2467,#460);
#327=LINE('',#2469,#461);
#328=LINE('',#2473,#462);
#329=LINE('',#2476,#463);
#330=LINE('',#2477,#464);
#331=LINE('',#2483,#465);
#332=LINE('',#2486,#466);
#333=LINE('',#2500,#467);
#334=LINE('',#2502,#468);
#335=LINE('',#2503,#469);
#336=LINE('',#2522,#470);
#337=LINE('',#2523,#471);
#338=LINE('',#2526,#472);
#339=LINE('',#2528,#473);
#340=LINE('',#2529,#474);
#341=LINE('',#2533,#475);
#342=LINE('',#2537,#476);
#343=LINE('',#2539,#477);
#344=LINE('',#2543,#478);
#345=LINE('',#2544,#479);
#346=LINE('',#2547,#480);
#347=LINE('',#2549,#481);
#348=LINE('',#2555,#482);
#349=LINE('',#2559,#483);
#350=LINE('',#2563,#484);
#351=LINE('',#2566,#485);
#352=LINE('',#2569,#486);
#353=LINE('',#2571,#487);
#354=LINE('',#2573,#488);
#355=LINE('',#2574,#489);
#356=LINE('',#2589,#490);
#357=LINE('',#2592,#491);
#358=LINE('',#2595,#492);
#359=LINE('',#2597,#493);
#360=LINE('',#2598,#494);
#361=LINE('',#2607,#495);
#362=LINE('',#2617,#496);
#363=LINE('',#2627,#497);
#364=LINE('',#2637,#498);
#365=LINE('',#2641,#499);
#366=LINE('',#2739,#500);
#367=LINE('',#2740,#501);
#368=LINE('',#2805,#502);
#369=LINE('',#2806,#503);
#370=LINE('',#2838,#504);
#371=LINE('',#2913,#505);
#372=LINE('',#2914,#506);
#373=LINE('',#2916,#507);
#374=LINE('',#2917,#508);
#375=LINE('',#2925,#509);
#376=LINE('',#2927,#510);
#377=LINE('',#2938,#511);
#378=LINE('',#2939,#512);
#379=LINE('',#2941,#513);
#380=LINE('',#2942,#514);
#381=LINE('',#2953,#515);
#382=LINE('',#2954,#516);
#383=LINE('',#2956,#517);
#384=LINE('',#2957,#518);
#385=LINE('',#3056,#519);
#386=LINE('',#3057,#520);
#387=LINE('',#3059,#521);
#388=LINE('',#3060,#522);
#389=LINE('',#3062,#523);
#390=LINE('',#3063,#524);
#391=LINE('',#3065,#525);
#392=LINE('',#3066,#526);
#393=LINE('',#3068,#527);
#394=LINE('',#3070,#528);
#395=LINE('',#3071,#529);
#396=LINE('',#3073,#530);
#397=LINE('',#3075,#531);
#398=LINE('',#3077,#532);
#399=LINE('',#3079,#533);
#400=LINE('',#3083,#534);
#401=LINE('',#3085,#535);
#402=LINE('',#3087,#536);
#403=LINE('',#3089,#537);
#404=LINE('',#3090,#538);
#405=LINE('',#3096,#539);
#406=LINE('',#3098,#540);
#407=LINE('',#3100,#541);
#408=LINE('',#3101,#542);
#409=LINE('',#3104,#543);
#410=LINE('',#3106,#544);
#411=LINE('',#3107,#545);
#412=LINE('',#3110,#546);
#413=LINE('',#3112,#547);
#414=LINE('',#3114,#548);
#415=LINE('',#3115,#549);
#416=LINE('',#3119,#550);
#417=LINE('',#3120,#551);
#418=LINE('',#3121,#552);
#419=LINE('',#3124,#553);
#420=LINE('',#3126,#554);
#421=LINE('',#3128,#555);
#422=LINE('',#3130,#556);
#423=LINE('',#3132,#557);
#424=LINE('',#3133,#558);
#425=LINE('',#3139,#559);
#426=LINE('',#3146,#560);
#427=LINE('',#3153,#561);
#428=LINE('',#3160,#562);
#429=LINE('',#3163,#563);
#430=LINE('',#3165,#564);
#431=LINE('',#3168,#565);
#432=LINE('',#3169,#566);
#433=LINE('',#3172,#567);
#434=LINE('',#3173,#568);
#435=LINE('',#3175,#569);
#436=LINE('',#3177,#570);
#437=LINE('',#3178,#571);
#438=LINE('',#3181,#572);
#439=LINE('',#3182,#573);
#440=LINE('',#3185,#574);
#441=LINE('',#3186,#575);
#442=LINE('',#3189,#576);
#443=LINE('',#3190,#577);
#444=LINE('',#3193,#578);
#445=LINE('',#3194,#579);
#446=LINE('',#3196,#580);
#447=LINE('',#3198,#581);
#448=LINE('',#3200,#582);
#449=LINE('',#3202,#583);
#450=LINE('',#3203,#584);
#451=VECTOR('',#1895,10.);
#452=VECTOR('',#1898,10.);
#453=VECTOR('',#1907,10.);
#454=VECTOR('',#1908,10.);
#455=VECTOR('',#1909,10.);
#456=VECTOR('',#1914,10.);
#457=VECTOR('',#1917,10.);
#458=VECTOR('',#1926,10.);
#459=VECTOR('',#1927,10.);
#460=VECTOR('',#1930,10.);
#461=VECTOR('',#1931,10.);
#462=VECTOR('',#1934,10.);
#463=VECTOR('',#1937,10.);
#464=VECTOR('',#1938,10.);
#465=VECTOR('',#1943,10.);
#466=VECTOR('',#1946,10.);
#467=VECTOR('',#1955,10.);
#468=VECTOR('',#1956,10.);
#469=VECTOR('',#1957,10.);
#470=VECTOR('',#1970,10.);
#471=VECTOR('',#1971,10.);
#472=VECTOR('',#1974,10.);
#473=VECTOR('',#1975,10.);
#474=VECTOR('',#1976,10.);
#475=VECTOR('',#1979,10.);
#476=VECTOR('',#1986,10.);
#477=VECTOR('',#1987,10.);
#478=VECTOR('',#1992,10.);
#479=VECTOR('',#1993,10.);
#480=VECTOR('',#1998,10.);
#481=VECTOR('',#2001,10.);
#482=VECTOR('',#2006,10.);
#483=VECTOR('',#2009,10.);
#484=VECTOR('',#2012,10.);
#485=VECTOR('',#2015,10.);
#486=VECTOR('',#2016,10.);
#487=VECTOR('',#2017,10.);
#488=VECTOR('',#2018,10.);
#489=VECTOR('',#2019,10.);
#490=VECTOR('',#2038,10.);
#491=VECTOR('',#2041,10.);
#492=VECTOR('',#2046,10.);
#493=VECTOR('',#2049,10.);
#494=VECTOR('',#2050,10.);
#495=VECTOR('',#2061,2.1);
#496=VECTOR('',#2074,2.1);
#497=VECTOR('',#2087,2.1);
#498=VECTOR('',#2100,2.1);
#499=VECTOR('',#2107,10.);
#500=VECTOR('',#2116,10.);
#501=VECTOR('',#2117,10.);
#502=VECTOR('',#2126,10.);
#503=VECTOR('',#2127,10.);
#504=VECTOR('',#2170,10.);
#505=VECTOR('',#2179,10.);
#506=VECTOR('',#2180,10.);
#507=VECTOR('',#2183,10.);
#508=VECTOR('',#2184,10.);
#509=VECTOR('',#2195,10.);
#510=VECTOR('',#2198,10.);
#511=VECTOR('',#2211,10.);
#512=VECTOR('',#2212,10.);
#513=VECTOR('',#2215,10.);
#514=VECTOR('',#2216,10.);
#515=VECTOR('',#2229,10.);
#516=VECTOR('',#2230,10.);
#517=VECTOR('',#2233,10.);
#518=VECTOR('',#2234,10.);
#519=VECTOR('',#2243,10.);
#520=VECTOR('',#2244,10.);
#521=VECTOR('',#2247,10.);
#522=VECTOR('',#2248,10.);
#523=VECTOR('',#2251,10.);
#524=VECTOR('',#2252,10.);
#525=VECTOR('',#2255,10.);
#526=VECTOR('',#2256,10.);
#527=VECTOR('',#2259,10.);
#528=VECTOR('',#2262,10.);
#529=VECTOR('',#2263,10.);
#530=VECTOR('',#2266,10.);
#531=VECTOR('',#2269,10.);
#532=VECTOR('',#2272,10.);
#533=VECTOR('',#2275,10.);
#534=VECTOR('',#2280,10.);
#535=VECTOR('',#2281,10.);
#536=VECTOR('',#2282,10.);
#537=VECTOR('',#2283,10.);
#538=VECTOR('',#2284,10.);
#539=VECTOR('',#2291,10.);
#540=VECTOR('',#2292,10.);
#541=VECTOR('',#2293,10.);
#542=VECTOR('',#2294,10.);
#543=VECTOR('',#2297,10.);
#544=VECTOR('',#2298,10.);
#545=VECTOR('',#2299,10.);
#546=VECTOR('',#2302,10.);
#547=VECTOR('',#2303,10.);
#548=VECTOR('',#2304,10.);
#549=VECTOR('',#2305,10.);
#550=VECTOR('',#2308,10.);
#551=VECTOR('',#2309,10.);
#552=VECTOR('',#2310,10.);
#553=VECTOR('',#2313,10.);
#554=VECTOR('',#2314,10.);
#555=VECTOR('',#2315,10.);
#556=VECTOR('',#2316,10.);
#557=VECTOR('',#2317,10.);
#558=VECTOR('',#2318,10.);
#559=VECTOR('',#2325,1.2);
#560=VECTOR('',#2334,1.2);
#561=VECTOR('',#2343,1.2);
#562=VECTOR('',#2352,1.2);
#563=VECTOR('',#2357,10.);
#564=VECTOR('',#2360,10.);
#565=VECTOR('',#2363,10.);
#566=VECTOR('',#2364,10.);
#567=VECTOR('',#2367,10.);
#568=VECTOR('',#2368,10.);
#569=VECTOR('',#2369,10.);
#570=VECTOR('',#2370,10.);
#571=VECTOR('',#2371,10.);
#572=VECTOR('',#2374,10.);
#573=VECTOR('',#2375,10.);
#574=VECTOR('',#2378,10.);
#575=VECTOR('',#2379,10.);
#576=VECTOR('',#2382,10.);
#577=VECTOR('',#2383,10.);
#578=VECTOR('',#2386,10.);
#579=VECTOR('',#2387,10.);
#580=VECTOR('',#2390,10.);
#581=VECTOR('',#2393,10.);
#582=VECTOR('',#2396,10.);
#583=VECTOR('',#2399,10.);
#584=VECTOR('',#2400,10.);
#585=CIRCLE('',#1700,1.);
#586=CIRCLE('',#1703,1.);
#587=CIRCLE('',#1704,2.);
#588=CIRCLE('',#1707,1.);
#589=CIRCLE('',#1710,2.);
#590=CIRCLE('',#1711,1.);
#591=CIRCLE('',#1714,4.);
#592=CIRCLE('',#1715,4.);
#593=CIRCLE('',#1717,1.);
#594=CIRCLE('',#1720,1.);
#595=CIRCLE('',#1721,2.);
#596=CIRCLE('',#1724,1.);
#597=CIRCLE('',#1725,1.);
#598=CIRCLE('',#1726,2.);
#599=CIRCLE('',#1740,4.);
#600=CIRCLE('',#1741,4.);
#601=CIRCLE('',#1742,4.);
#602=CIRCLE('',#1743,4.);
#603=CIRCLE('',#1744,3.1);
#604=CIRCLE('',#1745,3.1);
#605=CIRCLE('',#1746,3.1);
#606=CIRCLE('',#1747,3.1);
#607=CIRCLE('',#1758,1.);
#608=CIRCLE('',#1759,2.1);
#609=CIRCLE('',#1760,2.1);
#610=CIRCLE('',#1762,2.1);
#611=CIRCLE('',#1764,1.);
#612=CIRCLE('',#1765,2.1);
#613=CIRCLE('',#1766,2.1);
#614=CIRCLE('',#1768,2.1);
#615=CIRCLE('',#1770,1.);
#616=CIRCLE('',#1771,2.1);
#617=CIRCLE('',#1772,2.1);
#618=CIRCLE('',#1774,2.1);
#619=CIRCLE('',#1776,1.);
#620=CIRCLE('',#1777,2.1);
#621=CIRCLE('',#1778,2.1);
#622=CIRCLE('',#1780,2.1);
#623=CIRCLE('',#1783,1.5);
#624=CIRCLE('',#1784,1.);
#625=CIRCLE('',#1786,1.5);
#626=CIRCLE('',#1787,1.5);
#627=CIRCLE('',#1788,1.);
#628=CIRCLE('',#1790,1.5);
#629=CIRCLE('',#1792,1.);
#630=CIRCLE('',#1793,5.);
#631=CIRCLE('',#1794,1.);
#632=CIRCLE('',#1796,1.);
#633=CIRCLE('',#1797,5.);
#634=CIRCLE('',#1798,1.);
#635=CIRCLE('',#1800,5.);
#636=CIRCLE('',#1801,1.);
#637=CIRCLE('',#1802,1.);
#638=CIRCLE('',#1804,1.);
#639=CIRCLE('',#1805,5.);
#640=CIRCLE('',#1806,1.);
#641=CIRCLE('',#1808,1.);
#642=CIRCLE('',#1809,5.);
#643=CIRCLE('',#1810,1.);
#644=CIRCLE('',#1812,1.5);
#645=CIRCLE('',#1813,1.);
#646=CIRCLE('',#1815,1.5);
#647=CIRCLE('',#1818,5.);
#648=CIRCLE('',#1819,1.);
#649=CIRCLE('',#1820,1.);
#650=CIRCLE('',#1824,1.);
#651=CIRCLE('',#1825,5.);
#652=CIRCLE('',#1826,1.);
#653=CIRCLE('',#1827,4.);
#654=CIRCLE('',#1831,1.);
#655=CIRCLE('',#1832,5.);
#656=CIRCLE('',#1833,1.);
#657=CIRCLE('',#1834,4.);
#658=CIRCLE('',#1837,1.5);
#659=CIRCLE('',#1838,1.);
#660=CIRCLE('',#1840,1.5);
#661=CIRCLE('',#1860,1.2);
#662=CIRCLE('',#1862,1.2);
#663=CIRCLE('',#1864,1.2);
#664=CIRCLE('',#1866,1.2);
#665=CIRCLE('',#1868,1.2);
#666=CIRCLE('',#1870,1.2);
#667=CIRCLE('',#1872,1.2);
#668=CIRCLE('',#1874,1.2);
#669=VERTEX_POINT('',#2407);
#670=VERTEX_POINT('',#2408);
#671=VERTEX_POINT('',#2410);
#672=VERTEX_POINT('',#2412);
#673=VERTEX_POINT('',#2416);
#674=VERTEX_POINT('',#2417);
#675=VERTEX_POINT('',#2427);
#676=VERTEX_POINT('',#2429);
#677=VERTEX_POINT('',#2433);
#678=VERTEX_POINT('',#2434);
#679=VERTEX_POINT('',#2436);
#680=VERTEX_POINT('',#2438);
#681=VERTEX_POINT('',#2442);
#682=VERTEX_POINT('',#2443);
#683=VERTEX_POINT('',#2453);
#684=VERTEX_POINT('',#2455);
#685=VERTEX_POINT('',#2466);
#686=VERTEX_POINT('',#2468);
#687=VERTEX_POINT('',#2470);
#688=VERTEX_POINT('',#2472);
#689=VERTEX_POINT('',#2474);
#690=VERTEX_POINT('',#2479);
#691=VERTEX_POINT('',#2480);
#692=VERTEX_POINT('',#2482);
#693=VERTEX_POINT('',#2484);
#694=VERTEX_POINT('',#2488);
#695=VERTEX_POINT('',#2489);
#696=VERTEX_POINT('',#2499);
#697=VERTEX_POINT('',#2501);
#698=VERTEX_POINT('',#2505);
#699=VERTEX_POINT('',#2506);
#700=VERTEX_POINT('',#2508);
#701=VERTEX_POINT('',#2510);
#702=VERTEX_POINT('',#2519);
#703=VERTEX_POINT('',#2520);
#704=VERTEX_POINT('',#2525);
#705=VERTEX_POINT('',#2527);
#706=VERTEX_POINT('',#2531);
#707=VERTEX_POINT('',#2532);
#708=VERTEX_POINT('',#2538);
#709=VERTEX_POINT('',#2542);
#710=VERTEX_POINT('',#2551);
#711=VERTEX_POINT('',#2552);
#712=VERTEX_POINT('',#2554);
#713=VERTEX_POINT('',#2556);
#714=VERTEX_POINT('',#2558);
#715=VERTEX_POINT('',#2560);
#716=VERTEX_POINT('',#2562);
#717=VERTEX_POINT('',#2564);
#718=VERTEX_POINT('',#2567);
#719=VERTEX_POINT('',#2568);
#720=VERTEX_POINT('',#2570);
#721=VERTEX_POINT('',#2572);
#722=VERTEX_POINT('',#2575);
#723=VERTEX_POINT('',#2577);
#724=VERTEX_POINT('',#2579);
#725=VERTEX_POINT('',#2581);
#726=VERTEX_POINT('',#2587);
#727=VERTEX_POINT('',#2591);
#728=VERTEX_POINT('',#2600);
#729=VERTEX_POINT('',#2602);
#730=VERTEX_POINT('',#2606);
#731=VERTEX_POINT('',#2610);
#732=VERTEX_POINT('',#2612);
#733=VERTEX_POINT('',#2616);
#734=VERTEX_POINT('',#2620);
#735=VERTEX_POINT('',#2622);
#736=VERTEX_POINT('',#2626);
#737=VERTEX_POINT('',#2630);
#738=VERTEX_POINT('',#2632);
#739=VERTEX_POINT('',#2636);
#740=VERTEX_POINT('',#2708);
#741=VERTEX_POINT('',#2720);
#742=VERTEX_POINT('',#2722);
#743=VERTEX_POINT('',#2736);
#744=VERTEX_POINT('',#2737);
#745=VERTEX_POINT('',#2789);
#746=VERTEX_POINT('',#2790);
#747=VERTEX_POINT('',#2802);
#748=VERTEX_POINT('',#2803);
#749=VERTEX_POINT('',#2808);
#750=VERTEX_POINT('',#2810);
#751=VERTEX_POINT('',#2814);
#752=VERTEX_POINT('',#2816);
#753=VERTEX_POINT('',#2820);
#754=VERTEX_POINT('',#2821);
#755=VERTEX_POINT('',#2826);
#756=VERTEX_POINT('',#2828);
#757=VERTEX_POINT('',#2832);
#758=VERTEX_POINT('',#2834);
#759=VERTEX_POINT('',#2887);
#760=VERTEX_POINT('',#2888);
#761=VERTEX_POINT('',#2897);
#762=VERTEX_POINT('',#2899);
#763=VERTEX_POINT('',#2910);
#764=VERTEX_POINT('',#2911);
#765=VERTEX_POINT('',#2919);
#766=VERTEX_POINT('',#2920);
#767=VERTEX_POINT('',#2929);
#768=VERTEX_POINT('',#2930);
#769=VERTEX_POINT('',#2932);
#770=VERTEX_POINT('',#2934);
#771=VERTEX_POINT('',#2944);
#772=VERTEX_POINT('',#2945);
#773=VERTEX_POINT('',#2947);
#774=VERTEX_POINT('',#2949);
#775=VERTEX_POINT('',#3024);
#776=VERTEX_POINT('',#3025);
#777=VERTEX_POINT('',#3037);
#778=VERTEX_POINT('',#3039);
#779=VERTEX_POINT('',#3053);
#780=VERTEX_POINT('',#3054);
#781=VERTEX_POINT('',#3082);
#782=VERTEX_POINT('',#3084);
#783=VERTEX_POINT('',#3086);
#784=VERTEX_POINT('',#3088);
#785=VERTEX_POINT('',#3094);
#786=VERTEX_POINT('',#3095);
#787=VERTEX_POINT('',#3097);
#788=VERTEX_POINT('',#3099);
#789=VERTEX_POINT('',#3103);
#790=VERTEX_POINT('',#3105);
#791=VERTEX_POINT('',#3109);
#792=VERTEX_POINT('',#3111);
#793=VERTEX_POINT('',#3113);
#794=VERTEX_POINT('',#3117);
#795=VERTEX_POINT('',#3118);
#796=VERTEX_POINT('',#3123);
#797=VERTEX_POINT('',#3125);
#798=VERTEX_POINT('',#3127);
#799=VERTEX_POINT('',#3129);
#800=VERTEX_POINT('',#3131);
#801=VERTEX_POINT('',#3135);
#802=VERTEX_POINT('',#3138);
#803=VERTEX_POINT('',#3142);
#804=VERTEX_POINT('',#3145);
#805=VERTEX_POINT('',#3149);
#806=VERTEX_POINT('',#3152);
#807=VERTEX_POINT('',#3156);
#808=VERTEX_POINT('',#3159);
#809=VERTEX_POINT('',#3167);
#810=VERTEX_POINT('',#3171);
#811=VERTEX_POINT('',#3174);
#812=VERTEX_POINT('',#3176);
#813=VERTEX_POINT('',#3180);
#814=VERTEX_POINT('',#3184);
#815=VERTEX_POINT('',#3188);
#816=VERTEX_POINT('',#3192);
#817=EDGE_CURVE('',#669,#670,#585,.T.);
#818=EDGE_CURVE('',#670,#671,#317,.T.);
#819=EDGE_CURVE('',#671,#672,#305,.F.);
#820=EDGE_CURVE('',#672,#669,#318,.T.);
#821=EDGE_CURVE('',#673,#674,#67,.F.);
#822=EDGE_CURVE('',#674,#670,#586,.T.);
#823=EDGE_CURVE('',#669,#673,#587,.T.);
#824=EDGE_CURVE('',#675,#672,#319,.T.);
#825=EDGE_CURVE('',#676,#675,#320,.T.);
#826=EDGE_CURVE('',#673,#676,#321,.T.);
#827=EDGE_CURVE('',#677,#678,#588,.T.);
#828=EDGE_CURVE('',#678,#679,#322,.T.);
#829=EDGE_CURVE('',#679,#680,#306,.F.);
#830=EDGE_CURVE('',#680,#677,#323,.T.);
#831=EDGE_CURVE('',#681,#682,#68,.F.);
#832=EDGE_CURVE('',#682,#678,#589,.T.);
#833=EDGE_CURVE('',#677,#681,#590,.T.);
#834=EDGE_CURVE('',#677,#683,#324,.T.);
#835=EDGE_CURVE('',#683,#684,#69,.F.);
#836=EDGE_CURVE('',#684,#681,#325,.T.);
#837=EDGE_CURVE('',#685,#670,#326,.T.);
#838=EDGE_CURVE('',#686,#685,#327,.T.);
#839=EDGE_CURVE('',#687,#686,#591,.T.);
#840=EDGE_CURVE('',#688,#687,#328,.T.);
#841=EDGE_CURVE('',#689,#688,#592,.T.);
#842=EDGE_CURVE('',#683,#689,#329,.T.);
#843=EDGE_CURVE('',#671,#680,#330,.T.);
#844=EDGE_CURVE('',#690,#691,#593,.T.);
#845=EDGE_CURVE('',#691,#692,#331,.T.);
#846=EDGE_CURVE('',#692,#693,#307,.F.);
#847=EDGE_CURVE('',#693,#690,#332,.T.);
#848=EDGE_CURVE('',#694,#695,#70,.F.);
#849=EDGE_CURVE('',#695,#691,#594,.T.);
#850=EDGE_CURVE('',#690,#694,#595,.T.);
#851=EDGE_CURVE('',#696,#693,#333,.T.);
#852=EDGE_CURVE('',#697,#696,#334,.T.);
#853=EDGE_CURVE('',#694,#697,#335,.T.);
#854=EDGE_CURVE('',#698,#699,#596,.T.);
#855=EDGE_CURVE('',#699,#700,#597,.T.);
#856=EDGE_CURVE('',#700,#701,#71,.F.);
#857=EDGE_CURVE('',#701,#698,#598,.T.);
#858=EDGE_CURVE('',#702,#703,#308,.F.);
#859=EDGE_CURVE('',#703,#699,#336,.T.);
#860=EDGE_CURVE('',#698,#702,#337,.T.);
#861=EDGE_CURVE('',#704,#701,#338,.T.);
#862=EDGE_CURVE('',#705,#704,#339,.T.);
#863=EDGE_CURVE('',#705,#702,#340,.T.);
#864=EDGE_CURVE('',#706,#707,#341,.T.);
#865=EDGE_CURVE('',#707,#697,#309,.T.);
#866=EDGE_CURVE('',#696,#706,#310,.T.);
#867=EDGE_CURVE('',#704,#697,#342,.T.);
#868=EDGE_CURVE('',#707,#708,#343,.T.);
#869=EDGE_CURVE('',#708,#704,#311,.T.);
#870=EDGE_CURVE('',#709,#706,#344,.T.);
#871=EDGE_CURVE('',#696,#705,#345,.T.);
#872=EDGE_CURVE('',#705,#709,#312,.T.);
#873=EDGE_CURVE('',#708,#709,#346,.T.);
#874=EDGE_CURVE('',#702,#693,#347,.T.);
#875=EDGE_CURVE('',#710,#711,#599,.T.);
#876=EDGE_CURVE('',#712,#710,#348,.T.);
#877=EDGE_CURVE('',#713,#712,#600,.T.);
#878=EDGE_CURVE('',#714,#713,#349,.T.);
#879=EDGE_CURVE('',#715,#714,#601,.T.);
#880=EDGE_CURVE('',#716,#715,#350,.T.);
#881=EDGE_CURVE('',#717,#716,#602,.T.);
#882=EDGE_CURVE('',#711,#717,#351,.T.);
#883=EDGE_CURVE('',#718,#719,#352,.T.);
#884=EDGE_CURVE('',#720,#718,#353,.T.);
#885=EDGE_CURVE('',#721,#720,#354,.T.);
#886=EDGE_CURVE('',#719,#721,#355,.T.);
#887=EDGE_CURVE('',#722,#722,#603,.T.);
#888=EDGE_CURVE('',#723,#723,#604,.T.);
#889=EDGE_CURVE('',#724,#724,#605,.T.);
#890=EDGE_CURVE('',#725,#725,#606,.T.);
#891=EDGE_CURVE('',#719,#676,#313,.T.);
#892=EDGE_CURVE('',#718,#675,#314,.T.);
#893=EDGE_CURVE('',#721,#726,#315,.T.);
#894=EDGE_CURVE('',#726,#676,#356,.T.);
#895=EDGE_CURVE('',#727,#726,#357,.T.);
#896=EDGE_CURVE('',#720,#727,#316,.T.);
#897=EDGE_CURVE('',#675,#727,#358,.T.);
#898=EDGE_CURVE('',#679,#672,#359,.T.);
#899=EDGE_CURVE('',#727,#679,#360,.T.);
#900=EDGE_CURVE('',#725,#728,#607,.T.);
#901=EDGE_CURVE('',#728,#729,#608,.T.);
#902=EDGE_CURVE('',#729,#728,#609,.T.);
#903=EDGE_CURVE('',#729,#730,#361,.T.);
#904=EDGE_CURVE('',#730,#730,#610,.T.);
#905=EDGE_CURVE('',#722,#731,#611,.T.);
#906=EDGE_CURVE('',#731,#732,#612,.T.);
#907=EDGE_CURVE('',#732,#731,#613,.T.);
#908=EDGE_CURVE('',#732,#733,#362,.T.);
#909=EDGE_CURVE('',#733,#733,#614,.T.);
#910=EDGE_CURVE('',#724,#734,#615,.T.);
#911=EDGE_CURVE('',#734,#735,#616,.T.);
#912=EDGE_CURVE('',#735,#734,#617,.T.);
#913=EDGE_CURVE('',#735,#736,#363,.T.);
#914=EDGE_CURVE('',#736,#736,#618,.T.);
#915=EDGE_CURVE('',#723,#737,#619,.T.);
#916=EDGE_CURVE('',#737,#738,#620,.T.);
#917=EDGE_CURVE('',#738,#737,#621,.T.);
#918=EDGE_CURVE('',#738,#739,#364,.T.);
#919=EDGE_CURVE('',#739,#739,#622,.T.);
#920=EDGE_CURVE('',#692,#703,#365,.T.);
#921=EDGE_CURVE('',#740,#685,#72,.F.);
#922=EDGE_CURVE('',#741,#740,#623,.T.);
#923=EDGE_CURVE('',#741,#742,#73,.T.);
#924=EDGE_CURVE('',#685,#742,#624,.T.);
#925=EDGE_CURVE('',#743,#744,#625,.T.);
#926=EDGE_CURVE('',#744,#741,#366,.T.);
#927=EDGE_CURVE('',#740,#743,#367,.T.);
#928=EDGE_CURVE('',#745,#746,#74,.T.);
#929=EDGE_CURVE('',#684,#746,#626,.T.);
#930=EDGE_CURVE('',#745,#683,#627,.T.);
#931=EDGE_CURVE('',#747,#748,#628,.T.);
#932=EDGE_CURVE('',#748,#684,#368,.T.);
#933=EDGE_CURVE('',#746,#747,#369,.T.);
#934=EDGE_CURVE('',#749,#686,#629,.T.);
#935=EDGE_CURVE('',#750,#749,#630,.F.);
#936=EDGE_CURVE('',#687,#750,#631,.T.);
#937=EDGE_CURVE('',#751,#688,#632,.T.);
#938=EDGE_CURVE('',#752,#751,#633,.F.);
#939=EDGE_CURVE('',#689,#752,#634,.T.);
#940=EDGE_CURVE('',#753,#754,#635,.F.);
#941=EDGE_CURVE('',#715,#753,#636,.T.);
#942=EDGE_CURVE('',#754,#714,#637,.T.);
#943=EDGE_CURVE('',#755,#712,#638,.T.);
#944=EDGE_CURVE('',#756,#755,#639,.F.);
#945=EDGE_CURVE('',#713,#756,#640,.T.);
#946=EDGE_CURVE('',#757,#716,#641,.T.);
#947=EDGE_CURVE('',#758,#757,#642,.F.);
#948=EDGE_CURVE('',#717,#758,#643,.T.);
#949=EDGE_CURVE('',#753,#757,#370,.T.);
#950=EDGE_CURVE('',#759,#760,#75,.T.);
#951=EDGE_CURVE('',#761,#760,#644,.T.);
#952=EDGE_CURVE('',#762,#761,#76,.F.);
#953=EDGE_CURVE('',#759,#762,#645,.T.);
#954=EDGE_CURVE('',#763,#764,#646,.T.);
#955=EDGE_CURVE('',#764,#761,#371,.T.);
#956=EDGE_CURVE('',#760,#763,#372,.T.);
#957=EDGE_CURVE('',#699,#762,#373,.T.);
#958=EDGE_CURVE('',#761,#700,#374,.T.);
#959=EDGE_CURVE('',#765,#766,#647,.F.);
#960=EDGE_CURVE('',#710,#765,#648,.T.);
#961=EDGE_CURVE('',#766,#711,#649,.T.);
#962=EDGE_CURVE('',#765,#755,#375,.T.);
#963=EDGE_CURVE('',#758,#766,#376,.T.);
#964=EDGE_CURVE('',#767,#768,#650,.T.);
#965=EDGE_CURVE('',#769,#767,#651,.F.);
#966=EDGE_CURVE('',#770,#769,#652,.T.);
#967=EDGE_CURVE('',#770,#768,#653,.T.);
#968=EDGE_CURVE('',#767,#758,#377,.T.);
#969=EDGE_CURVE('',#757,#769,#378,.T.);
#970=EDGE_CURVE('',#762,#770,#379,.T.);
#971=EDGE_CURVE('',#769,#759,#380,.T.);
#972=EDGE_CURVE('',#771,#772,#654,.T.);
#973=EDGE_CURVE('',#773,#771,#655,.F.);
#974=EDGE_CURVE('',#774,#773,#656,.T.);
#975=EDGE_CURVE('',#774,#772,#657,.T.);
#976=EDGE_CURVE('',#771,#765,#381,.T.);
#977=EDGE_CURVE('',#766,#773,#382,.T.);
#978=EDGE_CURVE('',#768,#774,#383,.T.);
#979=EDGE_CURVE('',#773,#767,#384,.T.);
#980=EDGE_CURVE('',#775,#776,#77,.F.);
#981=EDGE_CURVE('',#777,#775,#658,.T.);
#982=EDGE_CURVE('',#777,#778,#78,.T.);
#983=EDGE_CURVE('',#776,#778,#659,.T.);
#984=EDGE_CURVE('',#779,#780,#660,.T.);
#985=EDGE_CURVE('',#780,#777,#385,.T.);
#986=EDGE_CURVE('',#775,#779,#386,.T.);
#987=EDGE_CURVE('',#772,#776,#387,.T.);
#988=EDGE_CURVE('',#778,#771,#388,.T.);
#989=EDGE_CURVE('',#695,#775,#389,.T.);
#990=EDGE_CURVE('',#776,#691,#390,.T.);
#991=EDGE_CURVE('',#751,#756,#391,.T.);
#992=EDGE_CURVE('',#755,#752,#392,.T.);
#993=EDGE_CURVE('',#756,#754,#393,.T.);
#994=EDGE_CURVE('',#749,#753,#394,.T.);
#995=EDGE_CURVE('',#754,#750,#395,.T.);
#996=EDGE_CURVE('',#752,#745,#396,.T.);
#997=EDGE_CURVE('',#750,#751,#397,.T.);
#998=EDGE_CURVE('',#742,#749,#398,.T.);
#999=EDGE_CURVE('',#674,#740,#399,.T.);
#1000=EDGE_CURVE('',#744,#781,#400,.T.);
#1001=EDGE_CURVE('',#782,#781,#401,.T.);
#1002=EDGE_CURVE('',#782,#783,#402,.T.);
#1003=EDGE_CURVE('',#783,#784,#403,.T.);
#1004=EDGE_CURVE('',#784,#763,#404,.T.);
#1005=EDGE_CURVE('',#785,#786,#405,.T.);
#1006=EDGE_CURVE('',#785,#787,#406,.T.);
#1007=EDGE_CURVE('',#787,#788,#407,.T.);
#1008=EDGE_CURVE('',#786,#788,#408,.T.);
#1009=EDGE_CURVE('',#788,#789,#409,.T.);
#1010=EDGE_CURVE('',#790,#787,#410,.T.);
#1011=EDGE_CURVE('',#789,#790,#411,.T.);
#1012=EDGE_CURVE('',#791,#785,#412,.T.);
#1013=EDGE_CURVE('',#791,#792,#413,.T.);
#1014=EDGE_CURVE('',#792,#793,#414,.T.);
#1015=EDGE_CURVE('',#793,#790,#415,.T.);
#1016=EDGE_CURVE('',#794,#795,#416,.T.);
#1017=EDGE_CURVE('',#795,#783,#417,.T.);
#1018=EDGE_CURVE('',#782,#794,#418,.T.);
#1019=EDGE_CURVE('',#786,#796,#419,.T.);
#1020=EDGE_CURVE('',#796,#797,#420,.T.);
#1021=EDGE_CURVE('',#797,#798,#421,.T.);
#1022=EDGE_CURVE('',#798,#799,#422,.T.);
#1023=EDGE_CURVE('',#799,#800,#423,.T.);
#1024=EDGE_CURVE('',#800,#791,#424,.T.);
#1025=EDGE_CURVE('',#801,#801,#661,.T.);
#1026=EDGE_CURVE('',#801,#802,#425,.T.);
#1027=EDGE_CURVE('',#802,#802,#662,.T.);
#1028=EDGE_CURVE('',#803,#803,#663,.T.);
#1029=EDGE_CURVE('',#803,#804,#426,.T.);
#1030=EDGE_CURVE('',#804,#804,#664,.T.);
#1031=EDGE_CURVE('',#805,#805,#665,.T.);
#1032=EDGE_CURVE('',#805,#806,#427,.T.);
#1033=EDGE_CURVE('',#806,#806,#666,.T.);
#1034=EDGE_CURVE('',#807,#807,#667,.T.);
#1035=EDGE_CURVE('',#807,#808,#428,.T.);
#1036=EDGE_CURVE('',#808,#808,#668,.T.);
#1037=EDGE_CURVE('',#726,#682,#429,.T.);
#1038=EDGE_CURVE('',#748,#743,#430,.T.);
#1039=EDGE_CURVE('',#781,#809,#431,.T.);
#1040=EDGE_CURVE('',#794,#809,#432,.T.);
#1041=EDGE_CURVE('',#809,#810,#433,.T.);
#1042=EDGE_CURVE('',#796,#810,#434,.T.);
#1043=EDGE_CURVE('',#811,#789,#435,.T.);
#1044=EDGE_CURVE('',#811,#812,#436,.T.);
#1045=EDGE_CURVE('',#795,#812,#437,.T.);
#1046=EDGE_CURVE('',#810,#813,#438,.T.);
#1047=EDGE_CURVE('',#797,#813,#439,.T.);
#1048=EDGE_CURVE('',#813,#814,#440,.T.);
#1049=EDGE_CURVE('',#798,#814,#441,.T.);
#1050=EDGE_CURVE('',#814,#815,#442,.T.);
#1051=EDGE_CURVE('',#799,#815,#443,.T.);
#1052=EDGE_CURVE('',#815,#816,#444,.T.);
#1053=EDGE_CURVE('',#800,#816,#445,.T.);
#1054=EDGE_CURVE('',#816,#792,#446,.T.);
#1055=EDGE_CURVE('',#793,#811,#447,.T.);
#1056=EDGE_CURVE('',#812,#784,#448,.T.);
#1057=EDGE_CURVE('',#764,#779,#449,.T.);
#1058=EDGE_CURVE('',#780,#747,#450,.T.);
#1059=ORIENTED_EDGE('',*,*,#817,.T.);
#1060=ORIENTED_EDGE('',*,*,#818,.T.);
#1061=ORIENTED_EDGE('',*,*,#819,.T.);
#1062=ORIENTED_EDGE('',*,*,#820,.T.);
#1063=ORIENTED_EDGE('',*,*,#821,.T.);
#1064=ORIENTED_EDGE('',*,*,#822,.T.);
#1065=ORIENTED_EDGE('',*,*,#817,.F.);
#1066=ORIENTED_EDGE('',*,*,#823,.T.);
#1067=ORIENTED_EDGE('',*,*,#823,.F.);
#1068=ORIENTED_EDGE('',*,*,#820,.F.);
#1069=ORIENTED_EDGE('',*,*,#824,.F.);
#1070=ORIENTED_EDGE('',*,*,#825,.F.);
#1071=ORIENTED_EDGE('',*,*,#826,.F.);
#1072=ORIENTED_EDGE('',*,*,#827,.T.);
#1073=ORIENTED_EDGE('',*,*,#828,.T.);
#1074=ORIENTED_EDGE('',*,*,#829,.T.);
#1075=ORIENTED_EDGE('',*,*,#830,.T.);
#1076=ORIENTED_EDGE('',*,*,#831,.T.);
#1077=ORIENTED_EDGE('',*,*,#832,.T.);
#1078=ORIENTED_EDGE('',*,*,#827,.F.);
#1079=ORIENTED_EDGE('',*,*,#833,.T.);
#1080=ORIENTED_EDGE('',*,*,#833,.F.);
#1081=ORIENTED_EDGE('',*,*,#834,.T.);
#1082=ORIENTED_EDGE('',*,*,#835,.T.);
#1083=ORIENTED_EDGE('',*,*,#836,.T.);
#1084=ORIENTED_EDGE('',*,*,#818,.F.);
#1085=ORIENTED_EDGE('',*,*,#837,.F.);
#1086=ORIENTED_EDGE('',*,*,#838,.F.);
#1087=ORIENTED_EDGE('',*,*,#839,.F.);
#1088=ORIENTED_EDGE('',*,*,#840,.F.);
#1089=ORIENTED_EDGE('',*,*,#841,.F.);
#1090=ORIENTED_EDGE('',*,*,#842,.F.);
#1091=ORIENTED_EDGE('',*,*,#834,.F.);
#1092=ORIENTED_EDGE('',*,*,#830,.F.);
#1093=ORIENTED_EDGE('',*,*,#843,.F.);
#1094=ORIENTED_EDGE('',*,*,#844,.T.);
#1095=ORIENTED_EDGE('',*,*,#845,.T.);
#1096=ORIENTED_EDGE('',*,*,#846,.T.);
#1097=ORIENTED_EDGE('',*,*,#847,.T.);
#1098=ORIENTED_EDGE('',*,*,#848,.T.);
#1099=ORIENTED_EDGE('',*,*,#849,.T.);
#1100=ORIENTED_EDGE('',*,*,#844,.F.);
#1101=ORIENTED_EDGE('',*,*,#850,.T.);
#1102=ORIENTED_EDGE('',*,*,#850,.F.);
#1103=ORIENTED_EDGE('',*,*,#847,.F.);
#1104=ORIENTED_EDGE('',*,*,#851,.F.);
#1105=ORIENTED_EDGE('',*,*,#852,.F.);
#1106=ORIENTED_EDGE('',*,*,#853,.F.);
#1107=ORIENTED_EDGE('',*,*,#854,.T.);
#1108=ORIENTED_EDGE('',*,*,#855,.T.);
#1109=ORIENTED_EDGE('',*,*,#856,.T.);
#1110=ORIENTED_EDGE('',*,*,#857,.T.);
#1111=ORIENTED_EDGE('',*,*,#858,.T.);
#1112=ORIENTED_EDGE('',*,*,#859,.T.);
#1113=ORIENTED_EDGE('',*,*,#854,.F.);
#1114=ORIENTED_EDGE('',*,*,#860,.T.);
#1115=ORIENTED_EDGE('',*,*,#860,.F.);
#1116=ORIENTED_EDGE('',*,*,#857,.F.);
#1117=ORIENTED_EDGE('',*,*,#861,.F.);
#1118=ORIENTED_EDGE('',*,*,#862,.F.);
#1119=ORIENTED_EDGE('',*,*,#863,.T.);
#1120=ORIENTED_EDGE('',*,*,#864,.T.);
#1121=ORIENTED_EDGE('',*,*,#865,.T.);
#1122=ORIENTED_EDGE('',*,*,#852,.T.);
#1123=ORIENTED_EDGE('',*,*,#866,.T.);
#1124=ORIENTED_EDGE('',*,*,#867,.T.);
#1125=ORIENTED_EDGE('',*,*,#865,.F.);
#1126=ORIENTED_EDGE('',*,*,#868,.T.);
#1127=ORIENTED_EDGE('',*,*,#869,.T.);
#1128=ORIENTED_EDGE('',*,*,#870,.T.);
#1129=ORIENTED_EDGE('',*,*,#866,.F.);
#1130=ORIENTED_EDGE('',*,*,#871,.T.);
#1131=ORIENTED_EDGE('',*,*,#872,.T.);
#1132=ORIENTED_EDGE('',*,*,#873,.T.);
#1133=ORIENTED_EDGE('',*,*,#872,.F.);
#1134=ORIENTED_EDGE('',*,*,#862,.T.);
#1135=ORIENTED_EDGE('',*,*,#869,.F.);
#1136=ORIENTED_EDGE('',*,*,#871,.F.);
#1137=ORIENTED_EDGE('',*,*,#851,.T.);
#1138=ORIENTED_EDGE('',*,*,#874,.F.);
#1139=ORIENTED_EDGE('',*,*,#863,.F.);
#1140=ORIENTED_EDGE('',*,*,#875,.F.);
#1141=ORIENTED_EDGE('',*,*,#876,.F.);
#1142=ORIENTED_EDGE('',*,*,#877,.F.);
#1143=ORIENTED_EDGE('',*,*,#878,.F.);
#1144=ORIENTED_EDGE('',*,*,#879,.F.);
#1145=ORIENTED_EDGE('',*,*,#880,.F.);
#1146=ORIENTED_EDGE('',*,*,#881,.F.);
#1147=ORIENTED_EDGE('',*,*,#882,.F.);
#1148=ORIENTED_EDGE('',*,*,#883,.F.);
#1149=ORIENTED_EDGE('',*,*,#884,.F.);
#1150=ORIENTED_EDGE('',*,*,#885,.F.);
#1151=ORIENTED_EDGE('',*,*,#886,.F.);
#1152=ORIENTED_EDGE('',*,*,#887,.F.);
#1153=ORIENTED_EDGE('',*,*,#888,.F.);
#1154=ORIENTED_EDGE('',*,*,#889,.F.);
#1155=ORIENTED_EDGE('',*,*,#890,.F.);
#1156=ORIENTED_EDGE('',*,*,#864,.F.);
#1157=ORIENTED_EDGE('',*,*,#870,.F.);
#1158=ORIENTED_EDGE('',*,*,#873,.F.);
#1159=ORIENTED_EDGE('',*,*,#868,.F.);
#1160=ORIENTED_EDGE('',*,*,#883,.T.);
#1161=ORIENTED_EDGE('',*,*,#891,.T.);
#1162=ORIENTED_EDGE('',*,*,#825,.T.);
#1163=ORIENTED_EDGE('',*,*,#892,.F.);
#1164=ORIENTED_EDGE('',*,*,#886,.T.);
#1165=ORIENTED_EDGE('',*,*,#893,.T.);
#1166=ORIENTED_EDGE('',*,*,#894,.T.);
#1167=ORIENTED_EDGE('',*,*,#891,.F.);
#1168=ORIENTED_EDGE('',*,*,#895,.T.);
#1169=ORIENTED_EDGE('',*,*,#893,.F.);
#1170=ORIENTED_EDGE('',*,*,#885,.T.);
#1171=ORIENTED_EDGE('',*,*,#896,.T.);
#1172=ORIENTED_EDGE('',*,*,#897,.T.);
#1173=ORIENTED_EDGE('',*,*,#896,.F.);
#1174=ORIENTED_EDGE('',*,*,#884,.T.);
#1175=ORIENTED_EDGE('',*,*,#892,.T.);
#1176=ORIENTED_EDGE('',*,*,#897,.F.);
#1177=ORIENTED_EDGE('',*,*,#824,.T.);
#1178=ORIENTED_EDGE('',*,*,#898,.F.);
#1179=ORIENTED_EDGE('',*,*,#899,.F.);
#1180=ORIENTED_EDGE('',*,*,#890,.T.);
#1181=ORIENTED_EDGE('',*,*,#900,.T.);
#1182=ORIENTED_EDGE('',*,*,#901,.T.);
#1183=ORIENTED_EDGE('',*,*,#902,.T.);
#1184=ORIENTED_EDGE('',*,*,#900,.F.);
#1185=ORIENTED_EDGE('',*,*,#901,.F.);
#1186=ORIENTED_EDGE('',*,*,#902,.F.);
#1187=ORIENTED_EDGE('',*,*,#903,.T.);
#1188=ORIENTED_EDGE('',*,*,#904,.T.);
#1189=ORIENTED_EDGE('',*,*,#903,.F.);
#1190=ORIENTED_EDGE('',*,*,#887,.T.);
#1191=ORIENTED_EDGE('',*,*,#905,.T.);
#1192=ORIENTED_EDGE('',*,*,#906,.T.);
#1193=ORIENTED_EDGE('',*,*,#907,.T.);
#1194=ORIENTED_EDGE('',*,*,#905,.F.);
#1195=ORIENTED_EDGE('',*,*,#906,.F.);
#1196=ORIENTED_EDGE('',*,*,#907,.F.);
#1197=ORIENTED_EDGE('',*,*,#908,.T.);
#1198=ORIENTED_EDGE('',*,*,#909,.T.);
#1199=ORIENTED_EDGE('',*,*,#908,.F.);
#1200=ORIENTED_EDGE('',*,*,#889,.T.);
#1201=ORIENTED_EDGE('',*,*,#910,.T.);
#1202=ORIENTED_EDGE('',*,*,#911,.T.);
#1203=ORIENTED_EDGE('',*,*,#912,.T.);
#1204=ORIENTED_EDGE('',*,*,#910,.F.);
#1205=ORIENTED_EDGE('',*,*,#911,.F.);
#1206=ORIENTED_EDGE('',*,*,#912,.F.);
#1207=ORIENTED_EDGE('',*,*,#913,.T.);
#1208=ORIENTED_EDGE('',*,*,#914,.T.);
#1209=ORIENTED_EDGE('',*,*,#913,.F.);
#1210=ORIENTED_EDGE('',*,*,#888,.T.);
#1211=ORIENTED_EDGE('',*,*,#915,.T.);
#1212=ORIENTED_EDGE('',*,*,#916,.T.);
#1213=ORIENTED_EDGE('',*,*,#917,.T.);
#1214=ORIENTED_EDGE('',*,*,#915,.F.);
#1215=ORIENTED_EDGE('',*,*,#916,.F.);
#1216=ORIENTED_EDGE('',*,*,#917,.F.);
#1217=ORIENTED_EDGE('',*,*,#918,.T.);
#1218=ORIENTED_EDGE('',*,*,#919,.T.);
#1219=ORIENTED_EDGE('',*,*,#918,.F.);
#1220=ORIENTED_EDGE('',*,*,#843,.T.);
#1221=ORIENTED_EDGE('',*,*,#829,.F.);
#1222=ORIENTED_EDGE('',*,*,#898,.T.);
#1223=ORIENTED_EDGE('',*,*,#819,.F.);
#1224=ORIENTED_EDGE('',*,*,#874,.T.);
#1225=ORIENTED_EDGE('',*,*,#846,.F.);
#1226=ORIENTED_EDGE('',*,*,#920,.T.);
#1227=ORIENTED_EDGE('',*,*,#858,.F.);
#1228=ORIENTED_EDGE('',*,*,#921,.F.);
#1229=ORIENTED_EDGE('',*,*,#922,.F.);
#1230=ORIENTED_EDGE('',*,*,#923,.T.);
#1231=ORIENTED_EDGE('',*,*,#924,.F.);
#1232=ORIENTED_EDGE('',*,*,#925,.T.);
#1233=ORIENTED_EDGE('',*,*,#926,.T.);
#1234=ORIENTED_EDGE('',*,*,#922,.T.);
#1235=ORIENTED_EDGE('',*,*,#927,.T.);
#1236=ORIENTED_EDGE('',*,*,#928,.T.);
#1237=ORIENTED_EDGE('',*,*,#929,.F.);
#1238=ORIENTED_EDGE('',*,*,#835,.F.);
#1239=ORIENTED_EDGE('',*,*,#930,.F.);
#1240=ORIENTED_EDGE('',*,*,#931,.T.);
#1241=ORIENTED_EDGE('',*,*,#932,.T.);
#1242=ORIENTED_EDGE('',*,*,#929,.T.);
#1243=ORIENTED_EDGE('',*,*,#933,.T.);
#1244=ORIENTED_EDGE('',*,*,#934,.F.);
#1245=ORIENTED_EDGE('',*,*,#935,.F.);
#1246=ORIENTED_EDGE('',*,*,#936,.F.);
#1247=ORIENTED_EDGE('',*,*,#839,.T.);
#1248=ORIENTED_EDGE('',*,*,#937,.F.);
#1249=ORIENTED_EDGE('',*,*,#938,.F.);
#1250=ORIENTED_EDGE('',*,*,#939,.F.);
#1251=ORIENTED_EDGE('',*,*,#841,.T.);
#1252=ORIENTED_EDGE('',*,*,#940,.F.);
#1253=ORIENTED_EDGE('',*,*,#941,.F.);
#1254=ORIENTED_EDGE('',*,*,#879,.T.);
#1255=ORIENTED_EDGE('',*,*,#942,.F.);
#1256=ORIENTED_EDGE('',*,*,#877,.T.);
#1257=ORIENTED_EDGE('',*,*,#943,.F.);
#1258=ORIENTED_EDGE('',*,*,#944,.F.);
#1259=ORIENTED_EDGE('',*,*,#945,.F.);
#1260=ORIENTED_EDGE('',*,*,#881,.T.);
#1261=ORIENTED_EDGE('',*,*,#946,.F.);
#1262=ORIENTED_EDGE('',*,*,#947,.F.);
#1263=ORIENTED_EDGE('',*,*,#948,.F.);
#1264=ORIENTED_EDGE('',*,*,#946,.T.);
#1265=ORIENTED_EDGE('',*,*,#880,.T.);
#1266=ORIENTED_EDGE('',*,*,#941,.T.);
#1267=ORIENTED_EDGE('',*,*,#949,.T.);
#1268=ORIENTED_EDGE('',*,*,#950,.T.);
#1269=ORIENTED_EDGE('',*,*,#951,.F.);
#1270=ORIENTED_EDGE('',*,*,#952,.F.);
#1271=ORIENTED_EDGE('',*,*,#953,.F.);
#1272=ORIENTED_EDGE('',*,*,#954,.T.);
#1273=ORIENTED_EDGE('',*,*,#955,.T.);
#1274=ORIENTED_EDGE('',*,*,#951,.T.);
#1275=ORIENTED_EDGE('',*,*,#956,.T.);
#1276=ORIENTED_EDGE('',*,*,#855,.F.);
#1277=ORIENTED_EDGE('',*,*,#957,.T.);
#1278=ORIENTED_EDGE('',*,*,#952,.T.);
#1279=ORIENTED_EDGE('',*,*,#958,.T.);
#1280=ORIENTED_EDGE('',*,*,#959,.F.);
#1281=ORIENTED_EDGE('',*,*,#960,.F.);
#1282=ORIENTED_EDGE('',*,*,#875,.T.);
#1283=ORIENTED_EDGE('',*,*,#961,.F.);
#1284=ORIENTED_EDGE('',*,*,#943,.T.);
#1285=ORIENTED_EDGE('',*,*,#876,.T.);
#1286=ORIENTED_EDGE('',*,*,#960,.T.);
#1287=ORIENTED_EDGE('',*,*,#962,.T.);
#1288=ORIENTED_EDGE('',*,*,#948,.T.);
#1289=ORIENTED_EDGE('',*,*,#963,.T.);
#1290=ORIENTED_EDGE('',*,*,#961,.T.);
#1291=ORIENTED_EDGE('',*,*,#882,.T.);
#1292=ORIENTED_EDGE('',*,*,#964,.F.);
#1293=ORIENTED_EDGE('',*,*,#965,.F.);
#1294=ORIENTED_EDGE('',*,*,#966,.F.);
#1295=ORIENTED_EDGE('',*,*,#967,.T.);
#1296=ORIENTED_EDGE('',*,*,#965,.T.);
#1297=ORIENTED_EDGE('',*,*,#968,.T.);
#1298=ORIENTED_EDGE('',*,*,#947,.T.);
#1299=ORIENTED_EDGE('',*,*,#969,.T.);
#1300=ORIENTED_EDGE('',*,*,#953,.T.);
#1301=ORIENTED_EDGE('',*,*,#970,.T.);
#1302=ORIENTED_EDGE('',*,*,#966,.T.);
#1303=ORIENTED_EDGE('',*,*,#971,.T.);
#1304=ORIENTED_EDGE('',*,*,#972,.F.);
#1305=ORIENTED_EDGE('',*,*,#973,.F.);
#1306=ORIENTED_EDGE('',*,*,#974,.F.);
#1307=ORIENTED_EDGE('',*,*,#975,.T.);
#1308=ORIENTED_EDGE('',*,*,#973,.T.);
#1309=ORIENTED_EDGE('',*,*,#976,.T.);
#1310=ORIENTED_EDGE('',*,*,#959,.T.);
#1311=ORIENTED_EDGE('',*,*,#977,.T.);
#1312=ORIENTED_EDGE('',*,*,#964,.T.);
#1313=ORIENTED_EDGE('',*,*,#978,.T.);
#1314=ORIENTED_EDGE('',*,*,#974,.T.);
#1315=ORIENTED_EDGE('',*,*,#979,.T.);
#1316=ORIENTED_EDGE('',*,*,#980,.F.);
#1317=ORIENTED_EDGE('',*,*,#981,.F.);
#1318=ORIENTED_EDGE('',*,*,#982,.T.);
#1319=ORIENTED_EDGE('',*,*,#983,.F.);
#1320=ORIENTED_EDGE('',*,*,#984,.T.);
#1321=ORIENTED_EDGE('',*,*,#985,.T.);
#1322=ORIENTED_EDGE('',*,*,#981,.T.);
#1323=ORIENTED_EDGE('',*,*,#986,.T.);
#1324=ORIENTED_EDGE('',*,*,#972,.T.);
#1325=ORIENTED_EDGE('',*,*,#987,.T.);
#1326=ORIENTED_EDGE('',*,*,#983,.T.);
#1327=ORIENTED_EDGE('',*,*,#988,.T.);
#1328=ORIENTED_EDGE('',*,*,#849,.F.);
#1329=ORIENTED_EDGE('',*,*,#989,.T.);
#1330=ORIENTED_EDGE('',*,*,#980,.T.);
#1331=ORIENTED_EDGE('',*,*,#990,.T.);
#1332=ORIENTED_EDGE('',*,*,#938,.T.);
#1333=ORIENTED_EDGE('',*,*,#991,.T.);
#1334=ORIENTED_EDGE('',*,*,#944,.T.);
#1335=ORIENTED_EDGE('',*,*,#992,.T.);
#1336=ORIENTED_EDGE('',*,*,#942,.T.);
#1337=ORIENTED_EDGE('',*,*,#878,.T.);
#1338=ORIENTED_EDGE('',*,*,#945,.T.);
#1339=ORIENTED_EDGE('',*,*,#993,.T.);
#1340=ORIENTED_EDGE('',*,*,#935,.T.);
#1341=ORIENTED_EDGE('',*,*,#994,.T.);
#1342=ORIENTED_EDGE('',*,*,#940,.T.);
#1343=ORIENTED_EDGE('',*,*,#995,.T.);
#1344=ORIENTED_EDGE('',*,*,#939,.T.);
#1345=ORIENTED_EDGE('',*,*,#996,.T.);
#1346=ORIENTED_EDGE('',*,*,#930,.T.);
#1347=ORIENTED_EDGE('',*,*,#842,.T.);
#1348=ORIENTED_EDGE('',*,*,#936,.T.);
#1349=ORIENTED_EDGE('',*,*,#997,.T.);
#1350=ORIENTED_EDGE('',*,*,#937,.T.);
#1351=ORIENTED_EDGE('',*,*,#840,.T.);
#1352=ORIENTED_EDGE('',*,*,#924,.T.);
#1353=ORIENTED_EDGE('',*,*,#998,.T.);
#1354=ORIENTED_EDGE('',*,*,#934,.T.);
#1355=ORIENTED_EDGE('',*,*,#838,.T.);
#1356=ORIENTED_EDGE('',*,*,#822,.F.);
#1357=ORIENTED_EDGE('',*,*,#999,.T.);
#1358=ORIENTED_EDGE('',*,*,#921,.T.);
#1359=ORIENTED_EDGE('',*,*,#837,.T.);
#1360=ORIENTED_EDGE('',*,*,#845,.F.);
#1361=ORIENTED_EDGE('',*,*,#990,.F.);
#1362=ORIENTED_EDGE('',*,*,#987,.F.);
#1363=ORIENTED_EDGE('',*,*,#975,.F.);
#1364=ORIENTED_EDGE('',*,*,#978,.F.);
#1365=ORIENTED_EDGE('',*,*,#967,.F.);
#1366=ORIENTED_EDGE('',*,*,#970,.F.);
#1367=ORIENTED_EDGE('',*,*,#957,.F.);
#1368=ORIENTED_EDGE('',*,*,#859,.F.);
#1369=ORIENTED_EDGE('',*,*,#920,.F.);
#1370=ORIENTED_EDGE('',*,*,#956,.F.);
#1371=ORIENTED_EDGE('',*,*,#950,.F.);
#1372=ORIENTED_EDGE('',*,*,#971,.F.);
#1373=ORIENTED_EDGE('',*,*,#969,.F.);
#1374=ORIENTED_EDGE('',*,*,#949,.F.);
#1375=ORIENTED_EDGE('',*,*,#994,.F.);
#1376=ORIENTED_EDGE('',*,*,#998,.F.);
#1377=ORIENTED_EDGE('',*,*,#923,.F.);
#1378=ORIENTED_EDGE('',*,*,#926,.F.);
#1379=ORIENTED_EDGE('',*,*,#1000,.T.);
#1380=ORIENTED_EDGE('',*,*,#1001,.F.);
#1381=ORIENTED_EDGE('',*,*,#1002,.T.);
#1382=ORIENTED_EDGE('',*,*,#1003,.T.);
#1383=ORIENTED_EDGE('',*,*,#1004,.T.);
#1384=ORIENTED_EDGE('',*,*,#963,.F.);
#1385=ORIENTED_EDGE('',*,*,#968,.F.);
#1386=ORIENTED_EDGE('',*,*,#979,.F.);
#1387=ORIENTED_EDGE('',*,*,#977,.F.);
#1388=ORIENTED_EDGE('',*,*,#991,.F.);
#1389=ORIENTED_EDGE('',*,*,#997,.F.);
#1390=ORIENTED_EDGE('',*,*,#995,.F.);
#1391=ORIENTED_EDGE('',*,*,#993,.F.);
#1392=ORIENTED_EDGE('',*,*,#1005,.F.);
#1393=ORIENTED_EDGE('',*,*,#1006,.T.);
#1394=ORIENTED_EDGE('',*,*,#1007,.T.);
#1395=ORIENTED_EDGE('',*,*,#1008,.F.);
#1396=ORIENTED_EDGE('',*,*,#1009,.F.);
#1397=ORIENTED_EDGE('',*,*,#1007,.F.);
#1398=ORIENTED_EDGE('',*,*,#1010,.F.);
#1399=ORIENTED_EDGE('',*,*,#1011,.F.);
#1400=ORIENTED_EDGE('',*,*,#1012,.F.);
#1401=ORIENTED_EDGE('',*,*,#1013,.T.);
#1402=ORIENTED_EDGE('',*,*,#1014,.T.);
#1403=ORIENTED_EDGE('',*,*,#1015,.T.);
#1404=ORIENTED_EDGE('',*,*,#1010,.T.);
#1405=ORIENTED_EDGE('',*,*,#1006,.F.);
#1406=ORIENTED_EDGE('',*,*,#1016,.T.);
#1407=ORIENTED_EDGE('',*,*,#1017,.T.);
#1408=ORIENTED_EDGE('',*,*,#1002,.F.);
#1409=ORIENTED_EDGE('',*,*,#1018,.T.);
#1410=ORIENTED_EDGE('',*,*,#1005,.T.);
#1411=ORIENTED_EDGE('',*,*,#1019,.T.);
#1412=ORIENTED_EDGE('',*,*,#1020,.T.);
#1413=ORIENTED_EDGE('',*,*,#1021,.T.);
#1414=ORIENTED_EDGE('',*,*,#1022,.T.);
#1415=ORIENTED_EDGE('',*,*,#1023,.T.);
#1416=ORIENTED_EDGE('',*,*,#1024,.T.);
#1417=ORIENTED_EDGE('',*,*,#1012,.T.);
#1418=ORIENTED_EDGE('',*,*,#919,.F.);
#1419=ORIENTED_EDGE('',*,*,#1025,.T.);
#1420=ORIENTED_EDGE('',*,*,#1025,.F.);
#1421=ORIENTED_EDGE('',*,*,#1026,.T.);
#1422=ORIENTED_EDGE('',*,*,#1027,.F.);
#1423=ORIENTED_EDGE('',*,*,#1026,.F.);
#1424=ORIENTED_EDGE('',*,*,#914,.F.);
#1425=ORIENTED_EDGE('',*,*,#1028,.T.);
#1426=ORIENTED_EDGE('',*,*,#1028,.F.);
#1427=ORIENTED_EDGE('',*,*,#1029,.T.);
#1428=ORIENTED_EDGE('',*,*,#1030,.F.);
#1429=ORIENTED_EDGE('',*,*,#1029,.F.);
#1430=ORIENTED_EDGE('',*,*,#909,.F.);
#1431=ORIENTED_EDGE('',*,*,#1031,.T.);
#1432=ORIENTED_EDGE('',*,*,#1031,.F.);
#1433=ORIENTED_EDGE('',*,*,#1032,.T.);
#1434=ORIENTED_EDGE('',*,*,#1033,.F.);
#1435=ORIENTED_EDGE('',*,*,#1032,.F.);
#1436=ORIENTED_EDGE('',*,*,#904,.F.);
#1437=ORIENTED_EDGE('',*,*,#1034,.T.);
#1438=ORIENTED_EDGE('',*,*,#1034,.F.);
#1439=ORIENTED_EDGE('',*,*,#1035,.T.);
#1440=ORIENTED_EDGE('',*,*,#1036,.F.);
#1441=ORIENTED_EDGE('',*,*,#1035,.F.);
#1442=ORIENTED_EDGE('',*,*,#832,.F.);
#1443=ORIENTED_EDGE('',*,*,#1037,.F.);
#1444=ORIENTED_EDGE('',*,*,#895,.F.);
#1445=ORIENTED_EDGE('',*,*,#899,.T.);
#1446=ORIENTED_EDGE('',*,*,#828,.F.);
#1447=ORIENTED_EDGE('',*,*,#894,.F.);
#1448=ORIENTED_EDGE('',*,*,#1037,.T.);
#1449=ORIENTED_EDGE('',*,*,#831,.F.);
#1450=ORIENTED_EDGE('',*,*,#836,.F.);
#1451=ORIENTED_EDGE('',*,*,#932,.F.);
#1452=ORIENTED_EDGE('',*,*,#1038,.T.);
#1453=ORIENTED_EDGE('',*,*,#927,.F.);
#1454=ORIENTED_EDGE('',*,*,#999,.F.);
#1455=ORIENTED_EDGE('',*,*,#821,.F.);
#1456=ORIENTED_EDGE('',*,*,#826,.T.);
#1457=ORIENTED_EDGE('',*,*,#1039,.T.);
#1458=ORIENTED_EDGE('',*,*,#1040,.F.);
#1459=ORIENTED_EDGE('',*,*,#1018,.F.);
#1460=ORIENTED_EDGE('',*,*,#1001,.T.);
#1461=ORIENTED_EDGE('',*,*,#1041,.T.);
#1462=ORIENTED_EDGE('',*,*,#1042,.F.);
#1463=ORIENTED_EDGE('',*,*,#1019,.F.);
#1464=ORIENTED_EDGE('',*,*,#1008,.T.);
#1465=ORIENTED_EDGE('',*,*,#1009,.T.);
#1466=ORIENTED_EDGE('',*,*,#1043,.F.);
#1467=ORIENTED_EDGE('',*,*,#1044,.T.);
#1468=ORIENTED_EDGE('',*,*,#1045,.F.);
#1469=ORIENTED_EDGE('',*,*,#1016,.F.);
#1470=ORIENTED_EDGE('',*,*,#1040,.T.);
#1471=ORIENTED_EDGE('',*,*,#1046,.T.);
#1472=ORIENTED_EDGE('',*,*,#1047,.F.);
#1473=ORIENTED_EDGE('',*,*,#1020,.F.);
#1474=ORIENTED_EDGE('',*,*,#1042,.T.);
#1475=ORIENTED_EDGE('',*,*,#1048,.T.);
#1476=ORIENTED_EDGE('',*,*,#1049,.F.);
#1477=ORIENTED_EDGE('',*,*,#1021,.F.);
#1478=ORIENTED_EDGE('',*,*,#1047,.T.);
#1479=ORIENTED_EDGE('',*,*,#1050,.T.);
#1480=ORIENTED_EDGE('',*,*,#1051,.F.);
#1481=ORIENTED_EDGE('',*,*,#1022,.F.);
#1482=ORIENTED_EDGE('',*,*,#1049,.T.);
#1483=ORIENTED_EDGE('',*,*,#1052,.T.);
#1484=ORIENTED_EDGE('',*,*,#1053,.F.);
#1485=ORIENTED_EDGE('',*,*,#1023,.F.);
#1486=ORIENTED_EDGE('',*,*,#1051,.T.);
#1487=ORIENTED_EDGE('',*,*,#1054,.T.);
#1488=ORIENTED_EDGE('',*,*,#1013,.F.);
#1489=ORIENTED_EDGE('',*,*,#1024,.F.);
#1490=ORIENTED_EDGE('',*,*,#1053,.T.);
#1491=ORIENTED_EDGE('',*,*,#1055,.T.);
#1492=ORIENTED_EDGE('',*,*,#1043,.T.);
#1493=ORIENTED_EDGE('',*,*,#1011,.T.);
#1494=ORIENTED_EDGE('',*,*,#1015,.F.);
#1495=ORIENTED_EDGE('',*,*,#1056,.T.);
#1496=ORIENTED_EDGE('',*,*,#1003,.F.);
#1497=ORIENTED_EDGE('',*,*,#1017,.F.);
#1498=ORIENTED_EDGE('',*,*,#1045,.T.);
#1499=ORIENTED_EDGE('',*,*,#984,.F.);
#1500=ORIENTED_EDGE('',*,*,#1057,.F.);
#1501=ORIENTED_EDGE('',*,*,#954,.F.);
#1502=ORIENTED_EDGE('',*,*,#1004,.F.);
#1503=ORIENTED_EDGE('',*,*,#1056,.F.);
#1504=ORIENTED_EDGE('',*,*,#1044,.F.);
#1505=ORIENTED_EDGE('',*,*,#1055,.F.);
#1506=ORIENTED_EDGE('',*,*,#1014,.F.);
#1507=ORIENTED_EDGE('',*,*,#1054,.F.);
#1508=ORIENTED_EDGE('',*,*,#1052,.F.);
#1509=ORIENTED_EDGE('',*,*,#1050,.F.);
#1510=ORIENTED_EDGE('',*,*,#1048,.F.);
#1511=ORIENTED_EDGE('',*,*,#1046,.F.);
#1512=ORIENTED_EDGE('',*,*,#1041,.F.);
#1513=ORIENTED_EDGE('',*,*,#1039,.F.);
#1514=ORIENTED_EDGE('',*,*,#1000,.F.);
#1515=ORIENTED_EDGE('',*,*,#925,.F.);
#1516=ORIENTED_EDGE('',*,*,#1038,.F.);
#1517=ORIENTED_EDGE('',*,*,#931,.F.);
#1518=ORIENTED_EDGE('',*,*,#1058,.F.);
#1519=ORIENTED_EDGE('',*,*,#1027,.T.);
#1520=ORIENTED_EDGE('',*,*,#1030,.T.);
#1521=ORIENTED_EDGE('',*,*,#1033,.T.);
#1522=ORIENTED_EDGE('',*,*,#1036,.T.);
#1523=ORIENTED_EDGE('',*,*,#985,.F.);
#1524=ORIENTED_EDGE('',*,*,#1058,.T.);
#1525=ORIENTED_EDGE('',*,*,#933,.F.);
#1526=ORIENTED_EDGE('',*,*,#928,.F.);
#1527=ORIENTED_EDGE('',*,*,#996,.F.);
#1528=ORIENTED_EDGE('',*,*,#992,.F.);
#1529=ORIENTED_EDGE('',*,*,#962,.F.);
#1530=ORIENTED_EDGE('',*,*,#976,.F.);
#1531=ORIENTED_EDGE('',*,*,#988,.F.);
#1532=ORIENTED_EDGE('',*,*,#982,.F.);
#1533=ORIENTED_EDGE('',*,*,#867,.F.);
#1534=ORIENTED_EDGE('',*,*,#861,.T.);
#1535=ORIENTED_EDGE('',*,*,#856,.F.);
#1536=ORIENTED_EDGE('',*,*,#958,.F.);
#1537=ORIENTED_EDGE('',*,*,#955,.F.);
#1538=ORIENTED_EDGE('',*,*,#1057,.T.);
#1539=ORIENTED_EDGE('',*,*,#986,.F.);
#1540=ORIENTED_EDGE('',*,*,#989,.F.);
#1541=ORIENTED_EDGE('',*,*,#848,.F.);
#1542=ORIENTED_EDGE('',*,*,#853,.T.);
#1543=CYLINDRICAL_SURFACE('',#1699,1.);
#1544=CYLINDRICAL_SURFACE('',#1706,1.);
#1545=CYLINDRICAL_SURFACE('',#1712,1.);
#1546=CYLINDRICAL_SURFACE('',#1716,1.);
#1547=CYLINDRICAL_SURFACE('',#1727,1.);
#1548=CYLINDRICAL_SURFACE('',#1730,1.);
#1549=CYLINDRICAL_SURFACE('',#1733,1.);
#1550=CYLINDRICAL_SURFACE('',#1735,1.);
#1551=CYLINDRICAL_SURFACE('',#1737,1.);
#1552=CYLINDRICAL_SURFACE('',#1748,1.);
#1553=CYLINDRICAL_SURFACE('',#1751,1.);
#1554=CYLINDRICAL_SURFACE('',#1753,1.);
#1555=CYLINDRICAL_SURFACE('',#1755,1.);
#1556=CYLINDRICAL_SURFACE('',#1761,2.1);
#1557=CYLINDRICAL_SURFACE('',#1767,2.1);
#1558=CYLINDRICAL_SURFACE('',#1773,2.1);
#1559=CYLINDRICAL_SURFACE('',#1779,2.1);
#1560=CYLINDRICAL_SURFACE('',#1781,1.);
#1561=CYLINDRICAL_SURFACE('',#1782,1.);
#1562=CYLINDRICAL_SURFACE('',#1785,1.5);
#1563=CYLINDRICAL_SURFACE('',#1789,1.5);
#1564=CYLINDRICAL_SURFACE('',#1811,1.);
#1565=CYLINDRICAL_SURFACE('',#1814,1.5);
#1566=CYLINDRICAL_SURFACE('',#1816,1.);
#1567=CYLINDRICAL_SURFACE('',#1821,1.);
#1568=CYLINDRICAL_SURFACE('',#1822,1.);
#1569=CYLINDRICAL_SURFACE('',#1828,5.);
#1570=CYLINDRICAL_SURFACE('',#1829,1.);
#1571=CYLINDRICAL_SURFACE('',#1835,5.);
#1572=CYLINDRICAL_SURFACE('',#1836,1.);
#1573=CYLINDRICAL_SURFACE('',#1839,1.5);
#1574=CYLINDRICAL_SURFACE('',#1841,1.);
#1575=CYLINDRICAL_SURFACE('',#1842,1.);
#1576=CYLINDRICAL_SURFACE('',#1843,5.);
#1577=CYLINDRICAL_SURFACE('',#1844,1.);
#1578=CYLINDRICAL_SURFACE('',#1845,5.);
#1579=CYLINDRICAL_SURFACE('',#1846,1.);
#1580=CYLINDRICAL_SURFACE('',#1847,1.);
#1581=CYLINDRICAL_SURFACE('',#1848,1.);
#1582=CYLINDRICAL_SURFACE('',#1849,1.);
#1583=CYLINDRICAL_SURFACE('',#1861,1.2);
#1584=CYLINDRICAL_SURFACE('',#1865,1.2);
#1585=CYLINDRICAL_SURFACE('',#1869,1.2);
#1586=CYLINDRICAL_SURFACE('',#1873,1.2);
#1587=ADVANCED_FACE('',(#95),#1543,.T.);
#1588=ADVANCED_FACE('',(#96),#79,.T.);
#1589=ADVANCED_FACE('',(#97),#33,.F.);
#1590=ADVANCED_FACE('',(#98),#1544,.T.);
#1591=ADVANCED_FACE('',(#99),#80,.T.);
#1592=ADVANCED_FACE('',(#100),#1545,.F.);
#1593=ADVANCED_FACE('',(#101),#34,.F.);
#1594=ADVANCED_FACE('',(#102),#1546,.T.);
#1595=ADVANCED_FACE('',(#103),#81,.T.);
#1596=ADVANCED_FACE('',(#104),#35,.T.);
#1597=ADVANCED_FACE('',(#105),#82,.T.);
#1598=ADVANCED_FACE('',(#106),#1547,.T.);
#1599=ADVANCED_FACE('',(#107),#36,.T.);
#1600=ADVANCED_FACE('',(#108),#1548,.T.);
#1601=ADVANCED_FACE('',(#109),#1549,.T.);
#1602=ADVANCED_FACE('',(#110),#1550,.T.);
#1603=ADVANCED_FACE('',(#111),#1551,.T.);
#1604=ADVANCED_FACE('',(#112),#37,.T.);
#1605=ADVANCED_FACE('',(#113,#19,#20,#21,#22,#23,#24),#38,.T.);
#1606=ADVANCED_FACE('',(#114),#1552,.T.);
#1607=ADVANCED_FACE('',(#115),#1553,.T.);
#1608=ADVANCED_FACE('',(#116),#1554,.T.);
#1609=ADVANCED_FACE('',(#117),#1555,.T.);
#1610=ADVANCED_FACE('',(#118),#39,.F.);
#1611=ADVANCED_FACE('',(#119),#83,.T.);
#1612=ADVANCED_FACE('',(#120),#1556,.F.);
#1613=ADVANCED_FACE('',(#121),#84,.T.);
#1614=ADVANCED_FACE('',(#122),#1557,.F.);
#1615=ADVANCED_FACE('',(#123),#85,.T.);
#1616=ADVANCED_FACE('',(#124),#1558,.F.);
#1617=ADVANCED_FACE('',(#125),#86,.T.);
#1618=ADVANCED_FACE('',(#126),#1559,.F.);
#1619=ADVANCED_FACE('',(#127),#1560,.T.);
#1620=ADVANCED_FACE('',(#128),#1561,.T.);
#1621=ADVANCED_FACE('',(#129),#15,.T.);
#1622=ADVANCED_FACE('',(#130),#1562,.T.);
#1623=ADVANCED_FACE('',(#131),#16,.T.);
#1624=ADVANCED_FACE('',(#132),#1563,.T.);
#1625=ADVANCED_FACE('',(#133),#87,.T.);
#1626=ADVANCED_FACE('',(#134),#88,.T.);
#1627=ADVANCED_FACE('',(#135),#89,.T.);
#1628=ADVANCED_FACE('',(#136),#90,.T.);
#1629=ADVANCED_FACE('',(#137),#91,.T.);
#1630=ADVANCED_FACE('',(#138),#1564,.T.);
#1631=ADVANCED_FACE('',(#139),#17,.T.);
#1632=ADVANCED_FACE('',(#140),#1565,.T.);
#1633=ADVANCED_FACE('',(#141),#1566,.F.);
#1634=ADVANCED_FACE('',(#142),#92,.T.);
#1635=ADVANCED_FACE('',(#143),#1567,.T.);
#1636=ADVANCED_FACE('',(#144),#1568,.T.);
#1637=ADVANCED_FACE('',(#145),#93,.T.);
#1638=ADVANCED_FACE('',(#146),#1569,.T.);
#1639=ADVANCED_FACE('',(#147),#1570,.T.);
#1640=ADVANCED_FACE('',(#148),#94,.T.);
#1641=ADVANCED_FACE('',(#149),#1571,.T.);
#1642=ADVANCED_FACE('',(#150),#1572,.T.);
#1643=ADVANCED_FACE('',(#151),#18,.T.);
#1644=ADVANCED_FACE('',(#152),#1573,.T.);
#1645=ADVANCED_FACE('',(#153),#1574,.T.);
#1646=ADVANCED_FACE('',(#154),#1575,.F.);
#1647=ADVANCED_FACE('',(#155),#1576,.T.);
#1648=ADVANCED_FACE('',(#156),#1577,.T.);
#1649=ADVANCED_FACE('',(#157),#1578,.T.);
#1650=ADVANCED_FACE('',(#158),#1579,.T.);
#1651=ADVANCED_FACE('',(#159),#1580,.T.);
#1652=ADVANCED_FACE('',(#160),#1581,.T.);
#1653=ADVANCED_FACE('',(#161),#1582,.F.);
#1654=ADVANCED_FACE('',(#162),#40,.T.);
#1655=ADVANCED_FACE('',(#163),#41,.T.);
#1656=ADVANCED_FACE('',(#164),#42,.T.);
#1657=ADVANCED_FACE('',(#165),#43,.F.);
#1658=ADVANCED_FACE('',(#166),#44,.F.);
#1659=ADVANCED_FACE('',(#167),#45,.F.);
#1660=ADVANCED_FACE('',(#168),#46,.T.);
#1661=ADVANCED_FACE('',(#169),#47,.T.);
#1662=ADVANCED_FACE('',(#170),#48,.T.);
#1663=ADVANCED_FACE('',(#171,#25),#49,.F.);
#1664=ADVANCED_FACE('',(#172),#1583,.F.);
#1665=ADVANCED_FACE('',(#173,#26),#50,.F.);
#1666=ADVANCED_FACE('',(#174),#1584,.F.);
#1667=ADVANCED_FACE('',(#175,#27),#51,.F.);
#1668=ADVANCED_FACE('',(#176),#1585,.F.);
#1669=ADVANCED_FACE('',(#177,#28),#52,.F.);
#1670=ADVANCED_FACE('',(#178),#1586,.F.);
#1671=ADVANCED_FACE('',(#179),#53,.F.);
#1672=ADVANCED_FACE('',(#180),#54,.T.);
#1673=ADVANCED_FACE('',(#181),#55,.T.);
#1674=ADVANCED_FACE('',(#182),#56,.T.);
#1675=ADVANCED_FACE('',(#183),#57,.T.);
#1676=ADVANCED_FACE('',(#184),#58,.T.);
#1677=ADVANCED_FACE('',(#185),#59,.T.);
#1678=ADVANCED_FACE('',(#186),#60,.T.);
#1679=ADVANCED_FACE('',(#187),#61,.T.);
#1680=ADVANCED_FACE('',(#188),#62,.T.);
#1681=ADVANCED_FACE('',(#189),#63,.T.);
#1682=ADVANCED_FACE('',(#190,#29,#30,#31,#32),#64,.T.);
#1683=ADVANCED_FACE('',(#191),#65,.T.);
#1684=ADVANCED_FACE('',(#192),#66,.T.);
#1685=CLOSED_SHELL('',(#1587,#1588,#1589,#1590,#1591,#1592,#1593,#1594,
#1595,#1596,#1597,#1598,#1599,#1600,#1601,#1602,#1603,#1604,#1605,#1606,
#1607,#1608,#1609,#1610,#1611,#1612,#1613,#1614,#1615,#1616,#1617,#1618,
#1619,#1620,#1621,#1622,#1623,#1624,#1625,#1626,#1627,#1628,#1629,#1630,
#1631,#1632,#1633,#1634,#1635,#1636,#1637,#1638,#1639,#1640,#1641,#1642,
#1643,#1644,#1645,#1646,#1647,#1648,#1649,#1650,#1651,#1652,#1653,#1654,
#1655,#1656,#1657,#1658,#1659,#1660,#1661,#1662,#1663,#1664,#1665,#1666,
#1667,#1668,#1669,#1670,#1671,#1672,#1673,#1674,#1675,#1676,#1677,#1678,
#1679,#1680,#1681,#1682,#1683,#1684));
#1686=DERIVED_UNIT_ELEMENT(#1688,1.);
#1687=DERIVED_UNIT_ELEMENT(#3211,-3.);
#1688=(
MASS_UNIT()
NAMED_UNIT(*)
SI_UNIT(.KILO.,.GRAM.)
);
#1689=DERIVED_UNIT((#1686,#1687));
#1690=MEASURE_REPRESENTATION_ITEM('density measure',
POSITIVE_RATIO_MEASURE(7850.),#1689);
#1691=PROPERTY_DEFINITION_REPRESENTATION(#1696,#1693);
#1692=PROPERTY_DEFINITION_REPRESENTATION(#1697,#1694);
#1693=REPRESENTATION('material name',(#1695),#3208);
#1694=REPRESENTATION('density',(#1690),#3208);
#1695=DESCRIPTIVE_REPRESENTATION_ITEM('Steel','Steel');
#1696=PROPERTY_DEFINITION('material property','material name',#3218);
#1697=PROPERTY_DEFINITION('material property','density of part',#3218);
#1698=AXIS2_PLACEMENT_3D('',#2405,#1889,#1890);
#1699=AXIS2_PLACEMENT_3D('',#2406,#1891,#1892);
#1700=AXIS2_PLACEMENT_3D('',#2409,#1893,#1894);
#1701=AXIS2_PLACEMENT_3D('',#2413,#1896,#1897);
#1702=AXIS2_PLACEMENT_3D('',#2415,#1899,#1900);
#1703=AXIS2_PLACEMENT_3D('',#2424,#1901,#1902);
#1704=AXIS2_PLACEMENT_3D('',#2425,#1903,#1904);
#1705=AXIS2_PLACEMENT_3D('',#2426,#1905,#1906);
#1706=AXIS2_PLACEMENT_3D('',#2432,#1910,#1911);
#1707=AXIS2_PLACEMENT_3D('',#2435,#1912,#1913);
#1708=AXIS2_PLACEMENT_3D('',#2439,#1915,#1916);
#1709=AXIS2_PLACEMENT_3D('',#2441,#1918,#1919);
#1710=AXIS2_PLACEMENT_3D('',#2450,#1920,#1921);
#1711=AXIS2_PLACEMENT_3D('',#2451,#1922,#1923);
#1712=AXIS2_PLACEMENT_3D('',#2452,#1924,#1925);
#1713=AXIS2_PLACEMENT_3D('',#2465,#1928,#1929);
#1714=AXIS2_PLACEMENT_3D('',#2471,#1932,#1933);
#1715=AXIS2_PLACEMENT_3D('',#2475,#1935,#1936);
#1716=AXIS2_PLACEMENT_3D('',#2478,#1939,#1940);
#1717=AXIS2_PLACEMENT_3D('',#2481,#1941,#1942);
#1718=AXIS2_PLACEMENT_3D('',#2485,#1944,#1945);
#1719=AXIS2_PLACEMENT_3D('',#2487,#1947,#1948);
#1720=AXIS2_PLACEMENT_3D('',#2496,#1949,#1950);
#1721=AXIS2_PLACEMENT_3D('',#2497,#1951,#1952);
#1722=AXIS2_PLACEMENT_3D('',#2498,#1953,#1954);
#1723=AXIS2_PLACEMENT_3D('',#2504,#1958,#1959);
#1724=AXIS2_PLACEMENT_3D('',#2507,#1960,#1961);
#1725=AXIS2_PLACEMENT_3D('',#2509,#1962,#1963);
#1726=AXIS2_PLACEMENT_3D('',#2517,#1964,#1965);
#1727=AXIS2_PLACEMENT_3D('',#2518,#1966,#1967);
#1728=AXIS2_PLACEMENT_3D('',#2521,#1968,#1969);
#1729=AXIS2_PLACEMENT_3D('',#2524,#1972,#1973);
#1730=AXIS2_PLACEMENT_3D('',#2530,#1977,#1978);
#1731=AXIS2_PLACEMENT_3D('',#2534,#1980,#1981);
#1732=AXIS2_PLACEMENT_3D('',#2535,#1982,#1983);
#1733=AXIS2_PLACEMENT_3D('',#2536,#1984,#1985);
#1734=AXIS2_PLACEMENT_3D('',#2540,#1988,#1989);
#1735=AXIS2_PLACEMENT_3D('',#2541,#1990,#1991);
#1736=AXIS2_PLACEMENT_3D('',#2545,#1994,#1995);
#1737=AXIS2_PLACEMENT_3D('',#2546,#1996,#1997);
#1738=AXIS2_PLACEMENT_3D('',#2548,#1999,#2000);
#1739=AXIS2_PLACEMENT_3D('',#2550,#2002,#2003);
#1740=AXIS2_PLACEMENT_3D('',#2553,#2004,#2005);
#1741=AXIS2_PLACEMENT_3D('',#2557,#2007,#2008);
#1742=AXIS2_PLACEMENT_3D('',#2561,#2010,#2011);
#1743=AXIS2_PLACEMENT_3D('',#2565,#2013,#2014);
#1744=AXIS2_PLACEMENT_3D('',#2576,#2020,#2021);
#1745=AXIS2_PLACEMENT_3D('',#2578,#2022,#2023);
#1746=AXIS2_PLACEMENT_3D('',#2580,#2024,#2025);
#1747=AXIS2_PLACEMENT_3D('',#2582,#2026,#2027);
#1748=AXIS2_PLACEMENT_3D('',#2583,#2028,#2029);
#1749=AXIS2_PLACEMENT_3D('',#2584,#2030,#2031);
#1750=AXIS2_PLACEMENT_3D('',#2585,#2032,#2033);
#1751=AXIS2_PLACEMENT_3D('',#2586,#2034,#2035);
#1752=AXIS2_PLACEMENT_3D('',#2588,#2036,#2037);
#1753=AXIS2_PLACEMENT_3D('',#2590,#2039,#2040);
#1754=AXIS2_PLACEMENT_3D('',#2593,#2042,#2043);
#1755=AXIS2_PLACEMENT_3D('',#2594,#2044,#2045);
#1756=AXIS2_PLACEMENT_3D('',#2596,#2047,#2048);
#1757=AXIS2_PLACEMENT_3D('',#2599,#2051,#2052);
#1758=AXIS2_PLACEMENT_3D('',#2601,#2053,#2054);
#1759=AXIS2_PLACEMENT_3D('',#2603,#2055,#2056);
#1760=AXIS2_PLACEMENT_3D('',#2604,#2057,#2058);
#1761=AXIS2_PLACEMENT_3D('',#2605,#2059,#2060);
#1762=AXIS2_PLACEMENT_3D('',#2608,#2062,#2063);
#1763=AXIS2_PLACEMENT_3D('',#2609,#2064,#2065);
#1764=AXIS2_PLACEMENT_3D('',#2611,#2066,#2067);
#1765=AXIS2_PLACEMENT_3D('',#2613,#2068,#2069);
#1766=AXIS2_PLACEMENT_3D('',#2614,#2070,#2071);
#1767=AXIS2_PLACEMENT_3D('',#2615,#2072,#2073);
#1768=AXIS2_PLACEMENT_3D('',#2618,#2075,#2076);
#1769=AXIS2_PLACEMENT_3D('',#2619,#2077,#2078);
#1770=AXIS2_PLACEMENT_3D('',#2621,#2079,#2080);
#1771=AXIS2_PLACEMENT_3D('',#2623,#2081,#2082);
#1772=AXIS2_PLACEMENT_3D('',#2624,#2083,#2084);
#1773=AXIS2_PLACEMENT_3D('',#2625,#2085,#2086);
#1774=AXIS2_PLACEMENT_3D('',#2628,#2088,#2089);
#1775=AXIS2_PLACEMENT_3D('',#2629,#2090,#2091);
#1776=AXIS2_PLACEMENT_3D('',#2631,#2092,#2093);
#1777=AXIS2_PLACEMENT_3D('',#2633,#2094,#2095);
#1778=AXIS2_PLACEMENT_3D('',#2634,#2096,#2097);
#1779=AXIS2_PLACEMENT_3D('',#2635,#2098,#2099);
#1780=AXIS2_PLACEMENT_3D('',#2638,#2101,#2102);
#1781=AXIS2_PLACEMENT_3D('',#2639,#2103,#2104);
#1782=AXIS2_PLACEMENT_3D('',#2640,#2105,#2106);
#1783=AXIS2_PLACEMENT_3D('',#2721,#2108,#2109);
#1784=AXIS2_PLACEMENT_3D('',#2734,#2110,#2111);
#1785=AXIS2_PLACEMENT_3D('',#2735,#2112,#2113);
#1786=AXIS2_PLACEMENT_3D('',#2738,#2114,#2115);
#1787=AXIS2_PLACEMENT_3D('',#2799,#2118,#2119);
#1788=AXIS2_PLACEMENT_3D('',#2800,#2120,#2121);
#1789=AXIS2_PLACEMENT_3D('',#2801,#2122,#2123);
#1790=AXIS2_PLACEMENT_3D('',#2804,#2124,#2125);
#1791=AXIS2_PLACEMENT_3D('',#2807,#2128,#2129);
#1792=AXIS2_PLACEMENT_3D('',#2809,#2130,#2131);
#1793=AXIS2_PLACEMENT_3D('',#2811,#2132,#2133);
#1794=AXIS2_PLACEMENT_3D('',#2812,#2134,#2135);
#1795=AXIS2_PLACEMENT_3D('',#2813,#2136,#2137);
#1796=AXIS2_PLACEMENT_3D('',#2815,#2138,#2139);
#1797=AXIS2_PLACEMENT_3D('',#2817,#2140,#2141);
#1798=AXIS2_PLACEMENT_3D('',#2818,#2142,#2143);
#1799=AXIS2_PLACEMENT_3D('',#2819,#2144,#2145);
#1800=AXIS2_PLACEMENT_3D('',#2822,#2146,#2147);
#1801=AXIS2_PLACEMENT_3D('',#2823,#2148,#2149);
#1802=AXIS2_PLACEMENT_3D('',#2824,#2150,#2151);
#1803=AXIS2_PLACEMENT_3D('',#2825,#2152,#2153);
#1804=AXIS2_PLACEMENT_3D('',#2827,#2154,#2155);
#1805=AXIS2_PLACEMENT_3D('',#2829,#2156,#2157);
#1806=AXIS2_PLACEMENT_3D('',#2830,#2158,#2159);
#1807=AXIS2_PLACEMENT_3D('',#2831,#2160,#2161);
#1808=AXIS2_PLACEMENT_3D('',#2833,#2162,#2163);
#1809=AXIS2_PLACEMENT_3D('',#2835,#2164,#2165);
#1810=AXIS2_PLACEMENT_3D('',#2836,#2166,#2167);
#1811=AXIS2_PLACEMENT_3D('',#2837,#2168,#2169);
#1812=AXIS2_PLACEMENT_3D('',#2898,#2171,#2172);
#1813=AXIS2_PLACEMENT_3D('',#2908,#2173,#2174);
#1814=AXIS2_PLACEMENT_3D('',#2909,#2175,#2176);
#1815=AXIS2_PLACEMENT_3D('',#2912,#2177,#2178);
#1816=AXIS2_PLACEMENT_3D('',#2915,#2181,#2182);
#1817=AXIS2_PLACEMENT_3D('',#2918,#2185,#2186);
#1818=AXIS2_PLACEMENT_3D('',#2921,#2187,#2188);
#1819=AXIS2_PLACEMENT_3D('',#2922,#2189,#2190);
#1820=AXIS2_PLACEMENT_3D('',#2923,#2191,#2192);
#1821=AXIS2_PLACEMENT_3D('',#2924,#2193,#2194);
#1822=AXIS2_PLACEMENT_3D('',#2926,#2196,#2197);
#1823=AXIS2_PLACEMENT_3D('',#2928,#2199,#2200);
#1824=AXIS2_PLACEMENT_3D('',#2931,#2201,#2202);
#1825=AXIS2_PLACEMENT_3D('',#2933,#2203,#2204);
#1826=AXIS2_PLACEMENT_3D('',#2935,#2205,#2206);
#1827=AXIS2_PLACEMENT_3D('',#2936,#2207,#2208);
#1828=AXIS2_PLACEMENT_3D('',#2937,#2209,#2210);
#1829=AXIS2_PLACEMENT_3D('',#2940,#2213,#2214);
#1830=AXIS2_PLACEMENT_3D('',#2943,#2217,#2218);
#1831=AXIS2_PLACEMENT_3D('',#2946,#2219,#2220);
#1832=AXIS2_PLACEMENT_3D('',#2948,#2221,#2222);
#1833=AXIS2_PLACEMENT_3D('',#2950,#2223,#2224);
#1834=AXIS2_PLACEMENT_3D('',#2951,#2225,#2226);
#1835=AXIS2_PLACEMENT_3D('',#2952,#2227,#2228);
#1836=AXIS2_PLACEMENT_3D('',#2955,#2231,#2232);
#1837=AXIS2_PLACEMENT_3D('',#3038,#2235,#2236);
#1838=AXIS2_PLACEMENT_3D('',#3051,#2237,#2238);
#1839=AXIS2_PLACEMENT_3D('',#3052,#2239,#2240);
#1840=AXIS2_PLACEMENT_3D('',#3055,#2241,#2242);
#1841=AXIS2_PLACEMENT_3D('',#3058,#2245,#2246);
#1842=AXIS2_PLACEMENT_3D('',#3061,#2249,#2250);
#1843=AXIS2_PLACEMENT_3D('',#3064,#2253,#2254);
#1844=AXIS2_PLACEMENT_3D('',#3067,#2257,#2258);
#1845=AXIS2_PLACEMENT_3D('',#3069,#2260,#2261);
#1846=AXIS2_PLACEMENT_3D('',#3072,#2264,#2265);
#1847=AXIS2_PLACEMENT_3D('',#3074,#2267,#2268);
#1848=AXIS2_PLACEMENT_3D('',#3076,#2270,#2271);
#1849=AXIS2_PLACEMENT_3D('',#3078,#2273,#2274);
#1850=AXIS2_PLACEMENT_3D('',#3080,#2276,#2277);
#1851=AXIS2_PLACEMENT_3D('',#3081,#2278,#2279);
#1852=AXIS2_PLACEMENT_3D('',#3091,#2285,#2286);
#1853=AXIS2_PLACEMENT_3D('',#3092,#2287,#2288);
#1854=AXIS2_PLACEMENT_3D('',#3093,#2289,#2290);
#1855=AXIS2_PLACEMENT_3D('',#3102,#2295,#2296);
#1856=AXIS2_PLACEMENT_3D('',#3108,#2300,#2301);
#1857=AXIS2_PLACEMENT_3D('',#3116,#2306,#2307);
#1858=AXIS2_PLACEMENT_3D('',#3122,#2311,#2312);
#1859=AXIS2_PLACEMENT_3D('',#3134,#2319,#2320);
#1860=AXIS2_PLACEMENT_3D('',#3136,#2321,#2322);
#1861=AXIS2_PLACEMENT_3D('',#3137,#2323,#2324);
#1862=AXIS2_PLACEMENT_3D('',#3140,#2326,#2327);
#1863=AXIS2_PLACEMENT_3D('',#3141,#2328,#2329);
#1864=AXIS2_PLACEMENT_3D('',#3143,#2330,#2331);
#1865=AXIS2_PLACEMENT_3D('',#3144,#2332,#2333);
#1866=AXIS2_PLACEMENT_3D('',#3147,#2335,#2336);
#1867=AXIS2_PLACEMENT_3D('',#3148,#2337,#2338);
#1868=AXIS2_PLACEMENT_3D('',#3150,#2339,#2340);
#1869=AXIS2_PLACEMENT_3D('',#3151,#2341,#2342);
#1870=AXIS2_PLACEMENT_3D('',#3154,#2344,#2345);
#1871=AXIS2_PLACEMENT_3D('',#3155,#2346,#2347);
#1872=AXIS2_PLACEMENT_3D('',#3157,#2348,#2349);
#1873=AXIS2_PLACEMENT_3D('',#3158,#2350,#2351);
#1874=AXIS2_PLACEMENT_3D('',#3161,#2353,#2354);
#1875=AXIS2_PLACEMENT_3D('',#3162,#2355,#2356);
#1876=AXIS2_PLACEMENT_3D('',#3164,#2358,#2359);
#1877=AXIS2_PLACEMENT_3D('',#3166,#2361,#2362);
#1878=AXIS2_PLACEMENT_3D('',#3170,#2365,#2366);
#1879=AXIS2_PLACEMENT_3D('',#3179,#2372,#2373);
#1880=AXIS2_PLACEMENT_3D('',#3183,#2376,#2377);
#1881=AXIS2_PLACEMENT_3D('',#3187,#2380,#2381);
#1882=AXIS2_PLACEMENT_3D('',#3191,#2384,#2385);
#1883=AXIS2_PLACEMENT_3D('',#3195,#2388,#2389);
#1884=AXIS2_PLACEMENT_3D('',#3197,#2391,#2392);
#1885=AXIS2_PLACEMENT_3D('',#3199,#2394,#2395);
#1886=AXIS2_PLACEMENT_3D('',#3201,#2397,#2398);
#1887=AXIS2_PLACEMENT_3D('',#3204,#2401,#2402);
#1888=AXIS2_PLACEMENT_3D('',#3205,#2403,#2404);
#1889=DIRECTION('axis',(0.,0.,1.));
#1890=DIRECTION('refdir',(1.,0.,0.));
#1891=DIRECTION('center_axis',(0.,-1.,0.));
#1892=DIRECTION('ref_axis',(0.707106781186548,0.,0.707106781186548));
#1893=DIRECTION('center_axis',(0.,-1.,0.));
#1894=DIRECTION('ref_axis',(1.,0.,0.));
#1895=DIRECTION('',(0.,-1.,0.));
#1896=DIRECTION('center_axis',(0.707106781186548,-0.707106781186548,0.));
#1897=DIRECTION('ref_axis',(0.707106781186547,0.707106781186547,0.));
#1898=DIRECTION('',(0.,1.,0.));
#1899=DIRECTION('center_axis',(1.,0.,0.));
#1900=DIRECTION('ref_axis',(0.,0.,-1.));
#1901=DIRECTION('center_axis',(-1.,0.,0.));
#1902=DIRECTION('ref_axis',(0.,0.707106781186548,-0.707106781186547));
#1903=DIRECTION('center_axis',(1.,0.,0.));
#1904=DIRECTION('ref_axis',(0.,0.707106781186548,-0.707106781186547));
#1905=DIRECTION('center_axis',(-1.,0.,0.));
#1906=DIRECTION('ref_axis',(0.,-1.,0.));
#1907=DIRECTION('',(0.,0.,1.));
#1908=DIRECTION('',(0.,-1.,0.));
#1909=DIRECTION('',(0.,0.,-1.));
#1910=DIRECTION('center_axis',(0.,1.,0.));
#1911=DIRECTION('ref_axis',(-0.707106781186548,0.,0.707106781186548));
#1912=DIRECTION('center_axis',(0.,-1.,0.));
#1913=DIRECTION('ref_axis',(0.,0.,1.));
#1914=DIRECTION('',(0.,-1.,0.));
#1915=DIRECTION('center_axis',(-0.707106781186548,-0.707106781186547,0.));
#1916=DIRECTION('ref_axis',(-0.707106781186547,0.707106781186548,0.));
#1917=DIRECTION('',(0.,1.,0.));
#1918=DIRECTION('center_axis',(-1.,0.,0.));
#1919=DIRECTION('ref_axis',(0.,0.,1.));
#1920=DIRECTION('center_axis',(-1.,0.,0.));
#1921=DIRECTION('ref_axis',(0.,0.707106781186548,-0.707106781186547));
#1922=DIRECTION('center_axis',(1.,0.,0.));
#1923=DIRECTION('ref_axis',(0.,0.707106781186548,-0.707106781186547));
#1924=DIRECTION('center_axis',(1.,0.,0.));
#1925=DIRECTION('ref_axis',(0.,0.707106781186548,-0.707106781186548));
#1926=DIRECTION('',(1.,0.,0.));
#1927=DIRECTION('',(-1.,0.,0.));
#1928=DIRECTION('center_axis',(0.,0.,-1.));
#1929=DIRECTION('ref_axis',(1.,0.,0.));
#1930=DIRECTION('',(1.,0.,0.));
#1931=DIRECTION('',(0.,1.,0.));
#1932=DIRECTION('center_axis',(0.,0.,-1.));
#1933=DIRECTION('ref_axis',(-0.707106781186548,-0.707106781186548,0.));
#1934=DIRECTION('',(-1.,0.,0.));
#1935=DIRECTION('center_axis',(0.,0.,-1.));
#1936=DIRECTION('ref_axis',(0.707106781186547,-0.707106781186548,0.));
#1937=DIRECTION('',(0.,-1.,0.));
#1938=DIRECTION('',(1.,2.22044604925031E-16,0.));
#1939=DIRECTION('center_axis',(0.,-1.,0.));
#1940=DIRECTION('ref_axis',(-0.707106781186548,0.,0.707106781186548));
#1941=DIRECTION('center_axis',(0.,1.,0.));
#1942=DIRECTION('ref_axis',(-1.,0.,0.));
#1943=DIRECTION('',(0.,1.,0.));
#1944=DIRECTION('center_axis',(-0.707106781186548,0.707106781186547,0.));
#1945=DIRECTION('ref_axis',(-0.707106781186547,-0.707106781186548,0.));
#1946=DIRECTION('',(0.,-1.,0.));
#1947=DIRECTION('center_axis',(-1.,0.,0.));
#1948=DIRECTION('ref_axis',(0.,0.,1.));
#1949=DIRECTION('center_axis',(1.,0.,0.));
#1950=DIRECTION('ref_axis',(0.,-0.707106781186548,-0.707106781186547));
#1951=DIRECTION('center_axis',(-1.,0.,0.));
#1952=DIRECTION('ref_axis',(0.,-0.707106781186548,-0.707106781186547));
#1953=DIRECTION('center_axis',(-1.,0.,0.));
#1954=DIRECTION('ref_axis',(0.,-1.,0.));
#1955=DIRECTION('',(0.,0.,1.));
#1956=DIRECTION('',(0.,1.,0.));
#1957=DIRECTION('',(0.,0.,-1.));
#1958=DIRECTION('center_axis',(1.,0.,0.));
#1959=DIRECTION('ref_axis',(0.,0.,-1.));
#1960=DIRECTION('center_axis',(0.,-1.,0.));
#1961=DIRECTION('ref_axis',(1.,0.,0.));
#1962=DIRECTION('center_axis',(-1.,0.,0.));
#1963=DIRECTION('ref_axis',(0.,-0.707106781186548,-0.707106781186547));
#1964=DIRECTION('center_axis',(1.,0.,0.));
#1965=DIRECTION('ref_axis',(0.,-0.707106781186548,-0.707106781186547));
#1966=DIRECTION('center_axis',(0.,1.,0.));
#1967=DIRECTION('ref_axis',(0.707106781186548,0.,0.707106781186548));
#1968=DIRECTION('center_axis',(0.707106781186548,0.707106781186548,0.));
#1969=DIRECTION('ref_axis',(0.707106781186547,-0.707106781186547,0.));
#1970=DIRECTION('',(0.,-1.,0.));
#1971=DIRECTION('',(0.,1.,0.));
#1972=DIRECTION('center_axis',(1.,0.,0.));
#1973=DIRECTION('ref_axis',(0.,1.,0.));
#1974=DIRECTION('',(0.,0.,1.));
#1975=DIRECTION('',(0.,-1.,0.));
#1976=DIRECTION('',(0.,0.,1.));
#1977=DIRECTION('center_axis',(0.,1.,0.));
#1978=DIRECTION('ref_axis',(-0.707106781186548,0.,-0.707106781186548));
#1979=DIRECTION('',(0.,-1.,0.));
#1980=DIRECTION('center_axis',(0.707106781186548,0.707106781186548,0.));
#1981=DIRECTION('ref_axis',(0.707106781186548,-0.707106781186548,0.));
#1982=DIRECTION('center_axis',(0.707106781186548,-0.707106781186547,1.57009245868377E-15));
#1983=DIRECTION('ref_axis',(-0.707106781186547,-0.707106781186548,-1.57009245868377E-15));
#1984=DIRECTION('center_axis',(1.,0.,0.));
#1985=DIRECTION('ref_axis',(0.,0.707106781186548,-0.707106781186547));
#1986=DIRECTION('',(1.,0.,0.));
#1987=DIRECTION('',(-1.,0.,0.));
#1988=DIRECTION('center_axis',(0.707106781186548,-0.707106781186548,0.));
#1989=DIRECTION('ref_axis',(-0.707106781186547,-0.707106781186547,0.));
#1990=DIRECTION('center_axis',(-1.,2.22044604925031E-16,0.));
#1991=DIRECTION('ref_axis',(0.,-0.707106781186548,-0.707106781186548));
#1992=DIRECTION('',(1.,-2.22044604925031E-16,0.));
#1993=DIRECTION('',(-1.,2.22044604925031E-16,0.));
#1994=DIRECTION('center_axis',(0.707106781186548,0.707106781186548,0.));
#1995=DIRECTION('ref_axis',(0.707106781186548,-0.707106781186548,0.));
#1996=DIRECTION('center_axis',(0.,-1.,0.));
#1997=DIRECTION('ref_axis',(0.707106781186548,0.,-0.707106781186548));
#1998=DIRECTION('',(0.,1.,0.));
#1999=DIRECTION('center_axis',(-2.22044604925031E-16,-1.,0.));
#2000=DIRECTION('ref_axis',(1.,-2.22044604925031E-16,0.));
#2001=DIRECTION('',(1.,-2.22044604925031E-16,0.));
#2002=DIRECTION('center_axis',(0.,0.,-1.));
#2003=DIRECTION('ref_axis',(-1.,0.,0.));
#2004=DIRECTION('center_axis',(0.,0.,1.));
#2005=DIRECTION('ref_axis',(0.707106781186547,0.707106781186548,0.));
#2006=DIRECTION('',(0.,1.,0.));
#2007=DIRECTION('center_axis',(0.,0.,1.));
#2008=DIRECTION('ref_axis',(0.707106781186547,-0.707106781186548,0.));
#2009=DIRECTION('',(1.,0.,0.));
#2010=DIRECTION('center_axis',(0.,0.,1.));
#2011=DIRECTION('ref_axis',(-0.707106781186548,-0.707106781186548,0.));
#2012=DIRECTION('',(0.,-1.,0.));
#2013=DIRECTION('center_axis',(0.,0.,1.));
#2014=DIRECTION('ref_axis',(-0.707106781186548,0.707106781186548,0.));
#2015=DIRECTION('',(-1.,0.,0.));
#2016=DIRECTION('',(0.,1.,0.));
#2017=DIRECTION('',(-1.,-2.22044604925031E-16,0.));
#2018=DIRECTION('',(0.,-1.,0.));
#2019=DIRECTION('',(1.,0.,0.));
#2020=DIRECTION('center_axis',(0.,0.,-1.));
#2021=DIRECTION('ref_axis',(1.,0.,0.));
#2022=DIRECTION('center_axis',(0.,0.,-1.));
#2023=DIRECTION('ref_axis',(1.,0.,0.));
#2024=DIRECTION('center_axis',(0.,0.,-1.));
#2025=DIRECTION('ref_axis',(1.,0.,0.));
#2026=DIRECTION('center_axis',(0.,0.,-1.));
#2027=DIRECTION('ref_axis',(1.,0.,0.));
#2028=DIRECTION('center_axis',(0.,1.,0.));
#2029=DIRECTION('ref_axis',(0.707106781186548,0.,-0.707106781186547));
#2030=DIRECTION('center_axis',(-0.707106781186548,-0.707106781186548,0.));
#2031=DIRECTION('ref_axis',(0.707106781186547,-0.707106781186547,0.));
#2032=DIRECTION('center_axis',(0.707106781186548,-0.707106781186548,0.));
#2033=DIRECTION('ref_axis',(0.707106781186548,0.707106781186548,0.));
#2034=DIRECTION('center_axis',(-1.,0.,0.));
#2035=DIRECTION('ref_axis',(0.,-0.707106781186548,-0.707106781186547));
#2036=DIRECTION('center_axis',(-0.707106781186548,0.707106781186548,0.));
#2037=DIRECTION('ref_axis',(0.707106781186547,0.707106781186547,0.));
#2038=DIRECTION('',(-1.,0.,0.));
#2039=DIRECTION('center_axis',(0.,-1.,0.));
#2040=DIRECTION('ref_axis',(-0.707106781186548,0.,-0.707106781186547));
#2041=DIRECTION('',(0.,1.,0.));
#2042=DIRECTION('center_axis',(0.707106781186548,0.707106781186547,1.57009245868377E-15));
#2043=DIRECTION('ref_axis',(-0.707106781186547,0.707106781186548,-1.57009245868377E-15));
#2044=DIRECTION('center_axis',(-1.,-2.22044604925031E-16,0.));
#2045=DIRECTION('ref_axis',(0.,0.707106781186548,-0.707106781186547));
#2046=DIRECTION('',(1.,2.22044604925031E-16,0.));
#2047=DIRECTION('center_axis',(2.22044604925031E-16,-1.,0.));
#2048=DIRECTION('ref_axis',(1.,2.22044604925031E-16,0.));
#2049=DIRECTION('',(-1.,-2.22044604925031E-16,0.));
#2050=DIRECTION('',(0.,0.,1.));
#2051=DIRECTION('center_axis',(0.,0.,1.));
#2052=DIRECTION('ref_axis',(1.,0.,0.));
#2053=DIRECTION('center_axis',(0.,-1.,0.));
#2054=DIRECTION('ref_axis',(-1.,0.,0.));
#2055=DIRECTION('center_axis',(0.,0.,1.));
#2056=DIRECTION('ref_axis',(1.,0.,0.));
#2057=DIRECTION('center_axis',(0.,0.,1.));
#2058=DIRECTION('ref_axis',(1.,0.,0.));
#2059=DIRECTION('center_axis',(0.,0.,1.));
#2060=DIRECTION('ref_axis',(-1.,0.,0.));
#2061=DIRECTION('',(0.,0.,1.));
#2062=DIRECTION('center_axis',(0.,0.,1.));
#2063=DIRECTION('ref_axis',(-1.,0.,0.));
#2064=DIRECTION('center_axis',(0.,0.,1.));
#2065=DIRECTION('ref_axis',(1.,0.,0.));
#2066=DIRECTION('center_axis',(0.,-1.,0.));
#2067=DIRECTION('ref_axis',(-1.,0.,0.));
#2068=DIRECTION('center_axis',(0.,0.,1.));
#2069=DIRECTION('ref_axis',(1.,0.,0.));
#2070=DIRECTION('center_axis',(0.,0.,1.));
#2071=DIRECTION('ref_axis',(1.,0.,0.));
#2072=DIRECTION('center_axis',(0.,0.,1.));
#2073=DIRECTION('ref_axis',(-1.,0.,0.));
#2074=DIRECTION('',(0.,0.,1.));
#2075=DIRECTION('center_axis',(0.,0.,1.));
#2076=DIRECTION('ref_axis',(-1.,0.,0.));
#2077=DIRECTION('center_axis',(0.,0.,1.));
#2078=DIRECTION('ref_axis',(1.,0.,0.));
#2079=DIRECTION('center_axis',(0.,-1.,0.));
#2080=DIRECTION('ref_axis',(-1.,0.,0.));
#2081=DIRECTION('center_axis',(0.,0.,1.));
#2082=DIRECTION('ref_axis',(1.,0.,0.));
#2083=DIRECTION('center_axis',(0.,0.,1.));
#2084=DIRECTION('ref_axis',(1.,0.,0.));
#2085=DIRECTION('center_axis',(0.,0.,1.));
#2086=DIRECTION('ref_axis',(-1.,0.,0.));
#2087=DIRECTION('',(0.,0.,1.));
#2088=DIRECTION('center_axis',(0.,0.,1.));
#2089=DIRECTION('ref_axis',(-1.,0.,0.));
#2090=DIRECTION('center_axis',(0.,0.,1.));
#2091=DIRECTION('ref_axis',(1.,0.,0.));
#2092=DIRECTION('center_axis',(0.,-1.,0.));
#2093=DIRECTION('ref_axis',(-1.,0.,0.));
#2094=DIRECTION('center_axis',(0.,0.,1.));
#2095=DIRECTION('ref_axis',(1.,0.,0.));
#2096=DIRECTION('center_axis',(0.,0.,1.));
#2097=DIRECTION('ref_axis',(1.,0.,0.));
#2098=DIRECTION('center_axis',(0.,0.,1.));
#2099=DIRECTION('ref_axis',(-1.,0.,0.));
#2100=DIRECTION('',(0.,0.,1.));
#2101=DIRECTION('center_axis',(0.,0.,1.));
#2102=DIRECTION('ref_axis',(-1.,0.,0.));
#2103=DIRECTION('center_axis',(1.,2.22044604925031E-16,0.));
#2104=DIRECTION('ref_axis',(0.,0.707106781186548,0.707106781186548));
#2105=DIRECTION('center_axis',(1.,-2.22044604925031E-16,0.));
#2106=DIRECTION('ref_axis',(0.,-0.707106781186548,0.707106781186548));
#2107=DIRECTION('',(-1.,2.22044604925031E-16,0.));
#2108=DIRECTION('center_axis',(0.,0.,1.));
#2109=DIRECTION('ref_axis',(-1.,0.,0.));
#2110=DIRECTION('center_axis',(0.,-1.,0.));
#2111=DIRECTION('ref_axis',(0.,0.,1.));
#2112=DIRECTION('center_axis',(0.,0.,1.));
#2113=DIRECTION('ref_axis',(-0.707106781186547,-0.707106781186547,0.));
#2114=DIRECTION('center_axis',(0.,0.,-1.));
#2115=DIRECTION('ref_axis',(-0.707106781186547,-0.707106781186547,0.));
#2116=DIRECTION('',(0.,0.,-1.));
#2117=DIRECTION('',(0.,0.,1.));
#2118=DIRECTION('center_axis',(0.,0.,1.));
#2119=DIRECTION('ref_axis',(0.,-1.,0.));
#2120=DIRECTION('center_axis',(0.,-1.,0.));
#2121=DIRECTION('ref_axis',(1.,0.,0.));
#2122=DIRECTION('center_axis',(0.,0.,1.));
#2123=DIRECTION('ref_axis',(0.707106781186549,-0.707106781186546,0.));
#2124=DIRECTION('center_axis',(0.,0.,-1.));
#2125=DIRECTION('ref_axis',(0.707106781186549,-0.707106781186546,0.));
#2126=DIRECTION('',(0.,0.,-1.));
#2127=DIRECTION('',(0.,0.,1.));
#2128=DIRECTION('center_axis',(0.,0.,1.));
#2129=DIRECTION('ref_axis',(1.,0.,0.));
#2130=DIRECTION('center_axis',(0.,1.,0.));
#2131=DIRECTION('ref_axis',(-1.,0.,0.));
#2132=DIRECTION('center_axis',(0.,0.,1.));
#2133=DIRECTION('ref_axis',(0.,-1.,0.));
#2134=DIRECTION('center_axis',(1.,0.,0.));
#2135=DIRECTION('ref_axis',(0.,0.,1.));
#2136=DIRECTION('center_axis',(0.,0.,1.));
#2137=DIRECTION('ref_axis',(1.,0.,0.));
#2138=DIRECTION('center_axis',(-1.,0.,0.));
#2139=DIRECTION('ref_axis',(0.,-1.,0.));
#2140=DIRECTION('center_axis',(0.,0.,1.));
#2141=DIRECTION('ref_axis',(1.,0.,0.));
#2142=DIRECTION('center_axis',(0.,1.,0.));
#2143=DIRECTION('ref_axis',(0.,0.,1.));
#2144=DIRECTION('center_axis',(0.,0.,-1.));
#2145=DIRECTION('ref_axis',(-1.,0.,0.));
#2146=DIRECTION('center_axis',(0.,-2.22044604925031E-16,-1.));
#2147=DIRECTION('ref_axis',(-1.,0.,0.));
#2148=DIRECTION('center_axis',(0.,1.,0.));
#2149=DIRECTION('ref_axis',(0.,0.,-1.));
#2150=DIRECTION('center_axis',(1.,0.,0.));
#2151=DIRECTION('ref_axis',(0.,-1.,0.));
#2152=DIRECTION('center_axis',(0.,0.,1.));
#2153=DIRECTION('ref_axis',(1.,0.,0.));
#2154=DIRECTION('center_axis',(0.,1.,0.));
#2155=DIRECTION('ref_axis',(1.,0.,0.));
#2156=DIRECTION('center_axis',(-2.22044604925031E-16,0.,-1.));
#2157=DIRECTION('ref_axis',(0.,-1.,0.));
#2158=DIRECTION('center_axis',(-1.,0.,0.));
#2159=DIRECTION('ref_axis',(0.,0.,-1.));
#2160=DIRECTION('center_axis',(0.,0.,1.));
#2161=DIRECTION('ref_axis',(1.,0.,0.));
#2162=DIRECTION('center_axis',(0.,-1.,0.));
#2163=DIRECTION('ref_axis',(-1.,0.,0.));
#2164=DIRECTION('center_axis',(0.,0.,-1.));
#2165=DIRECTION('ref_axis',(0.,1.,0.));
#2166=DIRECTION('center_axis',(1.,0.,0.));
#2167=DIRECTION('ref_axis',(0.,0.,-1.));
#2168=DIRECTION('center_axis',(0.,1.,0.));
#2169=DIRECTION('ref_axis',(-0.707106781186548,0.,-0.707106781186547));
#2170=DIRECTION('',(0.,1.,0.));
#2171=DIRECTION('center_axis',(0.,0.,1.));
#2172=DIRECTION('ref_axis',(0.,1.,0.));
#2173=DIRECTION('center_axis',(0.,1.,0.));
#2174=DIRECTION('ref_axis',(-1.,0.,0.));
#2175=DIRECTION('center_axis',(0.,0.,1.));
#2176=DIRECTION('ref_axis',(-0.707106781186547,0.707106781186547,0.));
#2177=DIRECTION('center_axis',(0.,0.,-1.));
#2178=DIRECTION('ref_axis',(-0.707106781186547,0.707106781186547,0.));
#2179=DIRECTION('',(0.,0.,-1.));
#2180=DIRECTION('',(0.,0.,1.));
#2181=DIRECTION('center_axis',(-1.,0.,0.));
#2182=DIRECTION('ref_axis',(0.,-0.707106781186548,-0.707106781186548));
#2183=DIRECTION('',(-1.,0.,0.));
#2184=DIRECTION('',(1.,0.,0.));
#2185=DIRECTION('center_axis',(0.,0.,-1.));
#2186=DIRECTION('ref_axis',(-1.,0.,0.));
#2187=DIRECTION('center_axis',(0.,0.,-1.));
#2188=DIRECTION('ref_axis',(1.,0.,0.));
#2189=DIRECTION('center_axis',(0.,-1.,0.));
#2190=DIRECTION('ref_axis',(0.,0.,-1.));
#2191=DIRECTION('center_axis',(-1.,0.,0.));
#2192=DIRECTION('ref_axis',(0.,1.,0.));
#2193=DIRECTION('center_axis',(0.,-1.,0.));
#2194=DIRECTION('ref_axis',(0.707106781186547,0.,-0.707106781186548));
#2195=DIRECTION('',(0.,-1.,0.));
#2196=DIRECTION('center_axis',(-1.,0.,0.));
#2197=DIRECTION('ref_axis',(0.,0.70710678118655,-0.707106781186545));
#2198=DIRECTION('',(1.,0.,0.));
#2199=DIRECTION('center_axis',(0.,0.,1.));
#2200=DIRECTION('ref_axis',(1.,0.,0.));
#2201=DIRECTION('center_axis',(1.,0.,0.));
#2202=DIRECTION('ref_axis',(0.,1.,0.));
#2203=DIRECTION('center_axis',(0.,0.,1.));
#2204=DIRECTION('ref_axis',(-1.,0.,0.));
#2205=DIRECTION('center_axis',(0.,-1.,0.));
#2206=DIRECTION('ref_axis',(0.,0.,1.));
#2207=DIRECTION('center_axis',(0.,0.,-1.));
#2208=DIRECTION('ref_axis',(-0.707106781186548,0.707106781186548,0.));
#2209=DIRECTION('center_axis',(0.,0.,1.));
#2210=DIRECTION('ref_axis',(-0.707106781186547,0.707106781186547,0.));
#2211=DIRECTION('',(0.,0.,-1.));
#2212=DIRECTION('',(0.,0.,1.));
#2213=DIRECTION('center_axis',(0.,-1.,0.));
#2214=DIRECTION('ref_axis',(-0.707106781186548,0.,0.707106781186548));
#2215=DIRECTION('',(0.,1.,0.));
#2216=DIRECTION('',(0.,-1.,0.));
#2217=DIRECTION('center_axis',(0.,0.,1.));
#2218=DIRECTION('ref_axis',(1.,0.,0.));
#2219=DIRECTION('center_axis',(0.,-1.,0.));
#2220=DIRECTION('ref_axis',(1.,0.,0.));
#2221=DIRECTION('center_axis',(0.,0.,1.));
#2222=DIRECTION('ref_axis',(0.,1.,0.));
#2223=DIRECTION('center_axis',(-1.,0.,0.));
#2224=DIRECTION('ref_axis',(0.,0.,1.));
#2225=DIRECTION('center_axis',(0.,0.,-1.));
#2226=DIRECTION('ref_axis',(0.707106781186547,0.707106781186548,0.));
#2227=DIRECTION('center_axis',(0.,0.,1.));
#2228=DIRECTION('ref_axis',(0.707106781186547,0.707106781186547,0.));
#2229=DIRECTION('',(0.,0.,-1.));
#2230=DIRECTION('',(0.,0.,1.));
#2231=DIRECTION('center_axis',(-1.,0.,0.));
#2232=DIRECTION('ref_axis',(0.,0.707106781186549,0.707106781186546));
#2233=DIRECTION('',(1.,0.,0.));
#2234=DIRECTION('',(-1.,0.,0.));
#2235=DIRECTION('center_axis',(0.,0.,1.));
#2236=DIRECTION('ref_axis',(1.,0.,0.));
#2237=DIRECTION('center_axis',(0.,1.,0.));
#2238=DIRECTION('ref_axis',(0.,0.,1.));
#2239=DIRECTION('center_axis',(0.,0.,-1.));
#2240=DIRECTION('ref_axis',(0.707106781186549,0.707106781186546,0.));
#2241=DIRECTION('center_axis',(0.,0.,-1.));
#2242=DIRECTION('ref_axis',(0.707106781186549,0.707106781186546,0.));
#2243=DIRECTION('',(0.,0.,-1.));
#2244=DIRECTION('',(0.,0.,1.));
#2245=DIRECTION('center_axis',(0.,1.,0.));
#2246=DIRECTION('ref_axis',(0.707106781186546,0.,0.707106781186549));
#2247=DIRECTION('',(0.,-1.,0.));
#2248=DIRECTION('',(0.,1.,0.));
#2249=DIRECTION('center_axis',(-1.,0.,0.));
#2250=DIRECTION('ref_axis',(0.,-0.707106781186548,-0.707106781186548));
#2251=DIRECTION('',(1.,0.,0.));
#2252=DIRECTION('',(-1.,0.,0.));
#2253=DIRECTION('center_axis',(0.,0.,1.));
#2254=DIRECTION('ref_axis',(0.707106781186547,-0.707106781186547,0.));
#2255=DIRECTION('',(0.,0.,-1.));
#2256=DIRECTION('',(0.,0.,1.));
#2257=DIRECTION('center_axis',(-1.,0.,0.));
#2258=DIRECTION('ref_axis',(0.,-0.707106781186549,-0.707106781186546));
#2259=DIRECTION('',(-1.,0.,0.));
#2260=DIRECTION('center_axis',(0.,0.,1.));
#2261=DIRECTION('ref_axis',(-0.707106781186547,-0.707106781186547,0.));
#2262=DIRECTION('',(0.,0.,-1.));
#2263=DIRECTION('',(0.,0.,1.));
#2264=DIRECTION('center_axis',(0.,-1.,0.));
#2265=DIRECTION('ref_axis',(0.707106781186546,0.,0.707106781186549));
#2266=DIRECTION('',(0.,1.,0.));
#2267=DIRECTION('center_axis',(-1.,0.,0.));
#2268=DIRECTION('ref_axis',(0.,-0.707106781186549,0.707106781186546));
#2269=DIRECTION('',(1.,0.,0.));
#2270=DIRECTION('center_axis',(0.,1.,0.));
#2271=DIRECTION('ref_axis',(-0.707106781186548,0.,0.707106781186548));
#2272=DIRECTION('',(0.,-1.,0.));
#2273=DIRECTION('center_axis',(1.,0.,0.));
#2274=DIRECTION('ref_axis',(0.,0.707106781186548,-0.707106781186548));
#2275=DIRECTION('',(-1.,0.,0.));
#2276=DIRECTION('center_axis',(0.,0.,1.));
#2277=DIRECTION('ref_axis',(1.,0.,0.));
#2278=DIRECTION('center_axis',(-1.,0.,0.));
#2279=DIRECTION('ref_axis',(0.,1.,0.));
#2280=DIRECTION('',(0.,1.,0.));
#2281=DIRECTION('',(0.,0.,1.));
#2282=DIRECTION('',(0.,1.,0.));
#2283=DIRECTION('',(0.,0.,1.));
#2284=DIRECTION('',(0.,1.,0.));
#2285=DIRECTION('center_axis',(0.,1.,0.));
#2286=DIRECTION('ref_axis',(-1.,0.,0.));
#2287=DIRECTION('center_axis',(0.,1.,0.));
#2288=DIRECTION('ref_axis',(-1.,0.,0.));
#2289=DIRECTION('center_axis',(0.,-1.,0.));
#2290=DIRECTION('ref_axis',(-1.,0.,0.));
#2291=DIRECTION('',(-1.,0.,0.));
#2292=DIRECTION('',(0.,0.,-1.));
#2293=DIRECTION('',(-1.,0.,0.));
#2294=DIRECTION('',(0.,0.,-1.));
#2295=DIRECTION('center_axis',(0.,0.,-1.));
#2296=DIRECTION('ref_axis',(-1.,0.,0.));
#2297=DIRECTION('',(0.,1.,0.));
#2298=DIRECTION('',(0.,-1.,0.));
#2299=DIRECTION('',(1.,0.,0.));
#2300=DIRECTION('center_axis',(-1.,0.,0.));
#2301=DIRECTION('ref_axis',(0.,-1.,0.));
#2302=DIRECTION('',(0.,1.,0.));
#2303=DIRECTION('',(0.,0.,1.));
#2304=DIRECTION('',(0.,1.,0.));
#2305=DIRECTION('',(0.,0.,-1.));
#2306=DIRECTION('center_axis',(0.,0.,1.));
#2307=DIRECTION('ref_axis',(1.,0.,0.));
#2308=DIRECTION('',(0.,1.,0.));
#2309=DIRECTION('',(-1.,0.,0.));
#2310=DIRECTION('',(1.,0.,0.));
#2311=DIRECTION('center_axis',(0.,0.,1.));
#2312=DIRECTION('ref_axis',(1.,0.,0.));
#2313=DIRECTION('',(2.38757639704335E-16,-1.,0.));
#2314=DIRECTION('',(1.,0.,0.));
#2315=DIRECTION('',(0.,-1.,0.));
#2316=DIRECTION('',(1.,0.,0.));
#2317=DIRECTION('',(0.,1.,0.));
#2318=DIRECTION('',(1.,0.,0.));
#2319=DIRECTION('center_axis',(0.,0.,1.));
#2320=DIRECTION('ref_axis',(-1.,0.,0.));
#2321=DIRECTION('center_axis',(0.,0.,1.));
#2322=DIRECTION('ref_axis',(-1.,0.,0.));
#2323=DIRECTION('center_axis',(0.,0.,1.));
#2324=DIRECTION('ref_axis',(-1.,0.,0.));
#2325=DIRECTION('',(0.,0.,1.));
#2326=DIRECTION('center_axis',(0.,0.,-1.));
#2327=DIRECTION('ref_axis',(-1.,0.,0.));
#2328=DIRECTION('center_axis',(0.,0.,1.));
#2329=DIRECTION('ref_axis',(-1.,0.,0.));
#2330=DIRECTION('center_axis',(0.,0.,1.));
#2331=DIRECTION('ref_axis',(-1.,0.,0.));
#2332=DIRECTION('center_axis',(0.,0.,1.));
#2333=DIRECTION('ref_axis',(-1.,0.,0.));
#2334=DIRECTION('',(0.,0.,1.));
#2335=DIRECTION('center_axis',(0.,0.,-1.));
#2336=DIRECTION('ref_axis',(-1.,0.,0.));
#2337=DIRECTION('center_axis',(0.,0.,1.));
#2338=DIRECTION('ref_axis',(-1.,0.,0.));
#2339=DIRECTION('center_axis',(0.,0.,1.));
#2340=DIRECTION('ref_axis',(-1.,0.,0.));
#2341=DIRECTION('center_axis',(0.,0.,1.));
#2342=DIRECTION('ref_axis',(-1.,0.,0.));
#2343=DIRECTION('',(0.,0.,1.));
#2344=DIRECTION('center_axis',(0.,0.,-1.));
#2345=DIRECTION('ref_axis',(-1.,0.,0.));
#2346=DIRECTION('center_axis',(0.,0.,1.));
#2347=DIRECTION('ref_axis',(-1.,0.,0.));
#2348=DIRECTION('center_axis',(0.,0.,1.));
#2349=DIRECTION('ref_axis',(-1.,0.,0.));
#2350=DIRECTION('center_axis',(0.,0.,1.));
#2351=DIRECTION('ref_axis',(-1.,0.,0.));
#2352=DIRECTION('',(0.,0.,1.));
#2353=DIRECTION('center_axis',(0.,0.,-1.));
#2354=DIRECTION('ref_axis',(-1.,0.,0.));
#2355=DIRECTION('center_axis',(1.,0.,0.));
#2356=DIRECTION('ref_axis',(0.,1.,0.));
#2357=DIRECTION('',(0.,0.,1.));
#2358=DIRECTION('center_axis',(0.,-1.,0.));
#2359=DIRECTION('ref_axis',(-1.,0.,0.));
#2360=DIRECTION('',(-1.,0.,0.));
#2361=DIRECTION('center_axis',(0.,1.,0.));
#2362=DIRECTION('ref_axis',(-1.,0.,0.));
#2363=DIRECTION('',(1.,0.,0.));
#2364=DIRECTION('',(0.,0.,1.));
#2365=DIRECTION('center_axis',(1.,2.38757639704335E-16,0.));
#2366=DIRECTION('ref_axis',(-2.38757639704335E-16,1.,0.));
#2367=DIRECTION('',(2.38757639704335E-16,-1.,0.));
#2368=DIRECTION('',(0.,0.,1.));
#2369=DIRECTION('',(0.,0.,-1.));
#2370=DIRECTION('',(2.38757639704335E-16,-1.,0.));
#2371=DIRECTION('',(0.,0.,1.));
#2372=DIRECTION('center_axis',(0.,1.,0.));
#2373=DIRECTION('ref_axis',(-1.,0.,0.));
#2374=DIRECTION('',(1.,0.,0.));
#2375=DIRECTION('',(0.,0.,1.));
#2376=DIRECTION('center_axis',(1.,0.,0.));
#2377=DIRECTION('ref_axis',(0.,1.,0.));
#2378=DIRECTION('',(0.,-1.,0.));
#2379=DIRECTION('',(0.,0.,1.));
#2380=DIRECTION('center_axis',(0.,1.,0.));
#2381=DIRECTION('ref_axis',(-1.,0.,0.));
#2382=DIRECTION('',(1.,0.,0.));
#2383=DIRECTION('',(0.,0.,1.));
#2384=DIRECTION('center_axis',(-1.,0.,0.));
#2385=DIRECTION('ref_axis',(0.,-1.,0.));
#2386=DIRECTION('',(0.,1.,0.));
#2387=DIRECTION('',(0.,0.,1.));
#2388=DIRECTION('center_axis',(0.,1.,0.));
#2389=DIRECTION('ref_axis',(-1.,0.,0.));
#2390=DIRECTION('',(1.,0.,0.));
#2391=DIRECTION('center_axis',(0.,-1.,0.));
#2392=DIRECTION('ref_axis',(1.,0.,0.));
#2393=DIRECTION('',(-1.,0.,0.));
#2394=DIRECTION('center_axis',(0.,-1.,0.));
#2395=DIRECTION('ref_axis',(1.,0.,0.));
#2396=DIRECTION('',(-1.,0.,0.));
#2397=DIRECTION('center_axis',(0.,0.,1.));
#2398=DIRECTION('ref_axis',(1.,0.,0.));
#2399=DIRECTION('',(1.,0.,0.));
#2400=DIRECTION('',(0.,-1.,0.));
#2401=DIRECTION('center_axis',(1.,0.,0.));
#2402=DIRECTION('ref_axis',(0.,-1.,0.));
#2403=DIRECTION('center_axis',(0.,1.,0.));
#2404=DIRECTION('ref_axis',(1.,0.,0.));
#2405=CARTESIAN_POINT('',(0.,0.,0.));
#2406=CARTESIAN_POINT('Origin',(-11.6,-16.61,-5.));
#2407=CARTESIAN_POINT('',(-10.6,-16.,-5.));
#2408=CARTESIAN_POINT('',(-11.6,-16.,-4.));
#2409=CARTESIAN_POINT('Origin',(-11.6,-16.,-5.));
#2410=CARTESIAN_POINT('',(-11.6,-19.6,-4.));
#2411=CARTESIAN_POINT('',(-11.6,-16.61,-4.));
#2412=CARTESIAN_POINT('',(-10.6,-18.6,-5.));
#2413=CARTESIAN_POINT('Origin',(-11.6,-19.6,-5.));
#2414=CARTESIAN_POINT('',(-10.6,-16.61,-5.));
#2415=CARTESIAN_POINT('Origin',(-11.6,-16.,-3.));
#2416=CARTESIAN_POINT('',(-10.6,-15.,-4.73205080756888));
#2417=CARTESIAN_POINT('',(-11.6,-15.,-3.));
#2418=CARTESIAN_POINT('Ctrl Pts',(-11.6,-15.,-3.));
#2419=CARTESIAN_POINT('Ctrl Pts',(-11.322901777919,-15.,-3.27709822208096));
#2420=CARTESIAN_POINT('Ctrl Pts',(-10.9960872838113,-15.,-3.61522327220401));
#2421=CARTESIAN_POINT('Ctrl Pts',(-10.6895719998978,-15.,-4.18473047315088));
#2422=CARTESIAN_POINT('Ctrl Pts',(-10.6,-15.,-4.47717338569331));
#2423=CARTESIAN_POINT('Ctrl Pts',(-10.6,-15.,-4.73205080756888));
#2424=CARTESIAN_POINT('Origin',(-11.6,-16.,-3.));
#2425=CARTESIAN_POINT('Origin',(-10.6,-16.,-3.));
#2426=CARTESIAN_POINT('Origin',(-10.6,-15.,-7.5));
#2427=CARTESIAN_POINT('',(-10.6,-18.6,-6.5));
#2428=CARTESIAN_POINT('',(-10.6,-18.6,-7.5));
#2429=CARTESIAN_POINT('',(-10.6,-15.,-6.5));
#2430=CARTESIAN_POINT('',(-10.6,-7.5,-6.5));
#2431=CARTESIAN_POINT('',(-10.6,-15.,-3.75));
#2432=CARTESIAN_POINT('Origin',(20.4,-18.41,-5.));
#2433=CARTESIAN_POINT('',(20.4,-16.,-4.));
#2434=CARTESIAN_POINT('',(19.4,-16.,-5.));
#2435=CARTESIAN_POINT('Origin',(20.4,-16.,-5.));
#2436=CARTESIAN_POINT('',(19.4,-18.6,-5.));
#2437=CARTESIAN_POINT('',(19.4,-18.41,-5.));
#2438=CARTESIAN_POINT('',(20.4,-19.6,-4.));
#2439=CARTESIAN_POINT('Origin',(20.4,-19.6,-5.));
#2440=CARTESIAN_POINT('',(20.4,-18.41,-4.));
#2441=CARTESIAN_POINT('Origin',(20.4,-16.,-3.));
#2442=CARTESIAN_POINT('',(20.4,-15.,-3.));
#2443=CARTESIAN_POINT('',(19.4,-15.,-4.73205080756888));
#2444=CARTESIAN_POINT('Ctrl Pts',(19.4,-15.,-4.73205080756888));
#2445=CARTESIAN_POINT('Ctrl Pts',(19.4,-15.,-4.47717338569331));
#2446=CARTESIAN_POINT('Ctrl Pts',(19.4895719998978,-15.,-4.18473047315088));
#2447=CARTESIAN_POINT('Ctrl Pts',(19.7960872838113,-15.,-3.61522327220401));
#2448=CARTESIAN_POINT('Ctrl Pts',(20.122901777919,-15.,-3.27709822208096));
#2449=CARTESIAN_POINT('Ctrl Pts',(20.4,-15.,-3.));
#2450=CARTESIAN_POINT('Origin',(19.4,-16.,-3.));
#2451=CARTESIAN_POINT('Origin',(20.4,-16.,-3.));
#2452=CARTESIAN_POINT('Origin',(15.65,-16.,-3.));
#2453=CARTESIAN_POINT('',(25.9,-16.,-4.));
#2454=CARTESIAN_POINT('',(15.65,-16.,-4.));
#2455=CARTESIAN_POINT('',(25.4,-15.,-3.));
#2456=CARTESIAN_POINT('Ctrl Pts',(25.4,-15.,-3.));
#2457=CARTESIAN_POINT('Ctrl Pts',(25.4,-15.,-3.06172133998484));
#2458=CARTESIAN_POINT('Ctrl Pts',(25.4204081632653,-15.0112104657274,-3.18322756234139));
#2459=CARTESIAN_POINT('Ctrl Pts',(25.5195335276968,-15.0811075179641,-3.43401484908885));
#2460=CARTESIAN_POINT('Ctrl Pts',(25.6900874635568,-15.2691189801809,-3.72821653922957));
#2461=CARTESIAN_POINT('Ctrl Pts',(25.8540816326531,-15.6340220487933,-3.95765316519951));
#2462=CARTESIAN_POINT('Ctrl Pts',(25.9,-15.8842724875284,-4.));
#2463=CARTESIAN_POINT('Ctrl Pts',(25.9,-16.,-4.));
#2464=CARTESIAN_POINT('',(15.65,-15.,-3.));
#2465=CARTESIAN_POINT('Origin',(4.4,-18.22,-4.));
#2466=CARTESIAN_POINT('',(-17.1,-16.,-4.));
#2467=CARTESIAN_POINT('',(15.65,-16.,-4.));
#2468=CARTESIAN_POINT('',(-17.1,-16.44,-4.));
#2469=CARTESIAN_POINT('',(-17.1,-16.61,-4.));
#2470=CARTESIAN_POINT('',(-13.1,-20.44,-4.));
#2471=CARTESIAN_POINT('Origin',(-13.1,-16.44,-4.));
#2472=CARTESIAN_POINT('',(21.9,-20.44,-4.));
#2473=CARTESIAN_POINT('',(15.65,-20.44,-4.));
#2474=CARTESIAN_POINT('',(25.9,-16.44,-4.));
#2475=CARTESIAN_POINT('Origin',(21.9,-16.44,-4.));
#2476=CARTESIAN_POINT('',(25.9,-1.61,-4.));
#2477=CARTESIAN_POINT('',(-3.1,-19.6,-4.));
#2478=CARTESIAN_POINT('Origin',(20.4,18.41,-5.));
#2479=CARTESIAN_POINT('',(19.4,16.,-5.));
#2480=CARTESIAN_POINT('',(20.4,16.,-4.));
#2481=CARTESIAN_POINT('Origin',(20.4,16.,-5.));
#2482=CARTESIAN_POINT('',(20.4,19.6,-4.));
#2483=CARTESIAN_POINT('',(20.4,18.41,-4.));
#2484=CARTESIAN_POINT('',(19.4,18.6,-5.));
#2485=CARTESIAN_POINT('Origin',(20.4,19.6,-5.));
#2486=CARTESIAN_POINT('',(19.4,18.41,-5.));
#2487=CARTESIAN_POINT('Origin',(20.4,16.,-3.));
#2488=CARTESIAN_POINT('',(19.4,15.,-4.73205080756888));
#2489=CARTESIAN_POINT('',(20.4,15.,-3.));
#2490=CARTESIAN_POINT('Ctrl Pts',(20.4,15.,-3.));
#2491=CARTESIAN_POINT('Ctrl Pts',(20.122901777919,15.,-3.27709822208096));
#2492=CARTESIAN_POINT('Ctrl Pts',(19.7960872838113,15.,-3.61522327220401));
#2493=CARTESIAN_POINT('Ctrl Pts',(19.4895719998978,15.,-4.18473047315088));
#2494=CARTESIAN_POINT('Ctrl Pts',(19.4,15.,-4.47717338569331));
#2495=CARTESIAN_POINT('Ctrl Pts',(19.4,15.,-4.73205080756888));
#2496=CARTESIAN_POINT('Origin',(20.4,16.,-3.));
#2497=CARTESIAN_POINT('Origin',(19.4,16.,-3.));
#2498=CARTESIAN_POINT('Origin',(19.4,18.6,-7.5));
#2499=CARTESIAN_POINT('',(19.4,18.6,-6.5));
#2500=CARTESIAN_POINT('',(19.4,18.6,-7.5));
#2501=CARTESIAN_POINT('',(19.4,15.,-6.5));
#2502=CARTESIAN_POINT('',(19.4,9.3,-6.5));
#2503=CARTESIAN_POINT('',(19.4,15.,-3.75));
#2504=CARTESIAN_POINT('Origin',(-11.6,16.,-3.));
#2505=CARTESIAN_POINT('',(-10.6,16.,-5.));
#2506=CARTESIAN_POINT('',(-11.6,16.,-4.));
#2507=CARTESIAN_POINT('Origin',(-11.6,16.,-5.));
#2508=CARTESIAN_POINT('',(-11.6,15.,-3.));
#2509=CARTESIAN_POINT('Origin',(-11.6,16.,-3.));
#2510=CARTESIAN_POINT('',(-10.6,15.,-4.73205080756888));
#2511=CARTESIAN_POINT('Ctrl Pts',(-10.6,15.,-4.73205080756888));
#2512=CARTESIAN_POINT('Ctrl Pts',(-10.6,15.,-4.47717338569331));
#2513=CARTESIAN_POINT('Ctrl Pts',(-10.6895719998978,15.,-4.18473047315088));
#2514=CARTESIAN_POINT('Ctrl Pts',(-10.9960872838113,15.,-3.61522327220401));
#2515=CARTESIAN_POINT('Ctrl Pts',(-11.322901777919,15.,-3.27709822208096));
#2516=CARTESIAN_POINT('Ctrl Pts',(-11.6,15.,-3.));
#2517=CARTESIAN_POINT('Origin',(-10.6,16.,-3.));
#2518=CARTESIAN_POINT('Origin',(-11.6,16.61,-5.));
#2519=CARTESIAN_POINT('',(-10.6,18.6,-5.));
#2520=CARTESIAN_POINT('',(-11.6,19.6,-4.));
#2521=CARTESIAN_POINT('Origin',(-11.6,19.6,-5.));
#2522=CARTESIAN_POINT('',(-11.6,16.61,-4.));
#2523=CARTESIAN_POINT('',(-10.6,16.61,-5.));
#2524=CARTESIAN_POINT('Origin',(-10.6,15.,-7.5));
#2525=CARTESIAN_POINT('',(-10.6,15.,-6.5));
#2526=CARTESIAN_POINT('',(-10.6,15.,-3.75));
#2527=CARTESIAN_POINT('',(-10.6,18.6,-6.5));
#2528=CARTESIAN_POINT('',(-10.6,7.5,-6.5));
#2529=CARTESIAN_POINT('',(-10.6,18.6,-7.5));
#2530=CARTESIAN_POINT('Origin',(20.4,9.3,-6.5));
#2531=CARTESIAN_POINT('',(20.4,19.6,-7.5));
#2532=CARTESIAN_POINT('',(20.4,14.,-7.5));
#2533=CARTESIAN_POINT('',(20.4,9.3,-7.5));
#2534=CARTESIAN_POINT('Origin',(20.4,14.,-6.5));
#2535=CARTESIAN_POINT('Origin',(20.4,19.6,-6.5));
#2536=CARTESIAN_POINT('Origin',(-6.85,14.,-6.5));
#2537=CARTESIAN_POINT('',(-6.85,15.,-6.5));
#2538=CARTESIAN_POINT('',(-11.6,14.,-7.5));
#2539=CARTESIAN_POINT('',(-6.85,14.,-7.5));
#2540=CARTESIAN_POINT('Origin',(-11.6,14.,-6.5));
#2541=CARTESIAN_POINT('Origin',(-3.1,19.6,-6.5));
#2542=CARTESIAN_POINT('',(-11.6,19.6,-7.5));
#2543=CARTESIAN_POINT('',(-3.1,19.6,-7.5));
#2544=CARTESIAN_POINT('',(-3.1,18.6,-6.5));
#2545=CARTESIAN_POINT('Origin',(-11.6,19.6,-6.5));
#2546=CARTESIAN_POINT('Origin',(-11.6,7.5,-6.5));
#2547=CARTESIAN_POINT('',(-11.6,7.5,-7.5));
#2548=CARTESIAN_POINT('Origin',(-10.6,18.6,-7.5));
#2549=CARTESIAN_POINT('',(-3.1,18.6,-5.));
#2550=CARTESIAN_POINT('Origin',(4.4,0.,-7.5));
#2551=CARTESIAN_POINT('',(25.9,16.44,-7.5));
#2552=CARTESIAN_POINT('',(21.9,20.44,-7.5));
#2553=CARTESIAN_POINT('Origin',(21.9,16.44,-7.5));
#2554=CARTESIAN_POINT('',(25.9,-16.44,-7.5));
#2555=CARTESIAN_POINT('',(25.9,7.5,-7.5));
#2556=CARTESIAN_POINT('',(21.9,-20.44,-7.5));
#2557=CARTESIAN_POINT('Origin',(21.9,-16.44,-7.5));
#2558=CARTESIAN_POINT('',(-13.1,-20.44,-7.5));
#2559=CARTESIAN_POINT('',(15.65,-20.44,-7.5));
#2560=CARTESIAN_POINT('',(-17.1,-16.44,-7.5));
#2561=CARTESIAN_POINT('Origin',(-13.1,-16.44,-7.5));
#2562=CARTESIAN_POINT('',(-17.1,16.44,-7.5));
#2563=CARTESIAN_POINT('',(-17.1,-7.5,-7.5));
#2564=CARTESIAN_POINT('',(-13.1,20.44,-7.5));
#2565=CARTESIAN_POINT('Origin',(-13.1,16.44,-7.5));
#2566=CARTESIAN_POINT('',(15.65,20.44,-7.5));
#2567=CARTESIAN_POINT('',(-11.6,-19.6,-7.5));
#2568=CARTESIAN_POINT('',(-11.6,-14.,-7.5));
#2569=CARTESIAN_POINT('',(-11.6,-7.5,-7.5));
#2570=CARTESIAN_POINT('',(20.4,-19.6,-7.5));
#2571=CARTESIAN_POINT('',(-3.1,-19.6,-7.5));
#2572=CARTESIAN_POINT('',(20.4,-14.,-7.5));
#2573=CARTESIAN_POINT('',(20.4,-9.3,-7.5));
#2574=CARTESIAN_POINT('',(15.65,-14.,-7.5));
#2575=CARTESIAN_POINT('',(-16.7,11.5,-7.5));
#2576=CARTESIAN_POINT('Origin',(-13.6,11.5,-7.5));
#2577=CARTESIAN_POINT('',(19.3,11.5,-7.5));
#2578=CARTESIAN_POINT('Origin',(22.4,11.5,-7.5));
#2579=CARTESIAN_POINT('',(-16.7,-11.5,-7.5));
#2580=CARTESIAN_POINT('Origin',(-13.6,-11.5,-7.5));
#2581=CARTESIAN_POINT('',(19.3,-11.5,-7.5));
#2582=CARTESIAN_POINT('Origin',(22.4,-11.5,-7.5));
#2583=CARTESIAN_POINT('Origin',(-11.6,-7.5,-6.5));
#2584=CARTESIAN_POINT('Origin',(-11.6,-14.,-6.5));
#2585=CARTESIAN_POINT('Origin',(-11.6,-19.6,-6.5));
#2586=CARTESIAN_POINT('Origin',(15.65,-14.,-6.5));
#2587=CARTESIAN_POINT('',(19.4,-15.,-6.5));
#2588=CARTESIAN_POINT('Origin',(20.4,-14.,-6.5));
#2589=CARTESIAN_POINT('',(15.65,-15.,-6.5));
#2590=CARTESIAN_POINT('Origin',(20.4,-9.3,-6.5));
#2591=CARTESIAN_POINT('',(19.4,-18.6,-6.5));
#2592=CARTESIAN_POINT('',(19.4,-9.3,-6.5));
#2593=CARTESIAN_POINT('Origin',(20.4,-19.6,-6.5));
#2594=CARTESIAN_POINT('Origin',(-3.1,-19.6,-6.5));
#2595=CARTESIAN_POINT('',(-3.1,-18.6,-6.5));
#2596=CARTESIAN_POINT('Origin',(-10.6,-18.6,-7.5));
#2597=CARTESIAN_POINT('',(-3.1,-18.6,-5.));
#2598=CARTESIAN_POINT('',(19.4,-18.6,-7.5));
#2599=CARTESIAN_POINT('Origin',(22.4,-11.5,-6.5));
#2600=CARTESIAN_POINT('',(20.3,-11.5,-6.5));
#2601=CARTESIAN_POINT('Origin',(19.3,-11.5,-6.5));
#2602=CARTESIAN_POINT('',(24.5,-11.5,-6.5));
#2603=CARTESIAN_POINT('Origin',(22.4,-11.5,-6.5));
#2604=CARTESIAN_POINT('Origin',(22.4,-11.5,-6.5));
#2605=CARTESIAN_POINT('Origin',(22.4,-11.5,-6.));
#2606=CARTESIAN_POINT('',(24.5,-11.5,-4.5));
#2607=CARTESIAN_POINT('',(24.5,-11.5,-6.));
#2608=CARTESIAN_POINT('Origin',(22.4,-11.5,-4.5));
#2609=CARTESIAN_POINT('Origin',(-13.6,11.5,-6.5));
#2610=CARTESIAN_POINT('',(-15.7,11.5,-6.5));
#2611=CARTESIAN_POINT('Origin',(-16.7,11.5,-6.5));
#2612=CARTESIAN_POINT('',(-11.5,11.5,-6.5));
#2613=CARTESIAN_POINT('Origin',(-13.6,11.5,-6.5));
#2614=CARTESIAN_POINT('Origin',(-13.6,11.5,-6.5));
#2615=CARTESIAN_POINT('Origin',(-13.6,11.5,-6.));
#2616=CARTESIAN_POINT('',(-11.5,11.5,-4.5));
#2617=CARTESIAN_POINT('',(-11.5,11.5,-6.));
#2618=CARTESIAN_POINT('Origin',(-13.6,11.5,-4.5));
#2619=CARTESIAN_POINT('Origin',(-13.6,-11.5,-6.5));
#2620=CARTESIAN_POINT('',(-15.7,-11.5,-6.5));
#2621=CARTESIAN_POINT('Origin',(-16.7,-11.5,-6.5));
#2622=CARTESIAN_POINT('',(-11.5,-11.5,-6.5));
#2623=CARTESIAN_POINT('Origin',(-13.6,-11.5,-6.5));
#2624=CARTESIAN_POINT('Origin',(-13.6,-11.5,-6.5));
#2625=CARTESIAN_POINT('Origin',(-13.6,-11.5,-6.));
#2626=CARTESIAN_POINT('',(-11.5,-11.5,-4.5));
#2627=CARTESIAN_POINT('',(-11.5,-11.5,-6.));
#2628=CARTESIAN_POINT('Origin',(-13.6,-11.5,-4.5));
#2629=CARTESIAN_POINT('Origin',(22.4,11.5,-6.5));
#2630=CARTESIAN_POINT('',(20.3,11.5,-6.5));
#2631=CARTESIAN_POINT('Origin',(19.3,11.5,-6.5));
#2632=CARTESIAN_POINT('',(24.5,11.5,-6.5));
#2633=CARTESIAN_POINT('Origin',(22.4,11.5,-6.5));
#2634=CARTESIAN_POINT('Origin',(22.4,11.5,-6.5));
#2635=CARTESIAN_POINT('Origin',(22.4,11.5,-6.));
#2636=CARTESIAN_POINT('',(24.5,11.5,-4.5));
#2637=CARTESIAN_POINT('',(24.5,11.5,-6.));
#2638=CARTESIAN_POINT('Origin',(22.4,11.5,-4.5));
#2639=CARTESIAN_POINT('Origin',(-3.1,-19.6,-5.));
#2640=CARTESIAN_POINT('Origin',(-3.1,19.6,-5.));
#2641=CARTESIAN_POINT('',(-3.1,19.6,-4.));
#2642=CARTESIAN_POINT('Ctrl Pts',(-18.1,-16.,-5.));
#2643=CARTESIAN_POINT('Ctrl Pts',(-18.1,-15.6913933000758,-5.));
#2644=CARTESIAN_POINT('Ctrl Pts',(-18.1,-15.0394660688319,-4.9330204026622));
#2645=CARTESIAN_POINT('Ctrl Pts',(-18.1,-14.3867902959464,-4.5666071375474));
#2646=CARTESIAN_POINT('Ctrl Pts',(-18.1,-13.8653973067324,-4.08418432362583));
#2647=CARTESIAN_POINT('Ctrl Pts',(-18.1,-13.6157767998309,-3.68051338223272));
#2648=CARTESIAN_POINT('Ctrl Pts',(-18.1,-13.521013592509,-3.2676182004617));
#2649=CARTESIAN_POINT('Ctrl Pts',(-18.1,-13.5052511253178,-3.13430985906944));
#2650=CARTESIAN_POINT('Ctrl Pts',(-18.1,-13.5007752042839,-3.05777295402194));
#2651=CARTESIAN_POINT('Ctrl Pts',(-18.1,-13.5,-3.01928791874526));
#2652=CARTESIAN_POINT('Ctrl Pts',(-18.1,-13.5,-3.));
#2653=CARTESIAN_POINT('Ctrl Pts',(-18.1,-16.,-4.86531299405971));
#2654=CARTESIAN_POINT('Ctrl Pts',(-18.1,-15.7003083138358,-4.86531299405971));
#2655=CARTESIAN_POINT('Ctrl Pts',(-18.1000261118359,-15.080131883076,-4.78971782260724));
#2656=CARTESIAN_POINT('Ctrl Pts',(-18.0999798291124,-14.4801015717854,-4.42852164106271));
#2657=CARTESIAN_POINT('Ctrl Pts',(-18.0999290946126,-14.0110628294067,-3.96868610727931));
#2658=CARTESIAN_POINT('Ctrl Pts',(-18.0999496326969,-13.7964681370004,-3.59448043670399));
#2659=CARTESIAN_POINT('Ctrl Pts',(-18.0999899112886,-13.7191089650478,-3.2317613522821));
#2660=CARTESIAN_POINT('Ctrl Pts',(-18.0999970699106,-13.706253068024,-3.11598254452813));
#2661=CARTESIAN_POINT('Ctrl Pts',(-18.0999995253002,-13.7026573029051,-3.04982579589805));
#2662=CARTESIAN_POINT('Ctrl Pts',(-18.1,-13.7020305089104,-3.01662849626196));
#2663=CARTESIAN_POINT('Ctrl Pts',(-18.1,-13.7020305089104,-3.));
#2664=CARTESIAN_POINT('Ctrl Pts',(-18.0447208173185,-16.,-4.57171158516995));
#2665=CARTESIAN_POINT('Ctrl Pts',(-18.0447208173185,-15.7246821430501,-4.57171158516995));
#2666=CARTESIAN_POINT('Ctrl Pts',(-18.0405975192727,-15.1783624815428,-4.47772493005484));
#2667=CARTESIAN_POINT('Ctrl Pts',(-18.0324929439689,-14.6952407385093,-4.13248263717675));
#2668=CARTESIAN_POINT('Ctrl Pts',(-18.0246574854242,-14.3395135856855,-3.72631391918487));
#2669=CARTESIAN_POINT('Ctrl Pts',(-18.0197286375388,-14.1964523824789,-3.41807667281563));
#2670=CARTESIAN_POINT('Ctrl Pts',(-18.0175671874692,-14.1520873003216,-3.15879680384764));
#2671=CARTESIAN_POINT('Ctrl Pts',(-18.0172057760823,-14.1447465934271,-3.07877010945404));
#2672=CARTESIAN_POINT('Ctrl Pts',(-18.0170994234543,-14.1427914129989,-3.03371301211789));
#2673=CARTESIAN_POINT('Ctrl Pts',(-18.0170812259777,-14.1424326222451,-3.01122866071684));
#2674=CARTESIAN_POINT('Ctrl Pts',(-18.0170812259777,-14.1424326222451,-3.));
#2675=CARTESIAN_POINT('Ctrl Pts',(-17.6900801026247,-16.,-4.11628126789273));
#2676=CARTESIAN_POINT('Ctrl Pts',(-17.6900801026247,-15.7859561717583,-4.11628126789273));
#2677=CARTESIAN_POINT('Ctrl Pts',(-17.6554966794167,-15.3823163185229,-4.00792861608222));
#2678=CARTESIAN_POINT('Ctrl Pts',(-17.5931298425967,-15.0844997020095,-3.71653535847648));
#2679=CARTESIAN_POINT('Ctrl Pts',(-17.5348000854393,-14.8917977104611,-3.41241979282422));
#2680=CARTESIAN_POINT('Ctrl Pts',(-17.5007090139307,-14.8377263096797,-3.20898953089771));
#2681=CARTESIAN_POINT('Ctrl Pts',(-17.4879496702065,-14.8276076192773,-3.07522038275446));
#2682=CARTESIAN_POINT('Ctrl Pts',(-17.4858232529312,-14.8259830788061,-3.03655983573534));
#2683=CARTESIAN_POINT('Ctrl Pts',(-17.4852253282573,-14.8256489625808,-3.01551513255882));
#2684=CARTESIAN_POINT('Ctrl Pts',(-17.4851201539371,-14.8255780981609,-3.00515047191292));
#2685=CARTESIAN_POINT('Ctrl Pts',(-17.4851201539371,-14.8255780981609,-3.));
#2686=CARTESIAN_POINT('Ctrl Pts',(-17.3020305089104,-16.,-4.));
#2687=CARTESIAN_POINT('Ctrl Pts',(-17.3020305089104,-15.8283109554035,-4.));
#2688=CARTESIAN_POINT('Ctrl Pts',(-17.2379733709522,-15.487487795996,-3.90835878883186));
#2689=CARTESIAN_POINT('Ctrl Pts',(-17.1183637977905,-15.2360043451516,-3.66296950722337));
#2690=CARTESIAN_POINT('Ctrl Pts',(-17.0049325840354,-15.0701982128648,-3.40419970072439));
#2691=CARTESIAN_POINT('Ctrl Pts',(-16.9366113514977,-15.0174845122878,-3.22564540140406));
#2692=CARTESIAN_POINT('Ctrl Pts',(-16.9091709292992,-15.0030400614852,-3.08509545919647));
#2693=CARTESIAN_POINT('Ctrl Pts',(-16.9045888263694,-15.000724537543,-3.04208592262293));
#2694=CARTESIAN_POINT('Ctrl Pts',(-16.903272709229,-15.0001248786081,-3.01801484611313));
#2695=CARTESIAN_POINT('Ctrl Pts',(-16.9030457633657,-15.,-3.00598924662116));
#2696=CARTESIAN_POINT('Ctrl Pts',(-16.9030457633657,-15.,-3.));
#2697=CARTESIAN_POINT('Ctrl Pts',(-17.1,-16.,-4.));
#2698=CARTESIAN_POINT('Ctrl Pts',(-17.1,-15.8456966500379,-4.));
#2699=CARTESIAN_POINT('Ctrl Pts',(-17.0234693877551,-15.5247597848679,-3.92390030065064));
#2700=CARTESIAN_POINT('Ctrl Pts',(-16.8762390670554,-15.2719060575823,-3.70066149534742));
#2701=CARTESIAN_POINT('Ctrl Pts',(-16.7348396501458,-15.0947063531219,-3.45399906408916));
#2702=CARTESIAN_POINT('Ctrl Pts',(-16.6466472303207,-15.0279762231643,-3.27476327267325));
#2703=CARTESIAN_POINT('Ctrl Pts',(-16.6085641399417,-15.0049808205023,-3.10738780477423));
#2704=CARTESIAN_POINT('Ctrl Pts',(-16.6021865889213,-15.0012302344184,-3.05374002516037));
#2705=CARTESIAN_POINT('Ctrl Pts',(-16.600318877551,-15.0001819314215,-3.02311593192541));
#2706=CARTESIAN_POINT('Ctrl Pts',(-16.6,-15.,-3.0077151674981));
#2707=CARTESIAN_POINT('Ctrl Pts',(-16.6,-15.,-3.));
#2708=CARTESIAN_POINT('',(-16.6,-15.,-3.));
#2709=CARTESIAN_POINT('Ctrl Pts',(-17.1,-16.,-4.));
#2710=CARTESIAN_POINT('Ctrl Pts',(-17.1,-15.8456966500379,-4.));
#2711=CARTESIAN_POINT('Ctrl Pts',(-17.0234693877551,-15.5247597848679,-3.92390030065064));
#2712=CARTESIAN_POINT('Ctrl Pts',(-16.8762390670554,-15.2719060575823,-3.70066149534742));
#2713=CARTESIAN_POINT('Ctrl Pts',(-16.7348396501458,-15.0947063531219,-3.45399906408916));
#2714=CARTESIAN_POINT('Ctrl Pts',(-16.6466472303207,-15.0279762231643,-3.27476327267325));
#2715=CARTESIAN_POINT('Ctrl Pts',(-16.6085641399417,-15.0049808205023,-3.10738780477423));
#2716=CARTESIAN_POINT('Ctrl Pts',(-16.6021865889213,-15.0012302344184,-3.05374002516037));
#2717=CARTESIAN_POINT('Ctrl Pts',(-16.600318877551,-15.0001819314215,-3.02311593192541));
#2718=CARTESIAN_POINT('Ctrl Pts',(-16.6,-15.,-3.0077151674981));
#2719=CARTESIAN_POINT('Ctrl Pts',(-16.6,-15.,-3.));
#2720=CARTESIAN_POINT('',(-18.1,-13.5,-3.));
#2721=CARTESIAN_POINT('Origin',(-16.6,-13.5,-3.));
#2722=CARTESIAN_POINT('',(-18.1,-16.,-5.));
#2723=CARTESIAN_POINT('Ctrl Pts',(-18.1,-13.5,-3.));
#2724=CARTESIAN_POINT('Ctrl Pts',(-18.1,-13.5,-3.01928791874526));
#2725=CARTESIAN_POINT('Ctrl Pts',(-18.1,-13.5007752042839,-3.05777295402194));
#2726=CARTESIAN_POINT('Ctrl Pts',(-18.1,-13.5052511253178,-3.13430985906944));
#2727=CARTESIAN_POINT('Ctrl Pts',(-18.1,-13.521013592509,-3.2676182004617));
#2728=CARTESIAN_POINT('Ctrl Pts',(-18.1,-13.6157767998309,-3.68051338223272));
#2729=CARTESIAN_POINT('Ctrl Pts',(-18.1,-13.8653973067324,-4.08418432362583));
#2730=CARTESIAN_POINT('Ctrl Pts',(-18.1,-14.3867902959464,-4.5666071375474));
#2731=CARTESIAN_POINT('Ctrl Pts',(-18.1,-15.0394660688319,-4.9330204026622));
#2732=CARTESIAN_POINT('Ctrl Pts',(-18.1,-15.6913933000758,-5.));
#2733=CARTESIAN_POINT('Ctrl Pts',(-18.1,-16.,-5.));
#2734=CARTESIAN_POINT('Origin',(-17.1,-16.,-5.));
#2735=CARTESIAN_POINT('Origin',(-16.6,-13.5,0.));
#2736=CARTESIAN_POINT('',(-16.6,-15.,5.05));
#2737=CARTESIAN_POINT('',(-18.1,-13.5,5.05));
#2738=CARTESIAN_POINT('Origin',(-16.6,-13.5,5.05));
#2739=CARTESIAN_POINT('',(-18.1,-13.5,0.));
#2740=CARTESIAN_POINT('',(-16.6,-15.,0.));
#2741=CARTESIAN_POINT('Ctrl Pts',(26.9,-13.5,-3.));
#2742=CARTESIAN_POINT('Ctrl Pts',(26.9,-13.5,-3.15430334996209));
#2743=CARTESIAN_POINT('Ctrl Pts',(26.9,-13.5486444167042,-3.45680008701854));
#2744=CARTESIAN_POINT('Ctrl Pts',(26.9,-13.8172473515716,-4.04803614766901));
#2745=CARTESIAN_POINT('Ctrl Pts',(26.9,-14.4065037405215,-4.62966894246936));
#2746=CARTESIAN_POINT('Ctrl Pts',(26.9,-15.266080886288,-4.96375549202613));
#2747=CARTESIAN_POINT('Ctrl Pts',(26.9,-15.7685449750569,-5.));
#2748=CARTESIAN_POINT('Ctrl Pts',(26.9,-16.,-5.));
#2749=CARTESIAN_POINT('Ctrl Pts',(26.9,-13.7020305089104,-3.));
#2750=CARTESIAN_POINT('Ctrl Pts',(26.9,-13.7020305089104,-3.1330279700957));
#2751=CARTESIAN_POINT('Ctrl Pts',(26.8999586152141,-13.7408795380117,-3.39588942782137));
#2752=CARTESIAN_POINT('Ctrl Pts',(26.8999124141709,-13.9682636002853,-3.93222710739112));
#2753=CARTESIAN_POINT('Ctrl Pts',(26.8999212911351,-14.4945889266334,-4.48788137976701));
#2754=CARTESIAN_POINT('Ctrl Pts',(26.9000258982527,-15.2951317602909,-4.82390340504352));
#2755=CARTESIAN_POINT('Ctrl Pts',(26.9,-15.7752312353768,-4.86531299405971));
#2756=CARTESIAN_POINT('Ctrl Pts',(26.9,-16.,-4.86531299405971));
#2757=CARTESIAN_POINT('Ctrl Pts',(26.8170999917427,-14.14239970354,-3.));
#2758=CARTESIAN_POINT('Ctrl Pts',(26.8170999917427,-14.14239970354,-3.08982928573468));
#2759=CARTESIAN_POINT('Ctrl Pts',(26.8182572791396,-14.163413699936,-3.27225839785748));
#2760=CARTESIAN_POINT('Ctrl Pts',(26.8238225674169,-14.3083386832361,-3.68991133924296));
#2761=CARTESIAN_POINT('Ctrl Pts',(26.8332453512084,-14.6997785497293,-4.18333703893023));
#2762=CARTESIAN_POINT('Ctrl Pts',(26.842270314715,-15.3662669569826,-4.51903933707974));
#2763=CARTESIAN_POINT('Ctrl Pts',(26.8447333278285,-15.7935116072876,-4.57173353097336));
#2764=CARTESIAN_POINT('Ctrl Pts',(26.8447333278285,-16.,-4.57173353097336));
#2765=CARTESIAN_POINT('Ctrl Pts',(26.2851855388964,-14.8254617403132,-3.));
#2766=CARTESIAN_POINT('Ctrl Pts',(26.2851855388964,-14.8254617403132,-3.04120377530337));
#2767=CARTESIAN_POINT('Ctrl Pts',(26.29163312348,-14.8286532690379,-3.12957084847526));
#2768=CARTESIAN_POINT('Ctrl Pts',(26.3283379546173,-14.8775122433682,-3.38199773881641));
#2769=CARTESIAN_POINT('Ctrl Pts',(26.3986942336876,-15.0765273395346,-3.75112739793411));
#2770=CARTESIAN_POINT('Ctrl Pts',(26.4692186513535,-15.5190497669704,-4.05464170650631));
#2771=CARTESIAN_POINT('Ctrl Pts',(26.4901236925976,-15.8394671288187,-4.11635883979117));
#2772=CARTESIAN_POINT('Ctrl Pts',(26.4901236925976,-16.,-4.11635883979117));
#2773=CARTESIAN_POINT('Ctrl Pts',(25.7030457633657,-15.,-3.));
#2774=CARTESIAN_POINT('Ctrl Pts',(25.7030457633657,-15.,-3.04791397296931));
#2775=CARTESIAN_POINT('Ctrl Pts',(25.7172662228489,-15.0067052549277,-3.14636417735345));
#2776=CARTESIAN_POINT('Ctrl Pts',(25.7924052907745,-15.0580404839718,-3.38019853390752));
#2777=CARTESIAN_POINT('Ctrl Pts',(25.9289813194216,-15.2312361585611,-3.69223874664204));
#2778=CARTESIAN_POINT('Ctrl Pts',(26.0634794318485,-15.6026969907999,-3.94799765760966));
#2779=CARTESIAN_POINT('Ctrl Pts',(26.1020305089104,-15.8712332165526,-4.));
#2780=CARTESIAN_POINT('Ctrl Pts',(26.1020305089104,-16.,-4.));
#2781=CARTESIAN_POINT('Ctrl Pts',(25.4,-15.,-3.));
#2782=CARTESIAN_POINT('Ctrl Pts',(25.4,-15.,-3.06172133998484));
#2783=CARTESIAN_POINT('Ctrl Pts',(25.4204081632653,-15.0112104657274,-3.18322756234139));
#2784=CARTESIAN_POINT('Ctrl Pts',(25.5195335276968,-15.0811075179641,-3.43401484908885));
#2785=CARTESIAN_POINT('Ctrl Pts',(25.6900874635568,-15.2691189801809,-3.72821653922957));
#2786=CARTESIAN_POINT('Ctrl Pts',(25.8540816326531,-15.6340220487933,-3.95765316519951));
#2787=CARTESIAN_POINT('Ctrl Pts',(25.9,-15.8842724875284,-4.));
#2788=CARTESIAN_POINT('Ctrl Pts',(25.9,-16.,-4.));
#2789=CARTESIAN_POINT('',(26.9,-16.,-5.));
#2790=CARTESIAN_POINT('',(26.9,-13.5,-3.));
#2791=CARTESIAN_POINT('Ctrl Pts',(26.9,-16.,-5.));
#2792=CARTESIAN_POINT('Ctrl Pts',(26.9,-15.7685449750569,-5.));
#2793=CARTESIAN_POINT('Ctrl Pts',(26.9,-15.266080886288,-4.96375549202613));
#2794=CARTESIAN_POINT('Ctrl Pts',(26.9,-14.4065037405215,-4.62966894246936));
#2795=CARTESIAN_POINT('Ctrl Pts',(26.9,-13.8172473515716,-4.04803614766901));
#2796=CARTESIAN_POINT('Ctrl Pts',(26.9,-13.5486444167042,-3.45680008701854));
#2797=CARTESIAN_POINT('Ctrl Pts',(26.9,-13.5,-3.15430334996209));
#2798=CARTESIAN_POINT('Ctrl Pts',(26.9,-13.5,-3.));
#2799=CARTESIAN_POINT('Origin',(25.4,-13.5,-3.));
#2800=CARTESIAN_POINT('Origin',(25.9,-16.,-5.));
#2801=CARTESIAN_POINT('Origin',(25.4,-13.5,0.));
#2802=CARTESIAN_POINT('',(26.9,-13.5,5.05));
#2803=CARTESIAN_POINT('',(25.4,-15.,5.05));
#2804=CARTESIAN_POINT('Origin',(25.4,-13.5,5.05));
#2805=CARTESIAN_POINT('',(25.4,-15.,0.));
#2806=CARTESIAN_POINT('',(26.9,-13.5,0.));
#2807=CARTESIAN_POINT('Origin',(-13.1,-16.44,-5.));
#2808=CARTESIAN_POINT('',(-18.1,-16.44,-5.));
#2809=CARTESIAN_POINT('Origin',(-17.1,-16.44,-5.));
#2810=CARTESIAN_POINT('',(-13.1,-21.44,-5.));
#2811=CARTESIAN_POINT('Origin',(-13.1,-16.44,-5.));
#2812=CARTESIAN_POINT('Origin',(-13.1,-20.44,-5.));
#2813=CARTESIAN_POINT('Origin',(21.9,-16.44,-5.));
#2814=CARTESIAN_POINT('',(21.9,-21.44,-5.));
#2815=CARTESIAN_POINT('Origin',(21.9,-20.44,-5.));
#2816=CARTESIAN_POINT('',(26.9,-16.44,-5.));
#2817=CARTESIAN_POINT('Origin',(21.9,-16.44,-5.));
#2818=CARTESIAN_POINT('Origin',(25.9,-16.44,-5.));
#2819=CARTESIAN_POINT('Origin',(-13.1,-16.44,-6.5));
#2820=CARTESIAN_POINT('',(-18.1,-16.44,-6.5));
#2821=CARTESIAN_POINT('',(-13.1,-21.44,-6.5));
#2822=CARTESIAN_POINT('Origin',(-13.1,-16.44,-6.5));
#2823=CARTESIAN_POINT('Origin',(-17.1,-16.44,-6.5));
#2824=CARTESIAN_POINT('Origin',(-13.1,-20.44,-6.5));
#2825=CARTESIAN_POINT('Origin',(21.9,-16.44,-6.5));
#2826=CARTESIAN_POINT('',(26.9,-16.44,-6.5));
#2827=CARTESIAN_POINT('Origin',(25.9,-16.44,-6.5));
#2828=CARTESIAN_POINT('',(21.9,-21.44,-6.5));
#2829=CARTESIAN_POINT('Origin',(21.9,-16.44,-6.5));
#2830=CARTESIAN_POINT('Origin',(21.9,-20.44,-6.5));
#2831=CARTESIAN_POINT('Origin',(-13.1,16.44,-6.5));
#2832=CARTESIAN_POINT('',(-18.1,16.44,-6.5));
#2833=CARTESIAN_POINT('Origin',(-17.1,16.44,-6.5));
#2834=CARTESIAN_POINT('',(-13.1,21.44,-6.5));
#2835=CARTESIAN_POINT('Origin',(-13.1,16.44,-6.5));
#2836=CARTESIAN_POINT('Origin',(-13.1,20.44,-6.5));
#2837=CARTESIAN_POINT('Origin',(-17.1,-7.5,-6.5));
#2838=CARTESIAN_POINT('',(-18.1,-7.5,-6.5));
#2839=CARTESIAN_POINT('Ctrl Pts',(-18.1,13.5,-3.));
#2840=CARTESIAN_POINT('Ctrl Pts',(-18.1,13.5,-3.15430334996209));
#2841=CARTESIAN_POINT('Ctrl Pts',(-18.1,13.5486502259763,-3.45680210012759));
#2842=CARTESIAN_POINT('Ctrl Pts',(-18.1,13.8172567230656,-4.04804067615191));
#2843=CARTESIAN_POINT('Ctrl Pts',(-18.1,14.406518189723,-4.62967589691029));
#2844=CARTESIAN_POINT('Ctrl Pts',(-18.1,15.2661057734119,-4.96376271748942));
#2845=CARTESIAN_POINT('Ctrl Pts',(-18.1,15.7685449750569,-5.));
#2846=CARTESIAN_POINT('Ctrl Pts',(-18.1,16.,-5.));
#2847=CARTESIAN_POINT('Ctrl Pts',(-18.1,13.7020305089104,-3.));
#2848=CARTESIAN_POINT('Ctrl Pts',(-18.1,13.7020305089104,-3.1330279700957));
#2849=CARTESIAN_POINT('Ctrl Pts',(-18.0999613699047,13.7408870349185,-3.39587719626405));
#2850=CARTESIAN_POINT('Ctrl Pts',(-18.0999164301728,13.9682729175211,-3.93221262779874));
#2851=CARTESIAN_POINT('Ctrl Pts',(-18.0999258223922,14.4945999406749,-4.48786665617934));
#2852=CARTESIAN_POINT('Ctrl Pts',(-18.1000278536438,15.2951507307626,-4.8238965713036));
#2853=CARTESIAN_POINT('Ctrl Pts',(-18.1,15.7752312353768,-4.86531299405971));
#2854=CARTESIAN_POINT('Ctrl Pts',(-18.1,16.,-4.86531299405971));
#2855=CARTESIAN_POINT('Ctrl Pts',(-18.0170812259777,14.1424326222451,-3.));
#2856=CARTESIAN_POINT('Ctrl Pts',(-18.0170812259777,14.1424326222451,-3.08982928573468));
#2857=CARTESIAN_POINT('Ctrl Pts',(-18.0182408748449,14.1634440158215,-3.27226376498066));
#2858=CARTESIAN_POINT('Ctrl Pts',(-18.0238074782905,14.3083690385125,-3.68992349330337));
#2859=CARTESIAN_POINT('Ctrl Pts',(-18.0332328674705,14.699801526032,-4.18334756136737));
#2860=CARTESIAN_POINT('Ctrl Pts',(-18.0422570398608,15.3663010996717,-4.51904430023493));
#2861=CARTESIAN_POINT('Ctrl Pts',(-18.0447208173185,15.7935116072876,-4.57171158516995));
#2862=CARTESIAN_POINT('Ctrl Pts',(-18.0447208173185,16.,-4.57171158516995));
#2863=CARTESIAN_POINT('Ctrl Pts',(-17.4851201539371,14.8255780981609,-3.));
#2864=CARTESIAN_POINT('Ctrl Pts',(-17.4851201539371,14.8255780981609,-3.04120377530337));
#2865=CARTESIAN_POINT('Ctrl Pts',(-17.4915693405178,14.8287616185121,-3.12953861146128));
#2866=CARTESIAN_POINT('Ctrl Pts',(-17.5282748044381,14.8776124924737,-3.38195302857932));
#2867=CARTESIAN_POINT('Ctrl Pts',(-17.5986376147721,15.0765866520352,-3.7510493708511));
#2868=CARTESIAN_POINT('Ctrl Pts',(-17.6691646011751,15.5191011513999,-4.05456770340707));
#2869=CARTESIAN_POINT('Ctrl Pts',(-17.6900801026247,15.8394671288187,-4.11628126789273));
#2870=CARTESIAN_POINT('Ctrl Pts',(-17.6900801026247,16.,-4.11628126789273));
#2871=CARTESIAN_POINT('Ctrl Pts',(-16.9030457633657,15.,-3.));
#2872=CARTESIAN_POINT('Ctrl Pts',(-16.9030457633657,15.,-3.04791397296931));
#2873=CARTESIAN_POINT('Ctrl Pts',(-16.9172780862584,15.0066860177613,-3.14640495883309));
#2874=CARTESIAN_POINT('Ctrl Pts',(-16.992421713742,15.0580190165561,-3.38026267759532));
#2875=CARTESIAN_POINT('Ctrl Pts',(-17.1289986904829,15.23121645876,-3.69232139667024));
#2876=CARTESIAN_POINT('Ctrl Pts',(-17.2634849252739,15.6027037902289,-3.94806417909193));
#2877=CARTESIAN_POINT('Ctrl Pts',(-17.3020305089104,15.8712332165526,-4.));
#2878=CARTESIAN_POINT('Ctrl Pts',(-17.3020305089104,16.,-4.));
#2879=CARTESIAN_POINT('Ctrl Pts',(-16.6,15.,-3.));
#2880=CARTESIAN_POINT('Ctrl Pts',(-16.6,15.,-3.06172133998484));
#2881=CARTESIAN_POINT('Ctrl Pts',(-16.6204081632653,15.0112130260555,-3.18322657994294));
#2882=CARTESIAN_POINT('Ctrl Pts',(-16.7195335276968,15.0811119298049,-3.43401406523936));
#2883=CARTESIAN_POINT('Ctrl Pts',(-16.8900874635569,15.269125703,-3.72821610545758));
#2884=CARTESIAN_POINT('Ctrl Pts',(-17.0540816326531,15.634033111964,-3.95765719681154));
#2885=CARTESIAN_POINT('Ctrl Pts',(-17.1,15.8842724875284,-4.));
#2886=CARTESIAN_POINT('Ctrl Pts',(-17.1,16.,-4.));
#2887=CARTESIAN_POINT('',(-18.1,16.,-5.));
#2888=CARTESIAN_POINT('',(-18.1,13.5,-3.));
#2889=CARTESIAN_POINT('Ctrl Pts',(-18.1,16.,-5.));
#2890=CARTESIAN_POINT('Ctrl Pts',(-18.1,15.7685449750569,-5.));
#2891=CARTESIAN_POINT('Ctrl Pts',(-18.1,15.2661057734119,-4.96376271748942));
#2892=CARTESIAN_POINT('Ctrl Pts',(-18.1,14.406518189723,-4.62967589691029));
#2893=CARTESIAN_POINT('Ctrl Pts',(-18.1,13.8172567230656,-4.04804067615191));
#2894=CARTESIAN_POINT('Ctrl Pts',(-18.1,13.5486502259763,-3.45680210012759));
#2895=CARTESIAN_POINT('Ctrl Pts',(-18.1,13.5,-3.15430334996209));
#2896=CARTESIAN_POINT('Ctrl Pts',(-18.1,13.5,-3.));
#2897=CARTESIAN_POINT('',(-16.6,15.,-3.));
#2898=CARTESIAN_POINT('Origin',(-16.6,13.5,-3.));
#2899=CARTESIAN_POINT('',(-17.1,16.,-4.));
#2900=CARTESIAN_POINT('Ctrl Pts',(-16.6,15.,-3.));
#2901=CARTESIAN_POINT('Ctrl Pts',(-16.6,15.,-3.06172133998484));
#2902=CARTESIAN_POINT('Ctrl Pts',(-16.6204081632653,15.0112130260555,-3.18322657994294));
#2903=CARTESIAN_POINT('Ctrl Pts',(-16.7195335276968,15.0811119298049,-3.43401406523936));
#2904=CARTESIAN_POINT('Ctrl Pts',(-16.8900874635569,15.269125703,-3.72821610545758));
#2905=CARTESIAN_POINT('Ctrl Pts',(-17.0540816326531,15.634033111964,-3.95765719681154));
#2906=CARTESIAN_POINT('Ctrl Pts',(-17.1,15.8842724875284,-4.));
#2907=CARTESIAN_POINT('Ctrl Pts',(-17.1,16.,-4.));
#2908=CARTESIAN_POINT('Origin',(-17.1,16.,-5.));
#2909=CARTESIAN_POINT('Origin',(-16.6,13.5,0.));
#2910=CARTESIAN_POINT('',(-18.1,13.5,5.05));
#2911=CARTESIAN_POINT('',(-16.6,15.,5.05));
#2912=CARTESIAN_POINT('Origin',(-16.6,13.5,5.05));
#2913=CARTESIAN_POINT('',(-16.6,15.,0.));
#2914=CARTESIAN_POINT('',(-18.1,13.5,0.));
#2915=CARTESIAN_POINT('Origin',(-6.85,16.,-3.));
#2916=CARTESIAN_POINT('',(-6.85,16.,-4.));
#2917=CARTESIAN_POINT('',(-6.85,15.,-3.));
#2918=CARTESIAN_POINT('Origin',(21.9,16.44,-6.5));
#2919=CARTESIAN_POINT('',(26.9,16.44,-6.5));
#2920=CARTESIAN_POINT('',(21.9,21.44,-6.5));
#2921=CARTESIAN_POINT('Origin',(21.9,16.44,-6.5));
#2922=CARTESIAN_POINT('Origin',(25.9,16.44,-6.5));
#2923=CARTESIAN_POINT('Origin',(21.9,20.44,-6.5));
#2924=CARTESIAN_POINT('Origin',(25.9,7.5,-6.5));
#2925=CARTESIAN_POINT('',(26.9,7.5,-6.5));
#2926=CARTESIAN_POINT('Origin',(15.65,20.44,-6.5));
#2927=CARTESIAN_POINT('',(15.65,21.44,-6.5));
#2928=CARTESIAN_POINT('Origin',(-13.1,16.44,-5.));
#2929=CARTESIAN_POINT('',(-13.1,21.44,-5.));
#2930=CARTESIAN_POINT('',(-13.1,20.44,-4.));
#2931=CARTESIAN_POINT('Origin',(-13.1,20.44,-5.));
#2932=CARTESIAN_POINT('',(-18.1,16.44,-5.));
#2933=CARTESIAN_POINT('Origin',(-13.1,16.44,-5.));
#2934=CARTESIAN_POINT('',(-17.1,16.44,-4.));
#2935=CARTESIAN_POINT('Origin',(-17.1,16.44,-5.));
#2936=CARTESIAN_POINT('Origin',(-13.1,16.44,-4.));
#2937=CARTESIAN_POINT('Origin',(-13.1,16.44,-3.75));
#2938=CARTESIAN_POINT('',(-13.1,21.44,-3.75));
#2939=CARTESIAN_POINT('',(-18.1,16.44,-3.75));
#2940=CARTESIAN_POINT('Origin',(-17.1,1.61,-5.));
#2941=CARTESIAN_POINT('',(-17.1,1.61,-4.));
#2942=CARTESIAN_POINT('',(-18.1,1.61,-5.));
#2943=CARTESIAN_POINT('Origin',(21.9,16.44,-5.));
#2944=CARTESIAN_POINT('',(26.9,16.44,-5.));
#2945=CARTESIAN_POINT('',(25.9,16.44,-4.));
#2946=CARTESIAN_POINT('Origin',(25.9,16.44,-5.));
#2947=CARTESIAN_POINT('',(21.9,21.44,-5.));
#2948=CARTESIAN_POINT('Origin',(21.9,16.44,-5.));
#2949=CARTESIAN_POINT('',(21.9,20.44,-4.));
#2950=CARTESIAN_POINT('Origin',(21.9,20.44,-5.));
#2951=CARTESIAN_POINT('Origin',(21.9,16.44,-4.));
#2952=CARTESIAN_POINT('Origin',(21.9,16.44,-3.75));
#2953=CARTESIAN_POINT('',(26.9,16.44,-3.75));
#2954=CARTESIAN_POINT('',(21.9,21.44,-3.75));
#2955=CARTESIAN_POINT('Origin',(15.65,20.44,-5.));
#2956=CARTESIAN_POINT('',(15.65,20.44,-4.));
#2957=CARTESIAN_POINT('',(15.65,21.44,-5.));
#2958=CARTESIAN_POINT('Ctrl Pts',(26.9,16.,-5.));
#2959=CARTESIAN_POINT('Ctrl Pts',(26.9,15.6913933000758,-5.));
#2960=CARTESIAN_POINT('Ctrl Pts',(26.9,15.0393663523396,-4.93296507351419));
#2961=CARTESIAN_POINT('Ctrl Pts',(26.9,14.3867520468652,-4.56658658177147));
#2962=CARTESIAN_POINT('Ctrl Pts',(26.9,13.865360119179,-4.0841656546294));
#2963=CARTESIAN_POINT('Ctrl Pts',(26.9,13.6157665956137,-3.68050891268404));
#2964=CARTESIAN_POINT('Ctrl Pts',(26.9,13.5210106109814,-3.26761661588101));
#2965=CARTESIAN_POINT('Ctrl Pts',(26.9,13.5052502230101,-3.13430943048265));
#2966=CARTESIAN_POINT('Ctrl Pts',(26.9,13.5007746456498,-3.05777266474189));
#2967=CARTESIAN_POINT('Ctrl Pts',(26.9,13.5,-3.01928791874526));
#2968=CARTESIAN_POINT('Ctrl Pts',(26.9,13.5,-3.));
#2969=CARTESIAN_POINT('Ctrl Pts',(26.9,16.,-4.86531299405971));
#2970=CARTESIAN_POINT('Ctrl Pts',(26.9,15.7003083138358,-4.86531299405971));
#2971=CARTESIAN_POINT('Ctrl Pts',(26.9000247709796,15.0800450911853,-4.78968266793082));
#2972=CARTESIAN_POINT('Ctrl Pts',(26.8999764142845,14.4800710246684,-4.42852496405188));
#2973=CARTESIAN_POINT('Ctrl Pts',(26.8999255143934,14.011032279475,-3.96869044731216));
#2974=CARTESIAN_POINT('Ctrl Pts',(26.8999473509745,13.7964603029535,-3.59448973813775));
#2975=CARTESIAN_POINT('Ctrl Pts',(26.8999895600535,13.7191063156073,-3.23176232729943));
#2976=CARTESIAN_POINT('Ctrl Pts',(26.8999969034081,13.7062523229363,-3.11598328248174));
#2977=CARTESIAN_POINT('Ctrl Pts',(26.8999994497872,13.7026568135584,-3.04982606840215));
#2978=CARTESIAN_POINT('Ctrl Pts',(26.9,13.7020305089104,-3.01662849626196));
#2979=CARTESIAN_POINT('Ctrl Pts',(26.9,13.7020305089104,-3.));
#2980=CARTESIAN_POINT('Ctrl Pts',(26.8447333278285,16.,-4.57173353097336));
#2981=CARTESIAN_POINT('Ctrl Pts',(26.8447333278285,15.7246821430501,-4.57173353097336));
#2982=CARTESIAN_POINT('Ctrl Pts',(26.8406118584752,15.1782452170705,-4.47765195433525));
#2983=CARTESIAN_POINT('Ctrl Pts',(26.8325076602792,14.6951772419788,-4.13243620321042));
#2984=CARTESIAN_POINT('Ctrl Pts',(26.8246726388123,14.3394517336995,-3.72626984279117));
#2985=CARTESIAN_POINT('Ctrl Pts',(26.8197454754965,14.1964151886892,-3.41805730255654));
#2986=CARTESIAN_POINT('Ctrl Pts',(26.8175856427317,14.1520520500173,-3.15879208960132));
#2987=CARTESIAN_POINT('Ctrl Pts',(26.8172244010973,14.1447131755995,-3.07876833426957));
#2988=CARTESIAN_POINT('Ctrl Pts',(26.8171181237118,14.1427580919313,-3.03371204481385));
#2989=CARTESIAN_POINT('Ctrl Pts',(26.8170999917427,14.14239970354,-3.01122866071683));
#2990=CARTESIAN_POINT('Ctrl Pts',(26.8170999917427,14.14239970354,-3.));
#2991=CARTESIAN_POINT('Ctrl Pts',(26.4901236925976,16.,-4.11635883979117));
#2992=CARTESIAN_POINT('Ctrl Pts',(26.4901236925976,15.7859561717583,-4.11635883979117));
#2993=CARTESIAN_POINT('Ctrl Pts',(26.4555567324616,15.3822139999492,-4.0079537390635));
#2994=CARTESIAN_POINT('Ctrl Pts',(26.3931925901569,15.0844019317556,-3.71657335041338));
#2995=CARTESIAN_POINT('Ctrl Pts',(26.3348651123425,14.8916904355895,-3.41245207544702));
#2996=CARTESIAN_POINT('Ctrl Pts',(26.3007750042782,14.837616721707,-3.20901068903824));
#2997=CARTESIAN_POINT('Ctrl Pts',(26.2880150370838,14.8274914943639,-3.07522323131682));
#2998=CARTESIAN_POINT('Ctrl Pts',(26.2858886711577,14.8258670895996,-3.03656141031396));
#2999=CARTESIAN_POINT('Ctrl Pts',(26.2852907161604,14.825532692186,-3.01551579567191));
#3000=CARTESIAN_POINT('Ctrl Pts',(26.2851855388964,14.8254617403132,-3.00515047191292));
#3001=CARTESIAN_POINT('Ctrl Pts',(26.2851855388964,14.8254617403132,-3.));
#3002=CARTESIAN_POINT('Ctrl Pts',(26.1020305089104,16.,-4.));
#3003=CARTESIAN_POINT('Ctrl Pts',(26.1020305089104,15.8283109554035,-4.));
#3004=CARTESIAN_POINT('Ctrl Pts',(26.0379743233788,15.4874257077605,-3.90819456056427));
#3005=CARTESIAN_POINT('Ctrl Pts',(25.9183524522898,15.2359803612919,-3.66283314407482));
#3006=CARTESIAN_POINT('Ctrl Pts',(25.8049207765209,15.0701822951054,-3.40407309131468));
#3007=CARTESIAN_POINT('Ctrl Pts',(25.7366032714489,15.0174867777606,-3.22558179268947));
#3008=CARTESIAN_POINT('Ctrl Pts',(25.7091696346734,15.0030394070701,-3.08508225873191));
#3009=CARTESIAN_POINT('Ctrl Pts',(25.7045882272511,15.0007246228064,-3.0420804108523));
#3010=CARTESIAN_POINT('Ctrl Pts',(25.7032724326344,15.0001248094323,-3.01801204630947));
#3011=CARTESIAN_POINT('Ctrl Pts',(25.7030457633657,15.,-3.00598924662116));
#3012=CARTESIAN_POINT('Ctrl Pts',(25.7030457633657,15.,-3.));
#3013=CARTESIAN_POINT('Ctrl Pts',(25.9,16.,-4.));
#3014=CARTESIAN_POINT('Ctrl Pts',(25.9,15.8456966500379,-4.));
#3015=CARTESIAN_POINT('Ctrl Pts',(25.8234693877551,15.5247364065302,-3.92384705243505));
#3016=CARTESIAN_POINT('Ctrl Pts',(25.6762390670554,15.271896878715,-3.70064128668142));
#3017=CARTESIAN_POINT('Ctrl Pts',(25.5348396501458,15.0946973768322,-3.45398045091677));
#3018=CARTESIAN_POINT('Ctrl Pts',(25.4466472303207,15.0279741449011,-3.27475921302159));
#3019=CARTESIAN_POINT('Ctrl Pts',(25.4085641399417,15.0049800745831,-3.10738620708602));
#3020=CARTESIAN_POINT('Ctrl Pts',(25.4021865889213,15.0012300336815,-3.05373961653712));
#3021=CARTESIAN_POINT('Ctrl Pts',(25.400318877551,15.0001817955851,-3.02311564406963));
#3022=CARTESIAN_POINT('Ctrl Pts',(25.4,15.,-3.0077151674981));
#3023=CARTESIAN_POINT('Ctrl Pts',(25.4,15.,-3.));
#3024=CARTESIAN_POINT('',(25.4,15.,-3.));
#3025=CARTESIAN_POINT('',(25.9,16.,-4.));
#3026=CARTESIAN_POINT('Ctrl Pts',(25.9,16.,-4.));
#3027=CARTESIAN_POINT('Ctrl Pts',(25.9,15.8456966500379,-4.));
#3028=CARTESIAN_POINT('Ctrl Pts',(25.8234693877551,15.5247364065302,-3.92384705243505));
#3029=CARTESIAN_POINT('Ctrl Pts',(25.6762390670554,15.271896878715,-3.70064128668142));
#3030=CARTESIAN_POINT('Ctrl Pts',(25.5348396501458,15.0946973768322,-3.45398045091677));
#3031=CARTESIAN_POINT('Ctrl Pts',(25.4466472303207,15.0279741449011,-3.27475921302159));
#3032=CARTESIAN_POINT('Ctrl Pts',(25.4085641399417,15.0049800745831,-3.10738620708602));
#3033=CARTESIAN_POINT('Ctrl Pts',(25.4021865889213,15.0012300336815,-3.05373961653712));
#3034=CARTESIAN_POINT('Ctrl Pts',(25.400318877551,15.0001817955851,-3.02311564406963));
#3035=CARTESIAN_POINT('Ctrl Pts',(25.4,15.,-3.0077151674981));
#3036=CARTESIAN_POINT('Ctrl Pts',(25.4,15.,-3.));
#3037=CARTESIAN_POINT('',(26.9,13.5,-3.));
#3038=CARTESIAN_POINT('Origin',(25.4,13.5,-3.));
#3039=CARTESIAN_POINT('',(26.9,16.,-5.));
#3040=CARTESIAN_POINT('Ctrl Pts',(26.9,13.5,-3.));
#3041=CARTESIAN_POINT('Ctrl Pts',(26.9,13.5,-3.01928791874526));
#3042=CARTESIAN_POINT('Ctrl Pts',(26.9,13.5007746456498,-3.05777266474189));
#3043=CARTESIAN_POINT('Ctrl Pts',(26.9,13.5052502230101,-3.13430943048265));
#3044=CARTESIAN_POINT('Ctrl Pts',(26.9,13.5210106109814,-3.26761661588101));
#3045=CARTESIAN_POINT('Ctrl Pts',(26.9,13.6157665956137,-3.68050891268404));
#3046=CARTESIAN_POINT('Ctrl Pts',(26.9,13.865360119179,-4.0841656546294));
#3047=CARTESIAN_POINT('Ctrl Pts',(26.9,14.3867520468652,-4.56658658177147));
#3048=CARTESIAN_POINT('Ctrl Pts',(26.9,15.0393663523396,-4.93296507351419));
#3049=CARTESIAN_POINT('Ctrl Pts',(26.9,15.6913933000758,-5.));
#3050=CARTESIAN_POINT('Ctrl Pts',(26.9,16.,-5.));
#3051=CARTESIAN_POINT('Origin',(25.9,16.,-5.));
#3052=CARTESIAN_POINT('Origin',(25.4,13.5,0.));
#3053=CARTESIAN_POINT('',(25.4,15.,5.05));
#3054=CARTESIAN_POINT('',(26.9,13.5,5.05));
#3055=CARTESIAN_POINT('Origin',(25.4,13.5,5.05));
#3056=CARTESIAN_POINT('',(26.9,13.5,0.));
#3057=CARTESIAN_POINT('',(25.4,15.,0.));
#3058=CARTESIAN_POINT('Origin',(25.9,16.61,-5.));
#3059=CARTESIAN_POINT('',(25.9,16.61,-4.));
#3060=CARTESIAN_POINT('',(26.9,16.61,-5.));
#3061=CARTESIAN_POINT('Origin',(-6.85,16.,-3.));
#3062=CARTESIAN_POINT('',(-6.85,15.,-3.));
#3063=CARTESIAN_POINT('',(-6.85,16.,-4.));
#3064=CARTESIAN_POINT('Origin',(21.9,-16.44,-3.75));
#3065=CARTESIAN_POINT('',(21.9,-21.44,-3.75));
#3066=CARTESIAN_POINT('',(26.9,-16.44,-3.75));
#3067=CARTESIAN_POINT('Origin',(15.65,-20.44,-6.5));
#3068=CARTESIAN_POINT('',(15.65,-21.44,-6.5));
#3069=CARTESIAN_POINT('Origin',(-13.1,-16.44,-3.75));
#3070=CARTESIAN_POINT('',(-18.1,-16.44,-3.75));
#3071=CARTESIAN_POINT('',(-13.1,-21.44,-3.75));
#3072=CARTESIAN_POINT('Origin',(25.9,-1.61,-5.));
#3073=CARTESIAN_POINT('',(26.9,-1.61,-5.));
#3074=CARTESIAN_POINT('Origin',(15.65,-20.44,-5.));
#3075=CARTESIAN_POINT('',(15.65,-21.44,-5.));
#3076=CARTESIAN_POINT('Origin',(-17.1,-16.61,-5.));
#3077=CARTESIAN_POINT('',(-18.1,-16.61,-5.));
#3078=CARTESIAN_POINT('Origin',(15.65,-16.,-3.));
#3079=CARTESIAN_POINT('',(15.65,-15.,-3.));
#3080=CARTESIAN_POINT('Origin',(4.4,18.22,-4.));
#3081=CARTESIAN_POINT('Origin',(-18.1,-15.,0.));
#3082=CARTESIAN_POINT('',(-18.1,-5.2,5.05));
#3083=CARTESIAN_POINT('',(-18.1,-2.6,5.05));
#3084=CARTESIAN_POINT('',(-18.1,-5.2,0.));
#3085=CARTESIAN_POINT('',(-18.1,-5.2,0.));
#3086=CARTESIAN_POINT('',(-18.1,5.2,0.));
#3087=CARTESIAN_POINT('',(-18.1,-15.,0.));
#3088=CARTESIAN_POINT('',(-18.1,5.2,5.05));
#3089=CARTESIAN_POINT('',(-18.1,5.2,0.));
#3090=CARTESIAN_POINT('',(-18.1,7.5,5.05));
#3091=CARTESIAN_POINT('Origin',(26.9,21.44,-7.5));
#3092=CARTESIAN_POINT('Origin',(26.9,-21.44,-7.5));
#3093=CARTESIAN_POINT('Origin',(16.8,-6.00000008940697,5.05));
#3094=CARTESIAN_POINT('',(16.8,-6.00000008940697,0.));
#3095=CARTESIAN_POINT('',(-16.8,-6.00000008940697,0.));
#3096=CARTESIAN_POINT('',(10.6,-6.00000008940697,0.));
#3097=CARTESIAN_POINT('',(16.8,-6.00000008940697,-6.));
#3098=CARTESIAN_POINT('',(16.8,-6.00000008940697,5.05));
#3099=CARTESIAN_POINT('',(-16.8,-6.00000008940697,-6.));
#3100=CARTESIAN_POINT('',(16.8,-6.00000008940697,-6.));
#3101=CARTESIAN_POINT('',(-16.8,-6.00000008940697,5.05));
#3102=CARTESIAN_POINT('Origin',(4.44089209850063E-15,7.64999977590885,-6.));
#3103=CARTESIAN_POINT('',(-16.8,9.3,-6.));
#3104=CARTESIAN_POINT('',(-16.8,9.3,-6.));
#3105=CARTESIAN_POINT('',(16.8,9.3,-6.));
#3106=CARTESIAN_POINT('',(16.8,5.9999995518177,-6.));
#3107=CARTESIAN_POINT('',(16.8,9.3,-6.));
#3108=CARTESIAN_POINT('Origin',(16.8,9.3,0.));
#3109=CARTESIAN_POINT('',(16.8,-9.3,0.));
#3110=CARTESIAN_POINT('',(16.8,4.65,0.));
#3111=CARTESIAN_POINT('',(16.8,-9.3,5.05));
#3112=CARTESIAN_POINT('',(16.8,-9.3,0.));
#3113=CARTESIAN_POINT('',(16.8,9.3,5.05));
#3114=CARTESIAN_POINT('',(16.8,4.65,5.05));
#3115=CARTESIAN_POINT('',(16.8,9.3,5.05));
#3116=CARTESIAN_POINT('Origin',(4.4,0.,0.));
#3117=CARTESIAN_POINT('',(-16.8,-5.2,0.));
#3118=CARTESIAN_POINT('',(-16.8,5.2,0.));
#3119=CARTESIAN_POINT('',(-16.8,-3.00000004470348,0.));
#3120=CARTESIAN_POINT('',(-6.85,5.2,0.));
#3121=CARTESIAN_POINT('',(-6.2,-5.2,0.));
#3122=CARTESIAN_POINT('Origin',(4.4,0.,0.));
#3123=CARTESIAN_POINT('',(-16.8,-9.3,0.));
#3124=CARTESIAN_POINT('',(-16.8,-4.65,0.));
#3125=CARTESIAN_POINT('',(-12.8,-9.3,0.));
#3126=CARTESIAN_POINT('',(-4.2,-9.3,0.));
#3127=CARTESIAN_POINT('',(-12.8,-10.3,0.));
#3128=CARTESIAN_POINT('',(-12.8,-5.15,0.));
#3129=CARTESIAN_POINT('',(-7.8,-10.3,0.));
#3130=CARTESIAN_POINT('',(-1.7,-10.3,0.));
#3131=CARTESIAN_POINT('',(-7.8,-9.3,0.));
#3132=CARTESIAN_POINT('',(-7.8,-4.65,0.));
#3133=CARTESIAN_POINT('',(10.6,-9.3,0.));
#3134=CARTESIAN_POINT('Origin',(22.4,11.5,-4.5));
#3135=CARTESIAN_POINT('',(23.6,11.5,-4.5));
#3136=CARTESIAN_POINT('Origin',(22.4,11.5,-4.5));
#3137=CARTESIAN_POINT('Origin',(22.4,11.5,0.7775));
#3138=CARTESIAN_POINT('',(23.6,11.5,5.05));
#3139=CARTESIAN_POINT('',(23.6,11.5,0.7775));
#3140=CARTESIAN_POINT('Origin',(22.4,11.5,5.05));
#3141=CARTESIAN_POINT('Origin',(-13.6,-11.5,-4.5));
#3142=CARTESIAN_POINT('',(-12.4,-11.5,-4.5));
#3143=CARTESIAN_POINT('Origin',(-13.6,-11.5,-4.5));
#3144=CARTESIAN_POINT('Origin',(-13.6,-11.5,0.7775));
#3145=CARTESIAN_POINT('',(-12.4,-11.5,5.05));
#3146=CARTESIAN_POINT('',(-12.4,-11.5,0.7775));
#3147=CARTESIAN_POINT('Origin',(-13.6,-11.5,5.05));
#3148=CARTESIAN_POINT('Origin',(-13.6,11.5,-4.5));
#3149=CARTESIAN_POINT('',(-12.4,11.5,-4.5));
#3150=CARTESIAN_POINT('Origin',(-13.6,11.5,-4.5));
#3151=CARTESIAN_POINT('Origin',(-13.6,11.5,0.7775));
#3152=CARTESIAN_POINT('',(-12.4,11.5,5.05));
#3153=CARTESIAN_POINT('',(-12.4,11.5,0.7775));
#3154=CARTESIAN_POINT('Origin',(-13.6,11.5,5.05));
#3155=CARTESIAN_POINT('Origin',(22.4,-11.5,-4.5));
#3156=CARTESIAN_POINT('',(23.6,-11.5,-4.5));
#3157=CARTESIAN_POINT('Origin',(22.4,-11.5,-4.5));
#3158=CARTESIAN_POINT('Origin',(22.4,-11.5,0.7775));
#3159=CARTESIAN_POINT('',(23.6,-11.5,5.05));
#3160=CARTESIAN_POINT('',(23.6,-11.5,0.7775));
#3161=CARTESIAN_POINT('Origin',(22.4,-11.5,5.05));
#3162=CARTESIAN_POINT('Origin',(19.4,-18.6,-7.5));
#3163=CARTESIAN_POINT('',(19.4,-15.,-3.75));
#3164=CARTESIAN_POINT('Origin',(26.9,-15.,0.));
#3165=CARTESIAN_POINT('',(-6.85,-15.,5.05));
#3166=CARTESIAN_POINT('Origin',(-16.8,-5.2,0.));
#3167=CARTESIAN_POINT('',(-16.8,-5.2,5.05));
#3168=CARTESIAN_POINT('',(-6.2,-5.2,5.05));
#3169=CARTESIAN_POINT('',(-16.8,-5.2,0.));
#3170=CARTESIAN_POINT('Origin',(-16.8,-9.3,0.));
#3171=CARTESIAN_POINT('',(-16.8,-9.3,5.05));
#3172=CARTESIAN_POINT('',(-16.8,-4.65,5.05));
#3173=CARTESIAN_POINT('',(-16.8,-9.3,0.));
#3174=CARTESIAN_POINT('',(-16.8,9.3,5.05));
#3175=CARTESIAN_POINT('',(-16.8,9.3,5.05));
#3176=CARTESIAN_POINT('',(-16.8,5.2,5.05));
#3177=CARTESIAN_POINT('',(-16.8,2.6,5.05));
#3178=CARTESIAN_POINT('',(-16.8,5.2,0.));
#3179=CARTESIAN_POINT('Origin',(-12.8,-9.3,0.));
#3180=CARTESIAN_POINT('',(-12.8,-9.3,5.05));
#3181=CARTESIAN_POINT('',(-4.2,-9.3,5.05));
#3182=CARTESIAN_POINT('',(-12.8,-9.3,0.));
#3183=CARTESIAN_POINT('Origin',(-12.8,-10.3,0.));
#3184=CARTESIAN_POINT('',(-12.8,-10.3,5.05));
#3185=CARTESIAN_POINT('',(-12.8,-5.15,5.05));
#3186=CARTESIAN_POINT('',(-12.8,-10.3,0.));
#3187=CARTESIAN_POINT('Origin',(-7.8,-10.3,0.));
#3188=CARTESIAN_POINT('',(-7.8,-10.3,5.05));
#3189=CARTESIAN_POINT('',(-1.7,-10.3,5.05));
#3190=CARTESIAN_POINT('',(-7.8,-10.3,0.));
#3191=CARTESIAN_POINT('Origin',(-7.8,-9.3,0.));
#3192=CARTESIAN_POINT('',(-7.8,-9.3,5.05));
#3193=CARTESIAN_POINT('',(-7.8,-4.65,5.05));
#3194=CARTESIAN_POINT('',(-7.8,-9.3,0.));
#3195=CARTESIAN_POINT('Origin',(16.8,-9.3,0.));
#3196=CARTESIAN_POINT('',(10.6,-9.3,5.05));
#3197=CARTESIAN_POINT('Origin',(-16.8,9.3,0.));
#3198=CARTESIAN_POINT('',(-6.2,9.3,5.05));
#3199=CARTESIAN_POINT('Origin',(-18.1,5.2,0.));
#3200=CARTESIAN_POINT('',(-6.85,5.2,5.05));
#3201=CARTESIAN_POINT('Origin',(4.4,0.,5.05));
#3202=CARTESIAN_POINT('',(15.65,15.,5.05));
#3203=CARTESIAN_POINT('',(26.9,-7.5,5.05));
#3204=CARTESIAN_POINT('Origin',(26.9,15.,0.));
#3205=CARTESIAN_POINT('Origin',(-18.1,15.,0.));
#3206=UNCERTAINTY_MEASURE_WITH_UNIT(LENGTH_MEASURE(0.01),#3210,
'DISTANCE_ACCURACY_VALUE',
'Maximum model space distance between geometric entities at asserted c
onnectivities');
#3207=UNCERTAINTY_MEASURE_WITH_UNIT(LENGTH_MEASURE(0.01),#3210,
'DISTANCE_ACCURACY_VALUE',
'Maximum model space distance between geometric entities at asserted c
onnectivities');
#3208=(
GEOMETRIC_REPRESENTATION_CONTEXT(3)
GLOBAL_UNCERTAINTY_ASSIGNED_CONTEXT((#3206))
GLOBAL_UNIT_ASSIGNED_CONTEXT((#3210,#3212,#3213))
REPRESENTATION_CONTEXT('','3D')
);
#3209=(
GEOMETRIC_REPRESENTATION_CONTEXT(3)
GLOBAL_UNCERTAINTY_ASSIGNED_CONTEXT((#3207))
GLOBAL_UNIT_ASSIGNED_CONTEXT((#3210,#3212,#3213))
REPRESENTATION_CONTEXT('','3D')
);
#3210=(
LENGTH_UNIT()
NAMED_UNIT(*)
SI_UNIT(.MILLI.,.METRE.)
);
#3211=(
LENGTH_UNIT()
NAMED_UNIT(*)
SI_UNIT($,.METRE.)
);
#3212=(
NAMED_UNIT(*)
PLANE_ANGLE_UNIT()
SI_UNIT($,.RADIAN.)
);
#3213=(
NAMED_UNIT(*)
SI_UNIT($,.STERADIAN.)
SOLID_ANGLE_UNIT()
);
#3214=SHAPE_DEFINITION_REPRESENTATION(#3215,#3216);
#3215=PRODUCT_DEFINITION_SHAPE('',$,#3218);
#3216=SHAPE_REPRESENTATION('',(#1698),#3208);
#3217=PRODUCT_DEFINITION_CONTEXT('part definition',#3222,'design');
#3218=PRODUCT_DEFINITION('Bottom (1)','Bottom (1)',#3219,#3217);
#3219=PRODUCT_DEFINITION_FORMATION('',$,#3224);
#3220=PRODUCT_RELATED_PRODUCT_CATEGORY('Bottom (1)','Bottom (1)',(#3224));
#3221=APPLICATION_PROTOCOL_DEFINITION('international standard',
'automotive_design',2009,#3222);
#3222=APPLICATION_CONTEXT(
'Core Data for Automotive Mechanical Design Process');
#3223=PRODUCT_CONTEXT('part definition',#3222,'mechanical');
#3224=PRODUCT('Bottom (1)','Bottom (1)',$,(#3223));
#3225=PRESENTATION_STYLE_ASSIGNMENT((#3226));
#3226=SURFACE_STYLE_USAGE(.BOTH.,#3227);
#3227=SURFACE_SIDE_STYLE('',(#3228));
#3228=SURFACE_STYLE_FILL_AREA(#3229);
#3229=FILL_AREA_STYLE('Steel - Satin',(#3230));
#3230=FILL_AREA_STYLE_COLOUR('Steel - Satin',#3231);
#3231=COLOUR_RGB('Steel - Satin',0.627450980392157,0.627450980392157,0.627450980392157);
ENDSEC;
END-ISO-10303-21;
